scenario,duration_years
baseline,12.130441811416274
baseline,11.364816898004229
baseline,12.39539856824686
baseline,12.51017078132661
baseline,10.873834161535076
baseline,11.221272862160498
baseline,12.02688682645681
baseline,11.77070012126376
baseline,11.942864427005494
baseline,11.468287317797339
baseline,12.473128063560877
baseline,12.41183884931728
baseline,11.990909490732173
baseline,12.62390793104209
baseline,12.226543278037312
baseline,11.464813530373064
baseline,12.1681519716639
baseline,11.40959036816894
baseline,12.472555018857404
baseline,11.923695424294355
baseline,11.845928011525853
baseline,11.564389167739208
baseline,12.682372176312638
baseline,11.863365095745213
baseline,11.706900291131193
baseline,11.75023273621002
baseline,12.265009429280175
baseline,12.166201723543965
baseline,12.194121644170746
baseline,12.204818353821386
baseline,13.260385537486199
baseline,11.719345837412535
baseline,11.659362938435738
baseline,11.490143844603852
baseline,12.314857428154372
baseline,12.624967488316583
baseline,11.886734341788797
baseline,11.475455262056025
baseline,11.48417984721583
baseline,12.335538476732673
baseline,12.391074562218844
baseline,12.271459111464626
baseline,11.573038418743826
baseline,12.087854950810874
baseline,12.020386095219376
baseline,12.079963656334705
baseline,12.468310028390816
baseline,12.082837174085004
baseline,12.35248576137738
baseline,11.991809422268517
baseline,12.121273980889494
baseline,12.323999940502905
baseline,11.137286851557091
baseline,11.768743346724175
baseline,11.683057804738056
baseline,11.58799200682198
baseline,11.794182270623015
baseline,12.850988451252501
baseline,11.46117958903529
baseline,12.526990621899955
baseline,11.016095708289404
baseline,11.760064507101989
baseline,12.047256269742899
baseline,12.29710581960643
baseline,12.371850624099967
baseline,12.421202204029264
baseline,11.752174935949554
baseline,11.687602446605478
baseline,12.460180891675284
baseline,11.842228120407839
baseline,11.235693881596758
baseline,11.313525841275297
baseline,11.431422589228896
baseline,12.24412971077171
baseline,12.03539227647885
baseline,12.359417112109215
baseline,11.707510635357863
baseline,12.04479617877119
baseline,12.32059636268132
baseline,11.774636807488598
baseline,12.220183078157296
baseline,11.575049546059931
baseline,11.74401236808449
baseline,11.733377325617317
baseline,11.27926961572611
baseline,12.238084120589319
baseline,11.683607492835318
baseline,11.95983516280555
baseline,12.234391272349033
baseline,12.214116343189653
baseline,12.344387351822741
baseline,11.895650323652454
baseline,11.709755664473304
baseline,11.90648130559536
baseline,11.013711950957427
baseline,11.142710414731873
baseline,11.210115958860674
baseline,11.388388676094426
baseline,12.186464400969472
baseline,11.439169522577172
baseline,11.735411675470914
baseline,12.729615345821708
baseline,11.747879595875018
baseline,12.387627869900795
baseline,11.423574503258502
baseline,11.834114876571185
baseline,11.414492719760178
baseline,11.757699338331214
baseline,12.449512959406858
baseline,10.992385885239239
baseline,12.206949929803212
baseline,12.091121454293402
baseline,11.61315011009224
baseline,11.143280078893891
baseline,11.994454582429228
baseline,11.649614991321377
baseline,12.088156635904314
baseline,11.965261010304586
baseline,12.91773498262796
baseline,11.81466685325364
baseline,11.37390428369389
baseline,12.056908291429686
baseline,12.08072960679069
baseline,12.766676629195175
baseline,12.446376781193436
baseline,12.16114697210515
baseline,12.83128905234346
baseline,11.283139802681312
baseline,11.587501131464004
baseline,11.427475176481693
baseline,11.728785755089607
baseline,11.180816415438647
baseline,12.326307859745572
baseline,11.824486553954614
baseline,11.129919640186952
baseline,11.378271492194981
baseline,12.135615352676822
baseline,12.448196346622796
baseline,13.167520677577963
baseline,13.766449458353009
baseline,12.195112848933704
baseline,11.392645650492508
baseline,10.778854000899516
baseline,12.108702409033917
baseline,11.490607145524242
baseline,11.71426541549658
baseline,11.603048956226381
baseline,11.87127131920824
baseline,12.586469034282748
baseline,12.043925667471273
baseline,11.86100359254054
baseline,11.367203072149547
baseline,11.020468139367448
baseline,11.67403411735918
baseline,11.921465632137341
baseline,13.022230692533682
baseline,12.028305864312927
baseline,12.535776351444055
baseline,11.666684737087817
baseline,11.28522912566486
baseline,11.406142408242824
baseline,11.539578629209577
baseline,13.251913811222154
baseline,11.485903002060844
baseline,12.448415193559192
baseline,11.440584885180922
baseline,12.504718456928122
baseline,12.177711113472284
baseline,11.862152223147246
baseline,11.92899509727279
baseline,11.579056412768198
baseline,12.2138446003363
baseline,11.691778918752693
baseline,11.263005141736219
baseline,11.23446773514698
baseline,12.053000578022463
baseline,12.903531844932495
baseline,12.045643865437565
baseline,11.884030731118948
baseline,12.119339197126113
baseline,12.73379663669262
baseline,12.080369966094885
baseline,11.716782003403077
baseline,12.611090484585276
baseline,12.203596980713511
baseline,12.876446298108563
baseline,12.059222067496966
baseline,11.263625828939405
baseline,11.18543902945213
baseline,12.948557685901749
baseline,12.994309286413356
baseline,11.84899769067383
baseline,11.732552710123096
baseline,12.830132755844446
baseline,11.32792789435359
baseline,11.445134179614522
baseline,12.331194242976633
baseline,11.726058873149352
baseline,11.94962800846906
baseline,11.858238475790408
baseline,12.149777234131442
baseline,12.796606567596687
baseline,12.005188685631905
baseline,12.331560088862563
baseline,10.821711221749226
baseline,11.924393655589894
baseline,11.47374522249282
baseline,11.266714657463591
baseline,11.454335040846741
baseline,11.760498808655734
baseline,12.49522202065962
baseline,11.20810918044365
baseline,11.97035358648053
baseline,11.675244668892256
baseline,11.76417780998844
baseline,12.547948502861775
baseline,12.268462042551192
baseline,12.753195860722814
baseline,11.863378789102226
baseline,11.555974325929629
baseline,11.823548461276397
baseline,12.093912193402199
baseline,12.05532916544779
baseline,11.3403778268143
baseline,12.005133333722604
baseline,12.085550768088893
baseline,13.50430051509761
baseline,13.091190070284263
baseline,11.468176434977284
baseline,11.78718354941827
baseline,11.133893566963733
baseline,11.615088936936216
baseline,12.136845526611483
baseline,12.67211505074876
baseline,11.537420420763146
baseline,11.579416432889943
baseline,10.77089402227272
baseline,11.858685272013663
baseline,11.352465085385928
baseline,11.649645088137264
baseline,11.455052335269269
baseline,11.898086600074473
baseline,10.976195953354203
baseline,11.13194900290134
baseline,13.252413418312933
baseline,11.22930319286691
baseline,11.333563925435463
baseline,13.06586516618656
baseline,13.760577617528845
baseline,11.29255009252796
baseline,11.741054315943414
baseline,12.152122013220206
baseline,12.997480338299086
baseline,11.39412657531632
baseline,11.811274454203408
baseline,12.411565459034003
baseline,12.207152555548586
baseline,11.73655350911684
baseline,11.875283211161634
baseline,11.18178683154535
baseline,11.815343983769214
baseline,11.799190272279956
baseline,12.08785997009656
baseline,11.635031259133163
baseline,12.228931517833635
baseline,12.554007893895522
baseline,12.042980434211053
baseline,12.158132315918584
baseline,11.98342882015015
baseline,11.952643736577263
baseline,11.541631063993409
baseline,12.137368692517406
baseline,11.896341929347672
baseline,13.229246199286713
baseline,12.899943203465568
baseline,12.178239786925804
baseline,11.518431735951546
baseline,11.324981506817526
baseline,12.66308003942496
baseline,12.10579026332163
baseline,12.234033510711702
baseline,10.98319033982773
baseline,12.502212191713628
baseline,12.218788192174598
baseline,11.326069079438705
baseline,11.682405137610912
baseline,12.106358277692486
baseline,11.983028900380818
baseline,11.784447299295882
baseline,11.89276478632955
baseline,11.807437970413618
baseline,12.041307110010697
baseline,12.836385001668722
baseline,10.554197602096064
baseline,11.816102284454146
baseline,12.05529355811947
baseline,12.12531379188806
baseline,11.738967590894159
baseline,10.97673151204201
baseline,12.144137104443931
baseline,12.996631129267973
baseline,11.095952126347026
baseline,12.46371648489372
baseline,11.763691725904755
baseline,11.917106406456336
baseline,11.357703606339062
baseline,11.760309064146012
baseline,12.730119178028191
baseline,12.29497959866504
baseline,12.999758288900018
baseline,12.654652527057545
baseline,12.20970946606484
baseline,13.007087165889256
baseline,12.20965411561478
baseline,12.442079499629973
baseline,11.781933387267474
baseline,11.99120887585842
baseline,11.555144438842941
baseline,12.539936772025191
baseline,11.288862510253882
baseline,12.4145820005854
baseline,11.84260326657568
baseline,12.650870686298392
baseline,12.395649626786978
baseline,13.05556227621086
baseline,12.38358042764728
baseline,11.075436042505249
baseline,11.913853937954032
baseline,11.29230890714927
baseline,11.655950438967704
baseline,12.861141346062151
baseline,12.32773180293282
baseline,11.554300385786622
baseline,11.379298520814341
baseline,11.971601402982461
baseline,11.267945250278395
baseline,11.569879381737247
baseline,12.134730444188389
baseline,12.641100468716486
baseline,12.310549189935317
baseline,10.695986136716625
baseline,12.1302358096373
baseline,11.99439880986143
baseline,12.19480596096671
baseline,12.92677726662396
baseline,10.8148602256842
baseline,11.614865688949857
baseline,12.29989834959879
baseline,11.070307924773068
baseline,12.839159431347882
baseline,12.167919479453328
baseline,12.453301317152896
baseline,11.626224589295077
baseline,12.433502463045578
baseline,12.587989396977061
baseline,12.088274882457023
baseline,12.089167222222617
baseline,12.110247183401139
baseline,11.462560996543981
baseline,11.867393223069865
baseline,11.864519715554447
baseline,12.176791996012039
baseline,12.546163995278212
baseline,11.35459981965593
baseline,11.88035992681314
baseline,12.842587936996775
baseline,11.52930965597492
baseline,11.485422236653038
baseline,12.070375075157267
baseline,12.45197390278576
baseline,11.959216049904414
baseline,12.747979559498859
baseline,12.459466964476222
baseline,12.450425515618955
baseline,12.277981930723225
baseline,13.380546316663835
baseline,11.834273186881045
baseline,10.846206782257527
baseline,12.919285651790899
baseline,11.690239301801661
baseline,12.015256956078037
baseline,12.735987973652428
baseline,11.059224226700895
baseline,11.248795204697947
baseline,11.059750454987594
baseline,11.501088278362785
baseline,12.210034948603132
baseline,12.260181815847988
baseline,12.1137291946108
baseline,11.161278187801575
baseline,10.686238069544764
baseline,11.984124806748593
baseline,11.682262828869815
baseline,12.221729572409478
baseline,12.36629031566486
baseline,12.032951577118427
baseline,12.401217886706787
baseline,12.08612665268923
baseline,12.263675039850128
baseline,11.551083617342991
baseline,11.848944713999387
baseline,12.067140052660834
baseline,12.437580730474055
baseline,11.726550115810367
baseline,12.258386759656501
baseline,11.79950421621734
baseline,11.884662453563706
baseline,12.443002930532653
baseline,10.851707932328793
baseline,11.224377873603759
baseline,11.123782042505107
baseline,10.674067998017392
baseline,11.56588360564219
baseline,12.394787279929995
baseline,11.788612154825909
baseline,12.067733153501091
baseline,12.600657043710967
baseline,12.74719184150774
baseline,11.912591771684081
baseline,12.763209595032878
baseline,12.00608584253685
baseline,11.476989975712756
baseline,11.613009116781916
baseline,11.124671197982462
baseline,11.448793263264614
baseline,11.746881199327227
baseline,12.42736861012901
baseline,12.992484687632958
baseline,11.177838294612908
baseline,12.182361481174263
baseline,11.364508447523262
baseline,12.230804041304227
baseline,11.876859060140688
baseline,10.937332772163936
baseline,12.502732560718751
baseline,11.607041842243682
baseline,11.647125615419817
baseline,11.34842716264091
baseline,11.579339607735381
baseline,12.20308470279667
baseline,11.843411130017541
baseline,12.144529463660971
baseline,12.164124728379502
baseline,12.74285102627479
baseline,11.75555978965175
baseline,11.126655179594973
baseline,12.587227070775555
baseline,11.762001713236188
baseline,12.616168631439047
baseline,12.176782108602264
baseline,11.876829756600738
baseline,12.156375900179501
baseline,13.138359552155116
baseline,13.218864804893602
baseline,11.99285688905196
baseline,12.045760041930546
baseline,12.592731470127566
baseline,11.4723931009212
baseline,12.147124858314163
baseline,11.9376174302629
baseline,12.135847337389434
baseline,11.479232346395102
baseline,11.06603025228367
baseline,10.809753380924105
baseline,11.32225168778576
baseline,11.68968615988647
baseline,11.78386422095214
baseline,13.129581924032735
baseline,12.610909907243679
baseline,11.407815686997154
baseline,12.155746919407463
baseline,11.718968961386398
baseline,11.78890954096091
baseline,12.060444485302309
baseline,12.31676296488159
baseline,11.757570826955423
baseline,12.58517011568545
baseline,11.308781971975927
baseline,11.956267768650747
baseline,13.556932034254077
baseline,12.082535084972521
baseline,12.812582938923034
baseline,12.005732919028992
baseline,12.293860247761174
baseline,11.919731041030047
baseline,11.854234235263826
baseline,11.509262504072257
baseline,12.20451092668255
baseline,11.46912512668995
baseline,12.344507113225811
baseline,12.598256068028025
baseline,12.166842985533988
baseline,11.787832084967745
baseline,12.218518841648228
baseline,11.775021344161027
baseline,12.507127955939898
baseline,10.937067571086045
baseline,11.759652603689423
baseline,10.852890553203743
baseline,11.116841467539178
baseline,12.76957062371211
baseline,12.482678137267943
baseline,11.542793853209556
baseline,11.112831464613192
baseline,10.352665669953133
baseline,11.641708049436028
baseline,13.440879576499627
baseline,12.207222496731175
baseline,11.632636650450936
baseline,12.225103670520014
baseline,11.081387166740239
baseline,11.781503534372986
baseline,12.010364264646087
baseline,11.902796754765287
baseline,12.4196721212571
baseline,12.153942121466596
baseline,12.346147385889466
baseline,11.560216734607868
baseline,12.484270082241528
baseline,12.934757409416221
baseline,11.403359679437639
baseline,11.44903649667376
baseline,12.752198017803137
baseline,11.842205344548319
baseline,12.794335556445489
baseline,11.698837913494046
baseline,12.826152702137076
baseline,12.029012085814587
baseline,12.103138026917302
baseline,12.89454189609565
baseline,11.74474322309683
baseline,11.419419010138023
baseline,11.695418683622762
baseline,12.217552488525493
baseline,11.078808724054758
baseline,12.32769420832731
baseline,11.644375048371197
baseline,12.636505023517051
baseline,10.642743127740085
baseline,11.505310529125701
baseline,11.014174433112167
baseline,11.483206470093792
baseline,12.096942766151477
baseline,11.849165807631405
baseline,11.80663631019339
baseline,11.860687234888369
baseline,12.071008159456728
baseline,11.382157327302675
baseline,12.369225782432375
baseline,12.342760264398278
baseline,12.177762452618223
baseline,12.27942054405087
baseline,12.125563003742812
baseline,13.192027287479736
baseline,11.902223304263027
baseline,11.775929137493307
baseline,11.523754943664548
baseline,11.369072027225542
baseline,11.252708791291344
baseline,11.448425002399425
baseline,11.911700760325274
baseline,12.147846023085616
baseline,11.982259509290325
baseline,11.517047903694012
baseline,12.48570407978531
baseline,12.388767192694772
baseline,11.860420691683565
baseline,11.580107189389901
baseline,12.27459663937956
baseline,12.061992515973092
baseline,11.14216229342077
baseline,11.913260561506583
baseline,12.105371646615023
baseline,11.442377938232061
baseline,12.06308575710758
baseline,11.138546651570097
baseline,12.75244643296268
baseline,12.698005666234364
baseline,11.807128819390604
baseline,12.165028367541495
baseline,10.634668361702019
baseline,11.300884854693855
baseline,11.783528619480911
baseline,11.34711748106209
baseline,12.373751958367746
baseline,13.16788187380743
baseline,11.289786840102783
baseline,11.47695370652569
baseline,12.089781037674479
baseline,12.92358494964581
baseline,11.264769693772196
baseline,12.097746234670195
baseline,13.05597550012147
baseline,11.032720599327632
baseline,11.232762311669273
baseline,11.70958061820546
baseline,11.654645776856484
baseline,12.432801824259021
baseline,12.093421502624711
baseline,10.967030985469044
baseline,12.254966343962819
baseline,11.622507319232788
baseline,12.714329585456198
baseline,11.594337294500981
baseline,11.589263315149392
baseline,12.270255957543753
baseline,12.402897374014705
baseline,12.215044858544847
baseline,11.014639364662656
baseline,12.26841387195228
baseline,11.367944702523769
baseline,12.08968009394635
baseline,11.155345206967938
baseline,12.213992583944583
baseline,11.494140984435045
baseline,11.23190990058433
baseline,12.373406239265014
baseline,12.09341259366694
baseline,11.601991332013158
baseline,12.823748167935353
baseline,11.699906280201926
baseline,11.971210079067077
baseline,12.109407913893081
baseline,11.598791413409149
baseline,12.228693081100364
baseline,11.647378560297689
baseline,11.716378013706725
baseline,12.76881553389261
baseline,11.364485244718335
baseline,10.633195324356723
baseline,12.923472681560579
baseline,13.525180201753084
baseline,11.71999694130533
baseline,10.881319200411081
baseline,11.77398739842077
baseline,11.787846822951387
baseline,11.843020892906772
baseline,11.324445349291725
baseline,12.293135610383299
baseline,12.260371721132248
baseline,11.117194557215882
baseline,12.364637693446504
baseline,13.203299181915805
baseline,12.052633937800652
baseline,11.758673113515927
baseline,11.870573441250384
baseline,12.314426022376113
baseline,10.990600458306174
baseline,12.048212584747077
baseline,11.728413734048571
baseline,13.072780502033675
baseline,11.852070082986941
baseline,12.959210714532182
baseline,11.329743064719915
baseline,12.297723911398064
baseline,12.13907850199082
baseline,11.459392606742403
baseline,12.055809936433853
baseline,12.676210832750293
baseline,11.766392146299127
baseline,11.011241417707588
baseline,11.942423308066195
baseline,11.440864488672398
baseline,11.755813575247938
baseline,11.905401900040722
baseline,11.003937212865376
baseline,11.052043779233765
baseline,12.235174241893205
baseline,11.653442001958839
baseline,10.555176623777921
baseline,12.416082910103148
baseline,12.111436822774264
baseline,11.545931368618303
baseline,11.213306047585506
baseline,12.44679714404198
baseline,12.15671456756649
baseline,13.416252857311884
baseline,12.1985296568479
baseline,12.17933582295375
baseline,11.856234638841089
baseline,12.435318239856977
baseline,12.320294633394706
baseline,12.700330024156518
baseline,11.654230710137018
baseline,11.702882190091835
baseline,11.678113090017083
baseline,12.419669471738143
baseline,12.85312788859642
baseline,11.689592517758213
baseline,11.708917963046954
baseline,12.135946760342895
baseline,11.810997447973449
baseline,12.517140839050219
baseline,10.716487747553078
baseline,11.482941694485476
baseline,11.507625429405664
baseline,10.680929661626465
baseline,11.406959934370644
baseline,11.433803877696098
baseline,11.836601604370877
baseline,12.615173751475194
baseline,11.811398851641124
baseline,11.369870693361479
baseline,11.919631997713847
baseline,12.576217411997193
baseline,11.400148432942068
baseline,11.436343720259895
baseline,12.280620350638479
baseline,11.824880237492025
baseline,12.3336800014047
baseline,11.944691445490532
baseline,12.366116477631527
baseline,11.367520306918426
baseline,11.94559600921817
baseline,11.831101105682833
baseline,11.268310822849712
baseline,11.080033829462865
baseline,12.356579646662677
baseline,11.750905746271814
baseline,11.374575497338483
baseline,11.896980945908348
baseline,12.624383901667205
baseline,10.701457188617338
baseline,11.115991212980397
baseline,11.429519458152981
baseline,12.829967634312231
baseline,12.117436501439558
baseline,12.405537712715489
baseline,11.3097564128105
baseline,11.32107064504447
baseline,12.214875723127363
baseline,11.986402423817706
baseline,12.27478163148066
baseline,11.844314755040813
baseline,12.114827000684185
baseline,12.044550624363469
baseline,12.411824079505667
baseline,12.42943119100609
baseline,11.049786640907282
baseline,10.718829695781958
baseline,12.54733261018963
baseline,12.660981782680318
baseline,11.37548943496219
baseline,10.92200700858894
baseline,12.010106582852812
baseline,12.504273008003242
baseline,13.040976579294034
baseline,12.255493390134923
baseline,11.739080230943712
baseline,11.446020042447616
baseline,11.959230677882026
baseline,11.780394515006531
baseline,11.378553476616892
baseline,13.200783477510475
baseline,13.033120870268153
baseline,12.629299712398412
baseline,11.430647749013655
baseline,12.45839505746163
baseline,12.328982426770315
baseline,12.211756839532827
baseline,12.699061746832971
baseline,12.326439436755445
baseline,12.389128489380985
baseline,12.327356791287398
baseline,12.151671903718492
baseline,10.962434259569998
baseline,12.00113722056237
baseline,11.634543425959448
baseline,11.233431160208752
baseline,12.967966652421223
baseline,12.997667967068459
baseline,12.766697072099202
baseline,12.101369135106747
baseline,12.761377478035488
baseline,11.959579564949449
baseline,12.07066239470311
baseline,11.335385072840547
baseline,12.184820574468128
baseline,11.987629261342477
baseline,11.221015775713358
baseline,11.922960408214673
baseline,11.906474750576617
baseline,13.040955485618897
baseline,12.482090140204935
baseline,11.959227285463864
baseline,12.097600332329158
baseline,11.978235653672053
baseline,11.835563134706694
baseline,11.341455937591267
baseline,11.865365870913356
baseline,11.527906646166965
baseline,11.249521417105075
baseline,12.252478310870343
baseline,12.181438641082773
baseline,10.96078909507742
baseline,11.881699111510262
baseline,12.543656473644571
baseline,12.582346729105165
baseline,12.561996468339554
baseline,11.975159502559519
baseline,11.472735574080742
baseline,11.340756769557869
baseline,12.153918366567746
baseline,12.174364042729719
baseline,12.722274477400425
baseline,12.607233554789502
baseline,11.87620135097517
baseline,11.252853848266724
baseline,11.76906556217371
baseline,12.079110332202088
baseline,11.83603992830453
baseline,11.62230713994014
baseline,12.100003313188246
baseline,11.664047692098837
baseline,11.594068274421078
baseline,12.134403033812562
baseline,11.721859206930937
baseline,12.094854622366528
baseline,12.111926602661097
baseline,11.310157724705753
baseline,11.676902535436188
baseline,12.81541766398534
baseline,11.29774504428029
baseline,10.786897837401263
baseline,10.920943125953611
baseline,11.96947083746574
baseline,11.970519396732744
baseline,11.884622867237242
baseline,12.677237867780772
baseline,10.500033647125612
baseline,12.184196026346463
baseline,12.892491367664674
baseline,11.316546400146205
baseline,11.734476228015133
baseline,11.52411011020068
baseline,11.445345580435006
baseline,11.764982789168716
baseline,12.809024158611804
baseline,13.066164954818632
baseline,11.759463371694743
baseline,13.109114587924164
baseline,11.973222949758398
baseline,13.013242371530211
baseline,11.89864276246497
baseline,12.028762549603128
baseline,12.166219656407113
baseline,13.94454653954472
baseline,12.456140147362802
baseline,11.54963245012264
baseline,12.527427609971022
baseline,11.744707880225699
baseline,11.672085774935793
baseline,12.490799920064841
baseline,11.970617049675718
baseline,12.11508079760093
baseline,11.960699548743852
baseline,12.149193365000515
baseline,12.20135485942048
baseline,10.881251222450805
baseline,12.345098035487254
baseline,11.396799238774802
baseline,11.145310632704142
baseline,11.918790015737141
baseline,12.00134658704523
baseline,11.557339538742625
baseline,12.443915541483246
baseline,11.199537303440492
baseline,11.719045383227138
baseline,11.618374354112566
baseline,11.925626063640362
baseline,12.115250142254483
baseline,11.382512205199593
baseline,12.379683668449772
baseline,11.989149587383455
baseline,10.90502122746624
baseline,10.86985245670527
baseline,11.945460156813992
baseline,11.825206394376117
baseline,11.892804092182029
baseline,11.936390446368268
baseline,12.0839876580835
baseline,12.514468551935757
baseline,11.325698881858843
baseline,11.29232839590781
baseline,11.335466137400635
baseline,12.121154867513736
baseline,12.69615720648337
baseline,11.705190859679227
baseline,10.587473681106676
baseline,11.004822317792678
baseline,11.479417170289016
baseline,11.6336764360446
baseline,11.718224365048695
baseline,11.974966755418745
baseline,11.77326671062604
baseline,12.576318620239585
baseline,11.56714382091806
baseline,11.463131927292004
baseline,12.23328163573922
baseline,11.09499440510879
baseline,12.180509880595485
baseline,12.012154887110851
baseline,11.867442823899008
baseline,12.909279943480085
baseline,11.597362197804886
baseline,13.208174801071083
baseline,11.822646840554233
baseline,11.234969413044876
baseline,11.993169883385459
baseline,11.344855543032956
baseline,11.52474489810627
baseline,12.184845378873437
baseline,12.27885425826058
baseline,11.5973845470153
baseline,12.538612232160954
baseline,12.642446274758937
baseline,12.814501036025494
baseline,12.263287856862146
baseline,12.769302212940488
baseline,10.910915116429855
baseline,11.769750432016776
baseline,11.460527167789321
baseline,12.021866088834976
baseline,11.625939599296515
baseline,11.85667739780699
baseline,13.09457433985249
baseline,11.854629606352665
baseline,12.19474804913874
baseline,11.818727354166574
baseline,11.99653823946308
baseline,11.956080949595892
baseline,12.215177909188618
baseline,12.647228094230487
baseline,12.946338993959841
baseline,12.13332508367124
baseline,12.299087806787574
baseline,11.303889252011725
baseline,11.901771630558404
baseline,12.510003840833722
baseline,12.465010005343306
baseline,12.075819475058156
baseline,12.477359255167237
baseline,12.240335218045372
baseline,12.66870720544636
baseline,12.12141485056991
baseline,11.74820182724625
baseline,12.148756480994727
baseline,10.369702293122357
baseline,12.176492076128612
baseline,10.01526524887778
baseline,10.994441168830623
baseline,12.217217670804274
baseline,12.232483356240783
baseline,11.297553749949753
baseline,11.546923826360954
baseline,12.773706467589133
baseline,11.675323529419254
baseline,13.325673225483293
baseline,11.951482685492845
baseline,12.191345913542579
baseline,12.92719392922185
baseline,12.028744644696426
baseline,11.385574757238132
baseline,11.889167096373388
baseline,11.93197569140601
baseline,11.187292283488132
baseline,11.805231150178255
baseline,11.530090116387997
baseline,12.50034505036059
baseline,11.972663177634129
baseline,11.78980597738533
baseline,11.89121140997554
baseline,12.08255984409128
baseline,12.31535578634875
baseline,11.387027546950325
baseline,11.36393342744601
baseline,12.610106436349582
baseline,11.715981162742985
baseline,11.159072962116907
baseline,12.21250692236312
baseline,12.224090114868034
baseline,11.097644468432964
baseline,12.08628502828594
baseline,12.386467412349095
baseline,12.17147651904619
baseline,12.324414119961974
baseline,11.165876351314287
baseline,12.14592951376955
baseline,11.778478138184864
baseline,11.676025517674715
baseline,12.467782239959787
baseline,12.841229850309253
baseline,13.038937635321478
baseline,12.73923478269294
baseline,11.889163216292612
baseline,12.158700310687212
baseline,12.405240400793998
baseline,12.023003622410304
baseline,12.028591349508044
baseline,12.439525243614053
baseline,11.918286369173956
baseline,11.537306809680922
baseline,11.714767660580549
baseline,12.325566590498866
baseline,11.954329050346457
baseline,12.15132942971192
baseline,12.347196750935334
baseline,11.737301676779639
baseline,12.398882516996773
baseline,12.174105902752729
baseline,11.257978955621365
baseline,12.818231526047892
baseline,11.66586499377342
baseline,11.030936596560487
baseline,11.362029520086844
baseline,11.37525662791157
baseline,11.982858447027485
baseline,11.794921055783501
baseline,11.758954325750329
baseline,12.317079926030218
baseline,12.15113233911005
baseline,12.137106070121513
baseline,12.19240512884971
baseline,12.314950107442819
baseline,10.791447744268389
baseline,11.743224025876321
baseline,10.753722364892795
baseline,11.97350351216397
baseline,11.949911168239284
baseline,12.573997386177957
baseline,12.66092610551554
baseline,12.07064938922252
baseline,11.666082018099873
baseline,12.237009591316362
baseline,11.650504722782225
baseline,11.951788080151276
baseline,12.53784094512077
baseline,11.633652485896276
baseline,12.428630015073594
baseline,12.3515802656825
baseline,11.411853448613115
baseline,12.530401692800686
baseline,12.364259839156407
baseline,12.011789664861075
baseline,11.518841518426004
baseline,11.464861580680635
baseline,11.645001066924515
baseline,12.27112610619074
baseline,11.411392390635235
baseline,12.208777664288688
baseline,11.254190637321143
baseline,11.834900497215477
baseline,12.016286240512532
baseline,13.457000629866304
baseline,11.180475223871273
baseline,12.836710273249457
baseline,12.039719639158589
baseline,12.193199157990696
baseline,12.021354520685026
baseline,12.213048080759158
baseline,11.86385086160052
baseline,12.825533670007198
baseline,11.690935567220533
baseline,12.626964496668778
baseline,11.584908233249214
baseline,11.917726223061132
baseline,11.34721125881098
baseline,12.219145580419976
baseline,12.81998507161174
baseline,11.907845184879198
baseline,11.83902344054622
baseline,11.323770681895535
baseline,11.820433430198937
baseline,11.06429952114041
baseline,11.435066805347427
baseline,12.084705902470208
baseline,12.74183256778904
baseline,13.696745840393861
baseline,11.617410550513476
baseline,12.813878714022438
baseline,12.094648315163
baseline,11.865253229762292
baseline,12.205867604250518
baseline,11.988518592454925
baseline,12.016721886807074
baseline,11.718255880336605
baseline,11.169210815146135
baseline,11.090701741358272
baseline,12.337124510222623
baseline,11.793291361286638
baseline,11.61205837409427
baseline,11.95752336033277
baseline,12.42215668805266
baseline,12.057544323440766
baseline,11.578344978388758
baseline,12.684679261306295
baseline,12.903590813613913
baseline,12.242584190835151
baseline,12.530261595668982
baseline,12.694318387785483
baseline,12.625657361329694
baseline,12.313735004332496
baseline,12.304335716400539
baseline,12.257491476386983
baseline,11.333260578871561
baseline,12.365552682558816
baseline,11.192135008629373
baseline,11.500830011090127
baseline,12.732292303067833
baseline,12.449459862493809
baseline,12.846289092621287
baseline,11.796165745412189
baseline,11.303130655515815
baseline,11.814047229261973
baseline,12.011851035438339
baseline,11.998442935117163
baseline,12.62784971173625
baseline,11.745028006107095
baseline,12.158296191571422
baseline,11.393148820886484
baseline,12.216358194385634
baseline,11.954395832292294
baseline,11.525830372357882
baseline,11.816687254001152
baseline,11.8463224332871
baseline,11.797034800827749
baseline,13.024385026122598
baseline,11.895673099247064
baseline,11.812065860382452
baseline,10.796942130615236
baseline,11.445422542390105
baseline,11.801086580907853
baseline,11.561629067861798
baseline,12.780624434034058
baseline,11.857378904001067
baseline,12.722961131320343
baseline,11.988395492996332
baseline,11.97418131721312
baseline,11.901240829815379
baseline,11.954794299611148
baseline,12.99124056522447
baseline,10.681315453784242
baseline,10.847245887418348
baseline,11.641891323174471
baseline,11.961014142000016
baseline,12.359188878211494
baseline,12.229849598208721
baseline,11.731950487518022
baseline,12.557859904893014
baseline,12.564651254983602
baseline,12.05970336750218
baseline,12.523577443852437
baseline,12.111598565265506
baseline,11.631558978520978
baseline,12.363810599283617
baseline,12.016848509907199
baseline,11.95337107317865
baseline,12.837294748089963
baseline,10.613584581294191
baseline,11.158617453438175
baseline,11.284065698614633
baseline,11.743894603010224
baseline,11.805931791566781
baseline,11.110234098730508
baseline,11.395065176284708
baseline,11.463952428908309
baseline,13.465026896699657
baseline,13.043599612946807
baseline,11.716314898717373
baseline,11.743710872975404
baseline,11.304799259149199
baseline,10.896470312224906
baseline,11.885043973225905
baseline,11.388054559124448
baseline,11.903518352516231
baseline,11.060325219709409
baseline,11.519036431431307
baseline,12.039010437567452
baseline,12.166653194414184
baseline,12.196923381677584
baseline,11.211317354158057
baseline,12.458193574420475
baseline,11.497701010966317
baseline,12.32493775414194
baseline,11.946433229312317
baseline,11.180978285746493
baseline,11.770725741649033
baseline,12.166154354702634
baseline,12.313058227347044
baseline,11.871157906783644
baseline,12.873963383111304
baseline,12.550840280714114
baseline,11.804760581238293
baseline,12.395200639866287
baseline,13.12739332245758
baseline,13.144395891430094
baseline,11.261697999981148
baseline,11.42749890580007
baseline,12.84474472118122
baseline,11.354740209615155
baseline,11.210202082106735
baseline,11.674098522011942
baseline,12.198552192208565
baseline,11.893394324061834
baseline,11.581428143165276
baseline,11.568156095272945
baseline,11.546792248616857
baseline,11.453581323071786
baseline,13.35071542220511
baseline,12.126205477858468
baseline,12.47758010519632
baseline,11.672466508813237
baseline,11.845299418938223
baseline,11.546110979811159
baseline,10.510788450100012
baseline,11.18009929516448
baseline,10.94809301235532
baseline,10.717523163677056
baseline,11.279532452534141
baseline,12.745504366042235
baseline,11.926870150569728
baseline,12.724268684363166
baseline,12.193087248059745
baseline,12.414707475928575
baseline,11.441711023100208
baseline,12.260041029560815
baseline,12.382343527542272
baseline,11.623009779518808
baseline,12.281210566118778
baseline,12.285168682974463
baseline,11.638289459514
baseline,11.319296616867788
baseline,11.285675255576713
baseline,12.002815197473417
baseline,12.143556926270021
baseline,11.501986338311529
baseline,11.96800629221402
baseline,12.2877591086086
baseline,12.31617760391622
baseline,12.886517568314277
baseline,12.715891552661782
baseline,11.386155766365214
baseline,12.969079463351544
baseline,11.648776882770383
baseline,12.573595372838609
baseline,11.992046310114805
baseline,11.716087677879697
baseline,10.949643613836123
baseline,11.853569207819978
baseline,11.082233286206957
baseline,12.526395992059154
baseline,12.864611761424298
baseline,11.499541154809359
baseline,12.12882709429269
baseline,11.539486056671777
baseline,11.593832933357422
baseline,12.409855026226344
baseline,11.930281864794697
baseline,13.00438382351986
baseline,11.676341251992602
baseline,12.545867219710797
baseline,12.009162757219904
baseline,12.422666025713893
baseline,11.696216358234228
baseline,11.923907676871348
baseline,11.885840102021076
baseline,11.47773625383032
baseline,12.342410575870531
baseline,12.335332899540644
baseline,12.301477554146675
baseline,12.877201588759766
baseline,12.822607819127706
baseline,11.737242926697348
baseline,12.170689415427765
baseline,11.596578783963636
baseline,11.96613278960171
baseline,11.60999755735822
baseline,12.929197401468516
baseline,12.165172139404541
baseline,11.826891338443469
baseline,12.664600063756097
baseline,10.758724104648783
baseline,10.840646236969077
baseline,12.422702548868234
baseline,11.987677207824383
baseline,12.09857318902676
baseline,11.208107340936262
baseline,11.939139542588043
baseline,13.17184984513274
baseline,12.439794506196705
baseline,12.05131735015175
baseline,11.700813172446933
baseline,11.726077222074693
baseline,10.780342127252094
baseline,12.10279283903628
baseline,12.452636698896505
baseline,11.073514721884074
baseline,11.575335241037857
baseline,11.30027292778457
baseline,11.40601276984819
baseline,11.983618332742681
baseline,10.803772611672208
baseline,12.313837235501877
baseline,12.397444160279733
baseline,11.807938847438562
baseline,10.598249377100514
baseline,11.388845956599331
baseline,12.688744528781601
baseline,10.446663721220444
baseline,11.752859736020948
baseline,11.287933740968537
baseline,12.427962226137858
baseline,11.56765046944068
baseline,12.18893375581119
baseline,12.28473553391488
baseline,13.0654294552641
baseline,11.835547088355987
baseline,12.172454718452496
baseline,11.122234531347369
baseline,12.662632230726746
baseline,11.519854996945263
baseline,11.631970050637443
baseline,11.939710378983817
baseline,11.080352653223668
baseline,12.08586810143564
baseline,12.52649743355182
baseline,12.123515336886841
baseline,11.066389614320864
baseline,11.881051128409162
baseline,12.390338566468994
baseline,10.912401098721299
baseline,11.345669129585914
baseline,12.47140214641862
baseline,12.110101720773313
baseline,12.193671810287805
baseline,13.080180501886197
baseline,12.227161715146902
baseline,12.339901734882858
baseline,13.631486547241751
baseline,11.829314397521228
baseline,11.498999360008433
baseline,12.203029073621108
baseline,12.209652855350322
baseline,11.651183896900003
baseline,11.368997976489279
baseline,13.368994565170333
baseline,12.143458979285786
baseline,11.535629644258432
baseline,12.495238836991515
baseline,11.889502820818791
baseline,11.806920352217169
baseline,12.282837449844585
baseline,11.226875739334186
baseline,12.15864552349653
baseline,13.11413420037588
baseline,12.225754046611602
baseline,11.736521621030656
baseline,11.662267690457481
baseline,11.717115650370689
baseline,11.806301330125336
baseline,11.735614269143856
baseline,12.495469724527657
baseline,10.989248736433964
baseline,12.462612003976284
baseline,11.73454450047179
baseline,12.17298778238562
baseline,11.316981386830884
baseline,12.747775882639255
baseline,12.69658047043348
baseline,12.521715396974722
baseline,11.106233759710705
baseline,12.442762864442132
baseline,12.189466157529363
baseline,11.057609837644394
baseline,11.93852371641267
baseline,12.165665326324243
baseline,12.27914781944443
baseline,12.055731196380957
baseline,12.122514951245757
baseline,12.837704217642111
baseline,12.684519945623705
baseline,10.40167783216313
baseline,11.770017527803713
baseline,11.857543782533982
baseline,10.979191593642074
baseline,12.00728258213398
baseline,12.698503001182765
baseline,11.339179476470163
baseline,12.149086073820857
baseline,11.433433938738846
baseline,11.569446460283686
baseline,12.840058783316282
baseline,11.642237363757289
baseline,12.223404356663748
baseline,10.915982816311372
baseline,13.081971086785712
baseline,12.306904029102906
baseline,11.847285198547944
baseline,12.290743427302456
baseline,11.162872490503418
baseline,12.657793590146229
baseline,11.766281989107444
baseline,11.834899963143403
baseline,11.67100743242704
baseline,11.62075342591086
baseline,12.361924989476107
baseline,12.101775892530295
baseline,12.336229387991235
baseline,11.94750098483113
baseline,12.25365318297729
baseline,11.712282374637995
baseline,13.31715271921833
baseline,11.07764270392173
baseline,12.706004027952588
baseline,12.77207547956165
baseline,11.468779474579911
baseline,13.316856774361819
baseline,12.543528094516274
baseline,12.528728090835665
baseline,11.968839796678619
baseline,11.82735185423188
baseline,11.8318361581814
baseline,12.18100519995494
baseline,12.79270094038494
baseline,12.058099713286262
baseline,11.43586204621183
baseline,12.439931671800455
baseline,12.49840166821787
baseline,12.337970594794148
baseline,12.392423046885797
baseline,11.796592614981725
baseline,11.426138252803474
baseline,11.459866986624055
baseline,11.041438868873646
baseline,12.09066022728381
baseline,11.904327525859635
baseline,11.700283389168465
baseline,10.357136168264502
baseline,11.25115654924005
baseline,12.619991076526036
baseline,11.573534302307264
baseline,12.163340435972252
baseline,11.173231315630435
baseline,12.815994661981591
baseline,11.869408158807477
baseline,12.12181512101777
baseline,13.379330707019239
baseline,12.864391843400648
baseline,11.77622469938123
baseline,11.613673660689354
baseline,11.765391831154075
baseline,12.251692214591671
baseline,11.891763726847929
baseline,11.725695538226466
baseline,12.833702246780394
baseline,11.886583069951028
baseline,13.362346907738534
baseline,12.005280424253034
baseline,13.033215665915955
baseline,12.161411280531562
baseline,12.523761414956912
baseline,11.539922732127966
baseline,11.467889605714094
baseline,12.221919264241444
baseline,12.53931017134116
baseline,11.975939205665156
baseline,11.22986349713159
baseline,11.189723930517447
baseline,11.153505699341823
baseline,10.97093347162241
baseline,12.01619165761871
baseline,12.6225631526915
baseline,11.944825255276207
baseline,10.712002671976546
baseline,11.842540439932552
baseline,11.858608746258447
baseline,13.231062232905309
baseline,11.137296519216875
baseline,11.728292229455562
baseline,12.983089992818526
baseline,12.216157484132648
baseline,12.283456824737623
baseline,12.019161842538251
baseline,12.14528390098818
baseline,12.411729094506574
baseline,11.492531995153769
baseline,12.47231815763491
baseline,11.182812871906645
baseline,12.144356375890915
baseline,12.056595829496523
baseline,11.600688402554294
baseline,11.939457078381325
baseline,11.597175113342479
baseline,11.347354964533405
baseline,11.749388832880141
baseline,11.329606881770426
baseline,12.141077625736251
baseline,11.304316164920696
baseline,12.372300719667086
baseline,11.287124808793758
baseline,11.628845482302694
baseline,11.596014993234496
baseline,12.745622431209163
baseline,12.145487838010244
baseline,11.83050228955852
baseline,12.245054887303917
baseline,10.791845768623011
baseline,11.92762355803386
baseline,13.16802085784057
baseline,12.02951391900544
baseline,11.992003613748587
baseline,12.274418407538361
baseline,12.482932467469654
baseline,10.849390631716794
baseline,11.016385815158088
baseline,12.075047777350727
baseline,11.545370603014467
baseline,12.737516155109661
baseline,11.771309829562489
baseline,10.882536150203405
baseline,11.239873677698213
baseline,10.46100867926544
baseline,11.817663598010196
baseline,11.843905169539918
baseline,11.709094545706106
baseline,12.59434269250518
baseline,12.667609970405579
baseline,11.8542452478954
baseline,10.777471073667025
baseline,12.315634819449405
baseline,12.278722201592782
baseline,12.133190689140156
baseline,12.535010749612367
baseline,11.296239728513047
baseline,13.175201221308166
baseline,11.409288816140954
baseline,12.394660511349848
baseline,11.013704871753038
baseline,11.425431679968115
baseline,12.864347272309415
baseline,11.802330482258787
baseline,12.449280274178847
baseline,12.090664199065914
baseline,11.891917108780044
baseline,12.769563252776644
baseline,11.816211975869987
baseline,10.963960971198402
baseline,11.496012941463336
baseline,12.276241272481634
baseline,12.183945155369676
baseline,11.078111045657716
baseline,11.54007298044804
baseline,11.620150575678853
baseline,11.74263676851871
baseline,11.18123515455707
baseline,11.593896805223636
baseline,11.537685213168599
baseline,12.408073505938097
baseline,12.43070450307174
baseline,11.868382065342532
baseline,11.727517579553822
baseline,12.033933139075383
baseline,11.48858278347038
baseline,11.306099262875325
baseline,11.419917786747341
baseline,11.590276004700865
baseline,11.29698141042667
baseline,12.04685131297085
baseline,12.382944680036847
baseline,11.067354829662644
baseline,11.96716137054521
baseline,11.825797907231282
baseline,12.152094407217072
baseline,11.945101502400203
baseline,11.139207134508863
baseline,11.242938866964035
baseline,11.969652788943222
baseline,12.563789635336146
baseline,10.73602863281966
baseline,12.154579204810974
baseline,12.662146271887481
baseline,11.86423012583757
baseline,12.275652593652138
baseline,11.551982086823795
baseline,11.883611272388004
baseline,11.049228796858474
baseline,10.668520280463657
baseline,12.51150582349431
baseline,11.395155283946075
baseline,11.691470313204059
baseline,11.175529809495538
baseline,11.162791172853352
baseline,11.852262639148814
baseline,11.537144444716366
baseline,12.173591560873264
baseline,12.21767358332209
baseline,12.13993136823429
baseline,12.09162853065061
baseline,12.902704059850304
baseline,11.349614861033608
baseline,11.9207994796839
baseline,12.6272432027516
baseline,12.708223546519607
baseline,11.156410987747737
baseline,11.772918980512916
baseline,12.76601648340531
baseline,12.250611866400268
baseline,12.066255084248244
baseline,11.827088874905703
baseline,11.732203632630274
baseline,12.120745004496364
baseline,11.807210812870158
baseline,11.9279445648342
baseline,11.99821612416438
baseline,11.565991786995808
baseline,12.264902522167613
baseline,13.766704664791027
baseline,10.965954807255066
baseline,12.141792722991589
baseline,11.520033036670954
baseline,12.291849336675101
baseline,11.97959722728106
baseline,12.402252998708896
baseline,12.653483577245632
baseline,12.064593069338189
baseline,12.626852903061335
baseline,10.668543761167882
baseline,12.910642232761688
baseline,12.171875183954972
baseline,12.59371031046753
baseline,11.266134241241552
baseline,11.480678881266593
baseline,12.037441531722752
baseline,11.942727322521623
baseline,12.117719379491314
baseline,12.59778463468867
baseline,10.972210757204056
baseline,12.530356096656302
baseline,11.957393703342948
baseline,11.83506504741192
baseline,11.129752960928341
baseline,12.24762490212834
baseline,10.6325112664883
baseline,12.334223697153613
baseline,11.11843398900451
baseline,11.983604558732873
baseline,11.883725006656272
baseline,12.649822521459058
baseline,11.849494165581282
baseline,11.556985172799664
baseline,11.662551894552754
baseline,12.713365203570579
baseline,12.267380608766143
baseline,11.731163151136874
baseline,11.816333680934594
baseline,11.078047228786291
baseline,12.179791046677673
baseline,10.975085496139114
baseline,12.396206981088984
baseline,12.027342224435744
baseline,13.419083305573771
baseline,11.331723423038683
baseline,11.89324126545394
baseline,13.041414942197857
baseline,12.663231496580366
baseline,11.555823360799437
baseline,12.083054975305599
baseline,11.953753172432513
baseline,12.117065816222304
baseline,11.554440436105264
baseline,11.900938443919976
baseline,11.061479824546982
baseline,12.031133186844777
baseline,12.216182551999822
baseline,11.82150720137138
baseline,11.052369210942004
baseline,12.539297174116564
baseline,12.165659752956014
baseline,11.539137176241502
baseline,11.791061090862488
baseline,11.113819496744474
baseline,11.372849668761752
baseline,11.644917066565686
baseline,12.685987990257653
baseline,11.587640546627219
baseline,12.329333414588152
baseline,11.64463201173319
baseline,12.097107921041498
baseline,11.870923266335527
baseline,12.469294028671277
baseline,11.646611092250044
baseline,11.075174057168496
baseline,11.177964269194034
baseline,11.648267996595527
baseline,11.250206168730989
baseline,12.192631819056768
baseline,11.685666503615133
baseline,13.41105119962379
baseline,10.986849078506989
baseline,12.07115147228773
baseline,11.316451895514504
baseline,11.670019560742587
baseline,12.034805279198853
baseline,10.678333857095705
baseline,12.090588439101174
baseline,13.10774614088905
baseline,11.69265494185475
baseline,12.104064420182036
baseline,12.561439124883993
baseline,11.857944866874304
baseline,11.620579440534726
baseline,10.704051426364337
baseline,12.329797863743382
baseline,11.887183410690938
baseline,11.379868707221299
baseline,12.026161845642337
baseline,11.61904687466285
baseline,11.65021747574742
baseline,12.309075059950418
baseline,11.201596649808621
baseline,12.575084388364143
baseline,11.169440115436057
baseline,11.574614341831502
baseline,13.120489785147951
baseline,12.62397743247317
baseline,12.009273690170419
baseline,11.419746702609277
baseline,11.649739488788128
baseline,11.995120730043908
baseline,11.974352758549731
baseline,11.900043646134296
baseline,11.934740825236053
baseline,11.828987120801642
baseline,11.145483737956697
baseline,11.656950325026157
baseline,12.494447566072786
baseline,11.185344086143768
baseline,11.843232423038913
baseline,11.48681228399061
baseline,12.017277965062583
baseline,11.729454944390996
baseline,12.840058802494916
baseline,12.24972352660477
baseline,11.216039031743094
baseline,12.347884377663261
baseline,11.511958353273426
baseline,11.62281305263933
baseline,12.135794870167942
baseline,11.67095547982148
baseline,12.481268686985855
baseline,11.512037496300714
baseline,11.599195988869504
baseline,11.578167605739395
baseline,11.629215467352786
baseline,12.606751850607964
baseline,12.322511278097041
baseline,12.985665962163619
baseline,13.341661042595717
baseline,11.369923990297345
baseline,11.993460273076876
baseline,11.290013652624893
baseline,11.51030965669433
baseline,11.592934789292018
baseline,11.355360170079077
baseline,11.35826043746797
baseline,11.86926039841376
baseline,11.26785879562389
baseline,12.450610754981422
baseline,11.432364114851524
baseline,13.696983754335779
baseline,11.69381944912073
baseline,11.994389548040855
baseline,11.22499337900469
baseline,12.983240507981945
baseline,12.619171229002724
baseline,12.125855632568053
baseline,11.197025296401144
baseline,12.075267607081715
baseline,11.320030540906242
baseline,12.830699488380745
baseline,12.430748748868428
baseline,12.008013569697232
baseline,10.621043482383591
baseline,11.396027616557419
baseline,12.357784986696899
baseline,12.676435074878347
baseline,12.61285218857327
baseline,11.064718536920427
baseline,12.128581092757406
baseline,12.555711844464481
baseline,11.029204192105597
baseline,11.94801647198239
baseline,12.112301392106927
baseline,11.779537758083835
baseline,10.926070050543352
baseline,11.765304487827956
baseline,11.764387544705652
baseline,11.867080325268063
baseline,11.630437613545592
baseline,11.698567649907917
baseline,11.929606131450862
baseline,12.211702960199531
baseline,11.777446124382072
baseline,11.71750827583803
baseline,12.006218162284418
baseline,10.889719844177016
baseline,12.232190309385581
baseline,11.952268635926389
baseline,11.975612425629905
baseline,12.522409770339044
baseline,10.872895893157539
baseline,10.86182504608107
baseline,12.112278757365893
baseline,11.948472613468981
baseline,12.051592129115654
baseline,11.687729797738225
baseline,12.34377013299616
baseline,12.505364622452968
baseline,12.236310350415673
baseline,11.80237132478565
baseline,10.791585799037058
baseline,12.40669184227404
baseline,12.681872472893831
baseline,12.331930501091092
baseline,11.453507579659405
baseline,12.349420693572723
baseline,12.461723673983874
baseline,12.89085236978919
baseline,11.45546934893126
baseline,11.822060294287656
baseline,12.393488336191357
baseline,11.98590032572714
baseline,11.322282706744955
baseline,12.1952351289936
baseline,12.292599583033823
baseline,12.003663072660533
baseline,12.080488497342234
baseline,11.80358614587119
baseline,12.840609974346641
baseline,11.441824637829097
baseline,11.61699615706935
baseline,11.958960694945581
baseline,12.472859611737801
baseline,11.115595449060704
baseline,11.216858134538294
baseline,10.828239837332807
baseline,11.971550998308212
baseline,11.321745774690301
baseline,11.731777438457652
baseline,12.341989753178437
baseline,11.586494826619612
baseline,12.087339765690201
baseline,11.780352698287594
baseline,12.348414924692555
baseline,12.231059565081996
baseline,11.55822072504403
baseline,11.85524359410111
baseline,12.572906902905922
baseline,12.182685920380413
baseline,11.16983218985676
baseline,12.338543916420308
baseline,11.340255472752608
baseline,12.799728667891294
baseline,12.56093801295322
baseline,12.121724094415256
baseline,12.044033243542543
baseline,11.832052216086701
baseline,12.352252457147031
baseline,11.739614474628693
baseline,12.089852239459077
baseline,12.46861564266671
baseline,11.631376522618964
baseline,11.600744846154125
baseline,11.280075726219554
baseline,11.351332288284988
baseline,10.93866376438095
baseline,12.383012583626737
baseline,13.048137162722748
baseline,12.807684977682122
baseline,11.046459625490423
baseline,12.380026952017936
baseline,12.805683869529245
baseline,11.690743490520164
baseline,12.011511107000034
baseline,10.843909354545886
baseline,12.10812999073887
baseline,11.351834749815119
baseline,12.068812369691502
baseline,11.081255795237885
baseline,12.271283005878871
baseline,12.561190033435604
baseline,11.507199435533312
baseline,11.311532107344531
baseline,10.766335662672278
baseline,11.799175371076117
baseline,11.620222364644693
baseline,11.086727241363356
baseline,12.21795806415473
baseline,11.69462127741198
baseline,11.345135631028183
baseline,11.63545709514557
baseline,12.589718485031465
baseline,12.307073760207901
baseline,11.877469912256355
baseline,12.316723499093001
baseline,11.298384540451032
baseline,11.971362347684574
baseline,12.038249086284418
baseline,11.683361530969837
baseline,12.207562195946451
baseline,11.508731808300912
baseline,12.251646162962283
baseline,12.276638236569628
baseline,10.376454804837616
baseline,12.66256601158874
baseline,10.311062709517088
baseline,11.600825682762876
baseline,12.561698771576793
baseline,11.770104182062997
baseline,11.132412690689133
baseline,11.335239065438865
baseline,12.562647482167836
baseline,10.889409175238464
baseline,12.624979000894035
baseline,11.920702805644556
baseline,11.281153144495972
baseline,11.619365344015694
baseline,11.377363950084536
baseline,12.465165048006899
baseline,12.384572890798403
baseline,10.996734172439606
baseline,11.7209500909025
baseline,11.462649694607377
baseline,12.72608645879541
baseline,11.195236076225328
baseline,12.919269829612903
baseline,11.933315866941346
baseline,11.297824520226113
baseline,11.566438934084315
baseline,11.496916618323628
baseline,11.236275573243201
baseline,12.007657272630315
baseline,11.261744040014223
baseline,10.753640985489657
baseline,11.734550221387982
baseline,10.952213025953485
baseline,11.524518585754983
baseline,11.437159917329113
baseline,11.458187699281709
baseline,13.170223452221387
baseline,11.985320263462022
baseline,12.095597210530846
baseline,10.966267533762618
baseline,11.57951934872353
baseline,12.0779812304124
baseline,11.373335552849758
baseline,12.490473819666898
baseline,11.275520829379847
baseline,11.787764977986624
baseline,11.617711039425245
baseline,12.048171680526393
baseline,11.587086203194653
baseline,11.796612351703333
baseline,11.816514935120011
baseline,11.534453836842227
baseline,12.236969703021876
baseline,12.091504034220458
baseline,11.901346157794325
baseline,11.70569095994329
baseline,12.423127362291002
baseline,11.816684456788355
baseline,11.776149513525535
baseline,12.013399077909373
baseline,12.97725778548266
baseline,11.200524892934405
baseline,12.40706516555738
baseline,10.904373810247698
baseline,12.079134901376428
baseline,12.901024081311071
baseline,12.239090323729632
baseline,12.051853909376108
baseline,11.632141900414023
baseline,11.970594777387584
baseline,11.80738905293767
baseline,11.505639186610088
baseline,11.785759142139053
baseline,12.068078901103762
baseline,11.516108833001159
baseline,11.49431769061629
baseline,11.189732028440154
baseline,12.18112000301608
baseline,12.272749443562242
baseline,12.087561481453312
baseline,12.525103280336635
baseline,12.003607649878015
baseline,12.181879309982548
baseline,12.129924592634218
baseline,11.899657540184654
baseline,11.648864247529112
baseline,13.307094704605046
baseline,11.69349822227301
baseline,11.57283192333676
baseline,12.206705065643815
baseline,12.099398990381367
baseline,11.165593564930083
baseline,12.621115482615453
baseline,11.898125822299178
baseline,11.32579431361557
baseline,12.66163188844486
baseline,12.320647236247144
baseline,11.241765637024582
baseline,13.02807496364381
baseline,12.340445728843394
baseline,11.946689484245516
baseline,12.910496060321991
baseline,12.045238774192704
baseline,11.936332204158257
baseline,11.575962037617417
baseline,12.294499934217546
baseline,12.231934061575588
baseline,11.961102411137205
baseline,11.503402600469649
baseline,12.028104920559555
baseline,11.912210015641786
baseline,11.204262154585109
baseline,11.129376861590973
baseline,12.2845526882057
baseline,10.536194564198233
baseline,12.072191446785073
baseline,11.67869074432246
baseline,12.735182711202102
baseline,11.669981722691869
baseline,12.340856628159258
baseline,11.724746236521105
baseline,12.018674661310433
baseline,12.387220093394903
baseline,11.687486880890088
baseline,12.544175529618524
baseline,11.390348311908266
baseline,12.124490306555886
baseline,12.499303919296022
baseline,12.341187631430204
baseline,13.116353903765336
baseline,11.5182183439387
baseline,11.179481479696417
baseline,11.389996424754854
baseline,12.341429976714455
baseline,12.244582105818075
baseline,12.011982244525258
baseline,11.319193112528461
baseline,12.40526711549216
baseline,11.263497102300436
baseline,12.643330078844834
baseline,13.7288238203709
baseline,12.166795650531386
baseline,12.295249532721678
baseline,11.670326016401463
baseline,10.94830812194431
baseline,11.608325824965226
baseline,11.33570168423109
baseline,11.142768694666897
baseline,12.993486528970728
baseline,12.111726110386416
baseline,12.17460455190429
baseline,11.77482189859558
baseline,11.852818207395272
baseline,12.524726916182031
baseline,11.933870048400768
baseline,12.264049116719601
baseline,11.839529460042897
baseline,11.75592077040827
baseline,11.164444729028327
baseline,10.859764076518687
baseline,11.801951576483013
baseline,11.9853697140254
baseline,11.230006836841902
baseline,11.932632956141688
baseline,11.983775702738411
baseline,10.766343508683692
baseline,11.433821315223582
baseline,12.190889532403936
baseline,12.178955383553822
baseline,11.30234923790232
baseline,12.044742677587474
baseline,12.559907894635757
baseline,12.411406240421481
baseline,11.897496234582869
baseline,11.684415391845885
baseline,11.593349639684192
baseline,12.226727270678678
baseline,12.066162057279907
baseline,12.322874304497557
baseline,12.029238308120698
baseline,12.436516826473904
baseline,12.007520893806364
baseline,12.4159894201832
baseline,12.467943723532995
baseline,11.495295882643642
baseline,10.949406278629176
baseline,12.881277822407492
baseline,12.102216949827652
baseline,10.999226502312611
baseline,11.545962340968511
baseline,12.40827864832131
baseline,11.791589186995125
baseline,11.659465439945684
baseline,12.7925121193459
baseline,11.360793811951218
baseline,11.498848499821072
baseline,12.075688796477632
baseline,12.180960523503648
baseline,12.243644381035038
baseline,12.492396696911577
baseline,12.068194406289093
baseline,12.23951477895584
baseline,11.80329804351198
baseline,11.988972895328201
baseline,12.015055301566871
baseline,12.0778615130632
baseline,12.408678987537003
baseline,12.278594499506726
baseline,11.97823833869773
baseline,11.4927327760717
baseline,11.9918630054686
baseline,11.936369996810287
baseline,12.065037782041085
baseline,13.302173266531168
baseline,11.652846410097238
baseline,12.199771724018365
baseline,12.587983606000305
baseline,12.00950531656334
baseline,13.387161970868476
baseline,11.735481817407159
baseline,12.141837863433246
baseline,11.498484792636372
baseline,11.7505796242415
baseline,12.097686297930943
baseline,12.453132319204638
baseline,12.138898784359554
baseline,12.704881336361511
baseline,11.897681133841326
baseline,11.761613683912168
baseline,13.627017465920135
baseline,12.183194255114882
baseline,11.542793118555968
baseline,11.55691501715807
baseline,11.418556574656087
baseline,12.507747808314228
baseline,11.743258737734958
baseline,12.026608224925111
baseline,11.915844144095287
baseline,12.384011304915559
baseline,11.47179069590268
baseline,11.345225654012156
baseline,12.08324818094636
baseline,12.305893938019333
baseline,12.146808049957905
baseline,11.492550154299567
baseline,12.351630247465321
baseline,11.529157219724308
baseline,11.654108806847589
baseline,11.417851530562794
baseline,12.730806638074641
baseline,12.325274511366224
baseline,12.308300696980272
baseline,12.697550967604563
baseline,13.699030345781244
baseline,11.002031131700052
baseline,11.532223316751619
baseline,11.60075477718104
baseline,11.469524145160419
baseline,11.344119636831737
baseline,11.780172671214665
baseline,11.267921452276546
baseline,12.148286035977819
baseline,11.982582573247702
baseline,12.234558519978386
baseline,12.250403632168338
baseline,12.307115468660307
baseline,11.738117008185824
baseline,13.247206248314725
baseline,12.089184932768836
baseline,10.920604568496458
baseline,11.385557223299474
baseline,10.985364223581504
baseline,11.962641414557073
baseline,11.882205819753361
baseline,11.684160792158647
baseline,13.176588234099125
baseline,12.274926852396815
baseline,12.380773388389276
baseline,11.424983668580039
baseline,11.387340755079494
baseline,11.973936206146265
baseline,12.053245496995835
baseline,10.92387264535312
baseline,11.848545038018628
baseline,11.960749903625638
baseline,11.82854312551684
baseline,11.490356829637062
baseline,11.643943774051277
baseline,11.850526189741977
baseline,12.005313859627138
baseline,12.308180294938058
baseline,12.595550026895769
baseline,11.78320361525662
baseline,11.69111410511497
baseline,12.208862545103832
baseline,12.311792596995497
baseline,11.703567155109988
baseline,12.419423673039457
baseline,12.533859539172377
baseline,12.724961348287094
baseline,13.028793963598325
baseline,11.460854511370798
baseline,11.960649106234365
baseline,11.959130054792688
baseline,11.89588794253164
baseline,11.582158558011047
baseline,11.121961442540186
baseline,12.006407530253595
baseline,11.5154731155535
baseline,12.002517299366042
baseline,11.501139996814752
baseline,11.331985586389168
baseline,12.08910714048091
baseline,12.040349392773264
baseline,12.292969246629498
baseline,13.288850821610646
baseline,12.114325401166433
baseline,12.236962524623213
baseline,11.34413169142555
baseline,11.229583623280583
baseline,12.905870982962096
baseline,11.429190675990931
baseline,11.362635261470361
baseline,11.929957502473108
baseline,11.900435204591611
baseline,11.440818221660168
baseline,11.777134051013864
baseline,12.686575344782682
baseline,11.494478309341913
baseline,11.171613538038065
baseline,12.511401384373842
baseline,12.241243197978228
baseline,11.598311886477408
baseline,11.070000652772105
baseline,11.528731038318046
baseline,11.920932687685573
baseline,12.647451636502907
baseline,11.366691547355968
baseline,11.903709218648267
baseline,12.350229082001059
baseline,10.649446660731485
baseline,12.566838803451102
baseline,11.286593225394235
baseline,12.146491979922343
baseline,12.096366534662776
baseline,12.597828140754656
baseline,12.276082174659411
baseline,10.651499307287724
baseline,11.506307144257635
baseline,12.032930403973792
baseline,11.840117610580279
baseline,12.232531619420314
baseline,12.418805398291752
baseline,12.31036434927142
baseline,11.829044577479936
baseline,10.92915524213218
baseline,11.691496728687111
baseline,12.196270789336394
baseline,11.337047073387087
baseline,12.323991877771462
baseline,12.490673926029062
baseline,12.026319386969586
baseline,10.302998670306364
baseline,11.23438561288369
baseline,13.097123647450006
baseline,11.639990880022497
baseline,10.856399016104957
baseline,12.690187562719547
baseline,11.960334547147475
baseline,12.610266174271022
baseline,12.114131121916056
baseline,12.22123984786613
baseline,12.164765910281174
baseline,12.363613691571633
baseline,13.347994687964531
baseline,12.52864750542536
baseline,11.070981444490771
baseline,12.21419351363059
baseline,12.632626292965302
baseline,12.670178106751726
baseline,11.707878309308862
baseline,12.647005453608505
baseline,12.502396403154027
baseline,13.540400913672789
baseline,11.52572509108099
baseline,11.662100708189882
baseline,11.77647971051545
baseline,11.671818664907995
baseline,11.447745951041016
baseline,10.454421173125251
baseline,11.703283957163439
baseline,12.168510166865211
baseline,11.670121129485619
baseline,13.12840408703521
baseline,11.960346269344186
baseline,12.724555747209164
baseline,12.105010554126101
baseline,12.441125979623326
baseline,12.115471696310975
baseline,12.772618707269446
baseline,11.98504594769534
baseline,12.243512428578091
baseline,12.166725932920306
baseline,11.786667950775335
baseline,12.189541334916134
baseline,13.32015910526376
baseline,11.796896472949127
baseline,12.198101728504312
baseline,12.704058451471429
baseline,12.631874509109881
baseline,11.959384357880927
baseline,10.648351884058933
baseline,12.255734145078097
baseline,10.733278112602282
baseline,12.83541735128748
baseline,12.051181437999992
baseline,12.546072618433685
baseline,11.44103752732264
baseline,11.085927559192404
baseline,12.104619766565843
baseline,11.933137225484185
baseline,11.671072392102474
baseline,12.001742309888458
baseline,13.66902062202504
baseline,12.446023378377904
baseline,12.576415564943535
baseline,12.451703281855846
baseline,12.841346679936818
baseline,11.842935994725195
baseline,10.819304462921707
baseline,11.843789151363673
baseline,12.432280122422435
baseline,11.403552696486793
baseline,11.850809638599296
baseline,11.558312605685455
baseline,12.855405866301
baseline,12.394801169693503
baseline,12.336105285946317
baseline,12.31821406329666
baseline,11.931027638287496
baseline,12.067596396815926
baseline,11.285097377975335
baseline,10.750474891092775
baseline,12.039858947492933
baseline,12.141779617310657
baseline,12.674210915214875
baseline,12.898680309387979
baseline,12.897843906681159
baseline,11.387959812021151
baseline,11.750157820944962
baseline,12.234146718666823
baseline,13.513755531043817
baseline,12.84174335265467
baseline,12.619107894292894
baseline,11.729935679672906
baseline,11.451532434314045
baseline,12.41852925714692
baseline,11.331434620893912
baseline,11.815193526298408
baseline,11.886255637985913
baseline,12.912182229146971
baseline,11.748772085982989
baseline,10.619564309965611
baseline,12.24845373091115
baseline,11.554249168560075
baseline,11.977317599974931
baseline,11.902448099709348
baseline,11.795004851696168
baseline,12.419391825874916
baseline,11.096488139164322
baseline,11.65666575044062
baseline,12.355554697296034
baseline,11.601930592550497
baseline,11.05571499784969
baseline,12.346284639795881
baseline,12.621370271738167
baseline,11.926546818125408
baseline,10.868664930648698
baseline,12.368698179222477
baseline,11.028374334034183
baseline,12.132842350868644
baseline,11.449165182693172
baseline,11.298972097717275
baseline,11.699192851341957
baseline,11.84682692193075
baseline,11.584997471843725
baseline,12.29858484588871
baseline,11.696833573968254
baseline,12.534227501667084
baseline,12.116606112796154
baseline,11.555069710346336
baseline,11.461119149522391
baseline,11.03500054505268
baseline,12.122222186656247
baseline,11.748834613513239
baseline,10.654129649615204
baseline,11.646100863980916
baseline,11.441635007161674
baseline,12.90139614849509
baseline,11.005470048756722
baseline,11.145823006195878
baseline,12.61334130463438
baseline,12.765175975502121
baseline,11.528530045144427
baseline,11.591808786208214
baseline,12.315010241315282
baseline,10.67743942357731
baseline,10.921287977038183
baseline,11.790985073649788
baseline,12.885274447418363
baseline,11.702699120798627
baseline,12.01121381981068
baseline,12.627916320166516
baseline,13.238049101968189
baseline,11.622896401687642
baseline,11.942843828536178
baseline,13.05645437923381
baseline,11.102226596878504
baseline,12.563058804737853
baseline,11.376762078025047
baseline,12.012107833717437
baseline,11.812797361228267
baseline,11.410072180161777
baseline,11.39620113043307
baseline,12.113811508328627
baseline,12.543557920519376
baseline,11.877636863223426
baseline,11.993282410606241
baseline,12.288138569290082
baseline,11.402547423785434
baseline,12.388935259710806
baseline,12.436866007514148
baseline,13.560846655014554
baseline,11.736583034447126
baseline,11.690022560023392
baseline,12.406529246591724
baseline,12.436721950974972
baseline,11.646455336342264
baseline,11.72119416200365
baseline,12.270255498002472
baseline,11.482452226636854
baseline,11.71700542099418
baseline,12.004611387776157
baseline,12.54380078503922
baseline,11.607268138744992
baseline,10.931249251414652
baseline,10.891999424142634
baseline,11.244561133177807
baseline,11.215297118172236
baseline,11.863318338847005
baseline,11.283075750235918
baseline,11.552158027835167
baseline,11.51227425456065
baseline,11.699988291719388
baseline,12.743989574522004
baseline,12.342330433171895
baseline,11.96194263839993
baseline,11.688353656462743
baseline,11.704116373411436
baseline,12.14399052088441
baseline,12.295881897012123
baseline,11.43798359674973
baseline,11.973747738854216
baseline,10.831446383449993
baseline,12.075880379527296
baseline,12.402430047127233
baseline,11.791365166874513
baseline,13.052954713991605
baseline,11.4526213435856
baseline,12.079232829271042
baseline,11.931851859658371
baseline,11.894604999954959
baseline,11.886518352467448
baseline,12.014805381464726
baseline,12.454131331636116
baseline,12.778163656137941
baseline,11.951291302136077
baseline,12.434438224484413
baseline,11.552711437443408
baseline,12.404718754747499
baseline,11.519026900426253
baseline,12.601538285872724
baseline,13.30482856621099
baseline,11.882045254352086
baseline,10.74729632615859
baseline,11.63912449123588
baseline,12.688112845087732
baseline,12.277363123499127
baseline,12.097674387237527
baseline,12.551544677762898
baseline,12.236589815280018
baseline,12.679411066511436
baseline,12.49735522558077
baseline,12.867673542925344
baseline,12.16228180692233
baseline,12.488776324233864
baseline,11.775904095589139
baseline,11.609034220411223
baseline,12.983666030112703
baseline,12.078509331236598
baseline,12.42814916106643
baseline,12.024496770034174
baseline,11.617449662235824
baseline,11.958959175762269
baseline,12.814309826082697
baseline,12.278650683406937
baseline,11.000832867181295
baseline,11.828488468272528
baseline,13.031304239453423
baseline,11.829318812259169
baseline,10.95347522162116
baseline,13.101481140502658
baseline,12.354569193669906
baseline,11.912086353979578
baseline,11.739250407454312
baseline,12.596463451968889
baseline,11.6425616293314
baseline,12.636776905015461
baseline,12.270888657213572
baseline,12.095193212129969
baseline,12.037194446266408
baseline,11.85161300582909
baseline,12.57406313080945
baseline,11.461450918968918
baseline,11.048687002722307
baseline,12.313938526326407
baseline,12.323970130158314
baseline,12.234091480267733
baseline,12.191164012615948
baseline,11.768247353039685
baseline,12.417671275317293
baseline,11.92622125098472
baseline,11.67357808555118
baseline,11.773183942470046
baseline,13.182796650571879
baseline,10.988307567766698
baseline,12.245689241160518
baseline,11.018103286879715
baseline,11.890028544798794
baseline,11.703892303025892
baseline,10.803444754445595
baseline,12.180123675504507
baseline,11.734344476860436
baseline,10.796023594443694
baseline,12.449066313478383
baseline,12.813696062641188
baseline,12.847987244287413
baseline,12.162376344755232
baseline,11.979307298069262
baseline,12.74748263574681
baseline,12.968323179879343
baseline,12.62778127791513
baseline,11.419188972213522
baseline,12.06981264389209
baseline,12.209963650790062
baseline,10.94862459261915
baseline,12.227640562041266
baseline,13.34512164247119
baseline,12.329167560843855
baseline,12.837580774844911
baseline,12.059035193742004
baseline,11.910234835962521
baseline,12.175539265940891
baseline,11.48899969082113
baseline,11.406884311580598
baseline,12.7093109631893
baseline,12.774822192890817
baseline,11.391779517280215
baseline,12.52682084511918
baseline,11.902300759063833
baseline,12.151093001734347
baseline,12.222223009070978
baseline,12.5428349558783
baseline,12.000612040082675
baseline,12.798269620777253
baseline,12.133203198360581
baseline,12.319756566891119
baseline,11.479291460664992
baseline,13.271329804215016
baseline,12.227915748656823
baseline,12.372912755866448
baseline,11.056047746077926
baseline,11.48517053712976
baseline,12.691809735437854
baseline,12.119964836196612
baseline,10.893487076425611
baseline,12.569583104569102
baseline,11.641545878652504
baseline,12.798986372379893
baseline,11.901795330772432
baseline,12.071779599650949
baseline,12.655599079575016
baseline,11.443599478116395
baseline,11.390818300070352
baseline,11.839245777534986
baseline,12.44158768532459
baseline,11.205672836764627
baseline,11.024020180257638
baseline,12.439505822136399
baseline,11.608180076546445
baseline,11.727411685935575
baseline,10.923608526276125
baseline,11.56548272605699
baseline,11.94821175639638
baseline,12.503993927244933
baseline,11.51386832922669
baseline,12.952607003734807
baseline,11.562355957330517
baseline,11.563176840358876
baseline,12.877446292202645
baseline,12.075731921574333
baseline,11.636894510165517
baseline,11.863017831986115
baseline,12.762892558574405
baseline,12.833093403951354
baseline,11.488461315837231
baseline,11.928028328308232
baseline,12.004939595041572
baseline,11.394467396791587
baseline,11.920365817708355
baseline,11.955678893611033
baseline,12.631847683068255
baseline,12.673080562313112
baseline,11.763301463008634
baseline,11.829229165681632
baseline,12.343733408366601
baseline,11.618197290347918
baseline,12.298547210571163
baseline,11.90175446311786
baseline,11.403774849374933
baseline,11.41072212642141
baseline,12.821186539080287
baseline,11.86227671282635
baseline,12.941920306633117
baseline,11.658575150618267
baseline,12.122499546747282
baseline,13.422809714742705
baseline,11.35523252253301
baseline,10.901919954462125
baseline,12.721817414417423
baseline,11.482883761593028
baseline,11.940602908348206
baseline,11.617786201320255
baseline,12.108967305482878
baseline,11.414208192360327
baseline,11.848755866104051
baseline,12.216060951831311
baseline,11.382282677437058
baseline,11.553654139965168
baseline,11.752939851342598
baseline,11.15259792748421
baseline,11.71017432279296
baseline,12.021615926488597
baseline,11.723248213877303
baseline,11.796336142071958
baseline,11.941068873744396
baseline,11.578519837204492
baseline,12.359762956796025
baseline,12.814299951249959
baseline,11.68645286872655
baseline,12.237031609839729
baseline,11.814517022637716
baseline,12.166227247732996
baseline,12.895205617254163
baseline,12.250956564929897
baseline,10.967853651647282
baseline,12.21853664113573
baseline,12.688721033371198
baseline,11.824845802043319
baseline,12.543615983995734
baseline,11.559239674442221
baseline,11.121973758415358
baseline,12.034659182551614
baseline,10.976861899273072
baseline,11.814428877858598
baseline,12.721972936142722
baseline,10.895608157906835
baseline,11.233618582183354
baseline,11.369199034693972
baseline,11.915953249533418
baseline,11.742496019336816
baseline,12.791429495561696
baseline,12.518533430806878
baseline,12.243009287979602
baseline,12.037261839739708
baseline,12.18259905631359
baseline,11.463318447412247
baseline,12.459718469135504
baseline,11.325183123654897
baseline,12.446537133369645
baseline,12.660010333308458
baseline,12.075383336174937
baseline,11.850897501182217
baseline,12.186780844892445
baseline,10.404468753571807
baseline,12.128996106508712
baseline,11.887076430039128
baseline,11.923289401139044
baseline,12.369035623153312
baseline,11.909339294639858
baseline,11.309731225665557
baseline,11.870919139676406
baseline,11.991795713649106
baseline,12.019365436603623
baseline,12.046769452896687
baseline,12.570240737620889
baseline,11.339472652977879
baseline,12.0548191130701
baseline,12.723877508680513
baseline,10.98850175478405
baseline,12.057125135264272
baseline,11.618090228318511
baseline,11.739653061249937
baseline,11.439541972395347
baseline,11.854726803950172
baseline,13.06861659517904
baseline,11.241826473400488
baseline,11.293621304635705
baseline,11.221406103122062
baseline,12.996674030151828
baseline,11.6876092965547
baseline,11.937746982236627
baseline,11.721409987324709
baseline,11.417591717173162
baseline,11.817076169150296
baseline,13.465562098145067
baseline,12.787048122442002
baseline,11.4683463172121
baseline,12.333733461260284
baseline,11.480259810897376
baseline,10.96628382962509
baseline,12.558144368734778
baseline,12.644030916850333
baseline,12.574314376839823
baseline,11.683345249169415
baseline,11.856322142037955
baseline,12.394986565849415
baseline,12.181575265274546
baseline,11.726609081588258
baseline,11.05021523643924
baseline,12.018748668211028
baseline,12.594422438479596
baseline,11.27831348854746
baseline,12.328464239451913
baseline,12.146224797841674
baseline,12.395216534351343
baseline,12.468640506876966
baseline,11.556802120201153
baseline,11.051346787487748
baseline,11.64734062112979
baseline,12.479012790018018
baseline,11.642550054864333
baseline,11.557038538695178
baseline,10.942399645781812
baseline,13.01258392335841
baseline,12.440707607850468
baseline,12.407088676318365
baseline,12.526654794832758
baseline,12.291435687014848
baseline,11.811817994618103
baseline,11.858053773508214
baseline,11.70733367920448
baseline,13.581327114551478
baseline,12.279050650963763
baseline,11.68678150683745
baseline,12.225350532369534
baseline,11.380870068823837
baseline,12.856950257207862
baseline,11.575530439998365
baseline,12.246459374046161
baseline,12.586467447058958
baseline,12.177603430867293
baseline,12.007449575148579
baseline,11.958854374311256
baseline,11.919928785553918
baseline,11.622980926924416
baseline,11.694897409646762
baseline,12.841426522719125
baseline,11.889853671833853
baseline,11.505739787472217
baseline,11.657070799440811
baseline,12.607472569655227
baseline,12.350505672155103
baseline,12.281680186195448
baseline,11.80426425163593
baseline,12.289442228815222
baseline,11.585360975098281
baseline,11.803066372849566
baseline,12.527917516138121
baseline,12.470032208428186
baseline,11.396859782407063
baseline,11.466907065214956
baseline,12.015735509434164
baseline,12.99586364194655
baseline,10.892544415920804
baseline,12.114938113011759
baseline,11.181164830721531
baseline,11.590546972449303
baseline,11.743229625719884
baseline,11.711339898415549
baseline,11.647184517233638
baseline,11.956770784673147
baseline,11.64636023252217
baseline,11.134424995082108
baseline,12.413089075089363
baseline,12.396853440208684
baseline,12.45124295412191
baseline,11.09225592944552
baseline,12.12703256867943
baseline,12.350728531827713
baseline,11.369656629049743
baseline,11.95791029454168
baseline,11.885397586546183
baseline,13.069183825941584
baseline,13.121475927556263
baseline,11.025985846862472
baseline,13.488886677158682
baseline,11.433765292773295
baseline,12.534520663030772
baseline,12.528338731044514
baseline,11.389248147775358
baseline,12.241819327461616
baseline,11.89043192545202
baseline,12.278109005464717
baseline,12.086982541373763
baseline,12.666270910151066
baseline,11.996355809556476
baseline,11.855690682755503
baseline,12.60484053162067
baseline,12.293633111482835
baseline,12.38420401217297
baseline,11.573556371212108
baseline,11.361908847117558
baseline,11.628040769627063
baseline,11.598141624729276
baseline,12.416898676342498
baseline,12.531671368551125
baseline,11.863019466689058
baseline,12.811156947888229
baseline,12.772423481424918
baseline,12.094441041027759
baseline,11.485621729816772
baseline,12.901207886239456
baseline,11.917283820932504
baseline,12.025910315310721
baseline,11.75737325661237
baseline,11.447873841271605
baseline,11.131088777406216
baseline,12.324943973229097
baseline,11.507076029080048
baseline,13.864066671446022
baseline,11.339451196850614
baseline,11.245668090654013
baseline,12.251835029774615
baseline,12.87242446176743
baseline,11.990072002417675
baseline,12.288774983672715
baseline,10.930633090802866
baseline,11.56630582093663
baseline,11.346301853137925
baseline,10.903383030433782
baseline,12.020557636233661
baseline,10.721136929523169
baseline,11.210389660733991
baseline,11.64526576187804
baseline,11.480391691740493
baseline,12.184476350959647
baseline,12.130949325416685
baseline,12.481839263620738
baseline,12.396559903878481
baseline,12.632217178719594
baseline,11.951483527265193
baseline,12.129706738192867
baseline,12.252651676309089
baseline,12.034943659820268
baseline,11.724586784320774
baseline,11.761457414201137
baseline,11.488035093309524
baseline,12.199374216345563
baseline,11.898229333226968
baseline,11.57434926410559
baseline,11.574870584660934
baseline,11.271311453571856
baseline,12.533407447902047
baseline,11.998227152264267
baseline,11.462864016087806
baseline,12.430358861801418
baseline,11.63214227210124
baseline,11.164668541408755
baseline,12.559186371588703
baseline,11.64532042258033
baseline,11.717934320319207
baseline,11.976475282894995
baseline,12.633305213136007
baseline,11.964208551747017
baseline,11.277477614353659
baseline,12.27188905109431
baseline,11.67478030246011
baseline,13.098225512181317
baseline,11.951946184374627
baseline,10.725186441166413
baseline,12.161438132060415
baseline,13.134273133673696
baseline,12.901547975295081
baseline,13.062089951406435
baseline,11.375965295120732
baseline,12.492950476269405
baseline,11.541386799134754
baseline,12.08324354943717
baseline,11.237183081412255
baseline,11.584858441050311
baseline,11.56701516946229
baseline,12.484717892467092
baseline,12.425642116903038
baseline,12.1140495335676
baseline,11.195061162669907
baseline,11.773327737139452
baseline,11.527896458993924
baseline,12.467250433979357
baseline,12.655126787811689
baseline,12.58061550582098
baseline,11.522809709468046
baseline,10.466151505880559
baseline,10.971284561590554
baseline,12.805386224691024
baseline,11.722278477449692
baseline,11.525321136337988
baseline,12.94336765580336
baseline,12.708605656393658
baseline,11.966766961722339
baseline,11.783743366543504
baseline,11.876274747121851
baseline,12.084926591857569
baseline,12.916650389135876
baseline,12.19987722834614
baseline,12.380731777754207
baseline,12.649658130850082
baseline,11.293585170143466
baseline,12.398049285364419
baseline,11.783077324393382
baseline,10.58009034019135
baseline,10.780879432323394
baseline,11.376871243517488
baseline,12.264363787329522
baseline,12.018704610974492
baseline,12.059883920273544
baseline,13.13831554074275
baseline,11.23928756153811
baseline,11.936708294649158
baseline,12.130276259231238
baseline,11.533399504128592
baseline,11.969016476245926
baseline,11.060462746212732
baseline,12.798110898264692
baseline,11.564005085762084
baseline,13.18967761119213
baseline,11.933790645249474
baseline,12.563346597212313
baseline,11.921742946788312
baseline,11.934792151063784
baseline,11.618850273100804
baseline,12.021806693467166
baseline,12.138253827958561
baseline,11.506597654574747
baseline,11.880339540823442
baseline,11.604173030407665
baseline,13.3623954966155
baseline,11.900701617411865
baseline,12.882364230377911
baseline,11.839748757220434
baseline,12.103759210465396
baseline,11.210841760739788
baseline,11.696264601803978
baseline,12.075190226300588
baseline,12.907857659236829
baseline,12.081892657307813
baseline,12.781871790286967
baseline,12.32964149784548
baseline,12.933794302656793
baseline,11.918425328245874
baseline,13.421212246509466
baseline,11.674550201906245
baseline,11.516530527710453
baseline,11.271500449027096
baseline,13.38273444457383
baseline,12.43692899931095
baseline,11.76050035255273
baseline,12.69866611297124
baseline,12.35774368256518
baseline,13.147993303566233
baseline,11.088439900578035
baseline,11.799778107415431
baseline,11.687506337336952
baseline,10.861904642675114
baseline,12.583019888545403
baseline,11.796896693924438
baseline,12.388898441236035
baseline,13.401405847006997
baseline,11.749600231443589
baseline,11.7109738323817
baseline,12.021538796406855
baseline,12.538516311940697
baseline,11.628609734017946
baseline,11.592440666864839
baseline,12.581105714728453
baseline,12.173985943746333
baseline,10.824566880926943
baseline,11.263121969545221
baseline,12.854911327456259
baseline,12.187736919856157
baseline,11.518912740646309
baseline,11.854233041860553
baseline,11.960265610285406
baseline,12.386557644716309
baseline,11.190806135084914
baseline,11.475014257046617
baseline,12.111780847980393
baseline,11.894872114180522
baseline,12.288546686697911
baseline,11.260875003295537
baseline,12.161298835604725
baseline,12.60210263237002
baseline,12.237992801288406
baseline,12.0334591855163
baseline,11.897151331898641
baseline,11.478407369303264
baseline,11.91093933452701
baseline,12.705245399009057
baseline,11.883805876064546
baseline,11.447866257929379
baseline,11.67067271961712
baseline,12.069523314153221
baseline,11.73805721047458
baseline,12.237093925447503
baseline,12.25938303025784
baseline,12.478925589291956
baseline,12.80658616437148
baseline,12.543752157560489
baseline,11.42323036044734
baseline,11.440248056343748
baseline,11.908760309176492
baseline,11.69393800933787
baseline,11.310762130498098
baseline,11.699316645180062
baseline,11.680712606642656
baseline,11.569482520590142
baseline,11.770958741208759
baseline,12.655289997737064
baseline,12.068580145500306
baseline,13.47442443462951
baseline,12.051785625538194
baseline,11.785650467262842
baseline,11.954989354918292
baseline,12.102119130635023
baseline,12.207441254937612
baseline,13.218692231288811
baseline,11.472582533495167
baseline,12.460827368706747
baseline,12.073560822806602
baseline,11.075942059057649
baseline,12.407571554429532
baseline,12.710123778674335
baseline,11.465989805877841
baseline,11.947420390620408
baseline,10.993433543008601
baseline,11.244891807660887
baseline,12.575519878450299
baseline,11.685299146936984
baseline,11.326962869371533
baseline,12.086272520030262
baseline,11.653615057537568
baseline,11.682803450675456
baseline,12.388715153986515
baseline,11.297934636497889
baseline,11.439232660054483
baseline,12.04219281489955
baseline,12.527677791171161
baseline,12.691979953895009
baseline,11.573289799504062
baseline,12.508237543279348
baseline,11.506662490047333
baseline,13.05908478593448
baseline,11.3132604856081
baseline,12.747681775046788
baseline,11.578102927715912
baseline,13.178071008351674
baseline,12.300145443385933
baseline,11.378030184208512
baseline,11.653713350593668
baseline,12.413878380842142
baseline,12.578333824923321
baseline,11.911680421623572
baseline,11.97849453503917
baseline,12.400147776468595
baseline,12.02919435370928
baseline,11.225992677228268
baseline,11.490588800308245
baseline,12.089588578806358
baseline,12.678032382982192
baseline,12.926634818546555
baseline,12.412884358720948
baseline,12.120199621215468
baseline,12.39441473152475
baseline,11.572341999752869
baseline,11.86411213647847
baseline,11.484375002660896
baseline,11.250379254574142
baseline,12.147406686983569
baseline,12.060554186369247
baseline,12.357719898975633
baseline,12.273218596227547
baseline,12.09399864819471
baseline,12.27947008307016
baseline,11.927884133284143
baseline,12.194215501057593
baseline,11.539064833538752
baseline,12.168715356745743
baseline,12.346202249632588
baseline,11.57069778737997
baseline,11.982660269312161
baseline,11.59657776041321
baseline,11.651301797465376
baseline,11.318110857731373
baseline,12.708984600408755
baseline,12.5862889848182
baseline,12.268056697424795
baseline,13.15186315289984
baseline,11.843410351464804
baseline,13.845404395320024
baseline,11.821444143370956
baseline,12.10135736542829
baseline,11.724255000444742
baseline,12.170260668599973
baseline,12.446680704355558
baseline,11.886752248122667
baseline,13.02778246837621
baseline,12.091950007119422
baseline,12.110330624981074
baseline,11.437218247955373
baseline,12.197530662245237
baseline,11.875165587957904
baseline,11.605219113577146
baseline,11.510941140942368
baseline,13.60573701878122
baseline,11.800855495397375
baseline,11.137378847551954
baseline,11.554697567247842
baseline,11.922746059798513
baseline,12.273548919795699
baseline,12.278386675736856
baseline,12.35110914939482
baseline,11.584631210451857
baseline,12.151465177784905
baseline,11.455497374314453
baseline,11.598804320746408
baseline,11.432388814746425
baseline,11.283344489640593
baseline,12.585388528905423
baseline,12.35829455319108
baseline,12.532085313899206
baseline,11.975391591718452
baseline,12.411246636948011
baseline,10.974301553942578
baseline,12.46326905522963
baseline,12.055648489571338
baseline,12.321503762178077
baseline,12.174802676232034
baseline,11.39401715755081
baseline,11.115236270804058
baseline,11.54695062983131
baseline,12.284412091542473
baseline,12.359181083587728
baseline,11.185556651813856
baseline,11.397307611871385
baseline,11.540692293516729
baseline,11.747286552108049
baseline,11.188751668850312
baseline,11.156255170763929
baseline,11.485653178947539
baseline,12.00266876355045
baseline,11.287608932336594
baseline,11.885664520780477
baseline,12.581937456414726
baseline,11.22149033004941
baseline,11.833536328262113
baseline,12.56133866416031
baseline,11.712611971806068
baseline,11.624687971249632
baseline,12.646117217860215
baseline,11.776432296317147
baseline,12.609993827020665
baseline,12.20372058916302
baseline,11.755526441971337
baseline,12.233764940699082
baseline,12.139695910579256
baseline,12.558979672652146
baseline,11.638970647843722
baseline,11.976490402489075
baseline,11.916995834651225
baseline,12.367605978152843
baseline,11.372976998721816
baseline,12.556601731224864
baseline,12.22584360063543
baseline,11.213254481400913
baseline,12.673595355836031
baseline,13.31996972292321
baseline,12.547386490142612
baseline,12.80871330360533
baseline,12.00215539527383
baseline,11.02750994252531
baseline,10.9303294971736
baseline,12.101292075254367
baseline,11.614372712674673
baseline,11.434125309221006
baseline,11.916284461791154
baseline,12.31462213854592
baseline,11.139661660311862
baseline,11.695240950594826
baseline,12.860294657991032
baseline,11.345381809363507
baseline,12.4673020693883
baseline,11.674926899163001
baseline,12.273029360278668
baseline,12.605612569091232
baseline,12.389889797402082
baseline,12.49113797461463
baseline,11.303489749566815
baseline,12.615598113339296
baseline,11.468482378811395
baseline,12.103908303785973
baseline,12.103148213514965
baseline,12.236986721761431
baseline,12.149413352723075
baseline,11.473422742866186
baseline,11.195361825672855
baseline,12.468866089273487
baseline,12.060741998013311
baseline,12.637463378604803
baseline,11.926698508367888
baseline,11.165391776710647
baseline,12.525685745439198
baseline,11.739846480064934
baseline,12.15238585511344
baseline,11.583171393850034
baseline,12.944397892705478
baseline,11.455216702105098
baseline,11.758613477538017
baseline,12.01500552250036
baseline,11.336093477817485
baseline,12.1456230002048
baseline,12.92408273458809
baseline,11.671682833120276
baseline,12.183728827695019
baseline,10.461130660006853
baseline,11.93005569129963
baseline,11.772526886204938
baseline,11.487511983880877
baseline,12.595912930762486
baseline,11.764993242418162
baseline,11.85017088857469
baseline,11.735963479057107
baseline,10.89188412380522
baseline,11.31423930676572
baseline,12.522627830400326
baseline,10.790403160270246
baseline,11.516612321040476
baseline,11.72315094389571
baseline,13.006889963282138
baseline,12.406311458816152
baseline,11.633991402731937
baseline,12.732877938757671
baseline,11.531027248733212
baseline,12.551807226364641
baseline,11.190473130420635
baseline,12.59091080051816
baseline,11.719505730659229
baseline,11.371143802539184
baseline,11.827399196184
baseline,12.114357491173815
baseline,11.669257326390822
baseline,12.277884918647228
baseline,11.619433620278238
baseline,12.317480239850939
baseline,12.211565306224907
baseline,11.917338315979102
baseline,11.699492210770961
baseline,12.040710803558763
baseline,12.275683089347647
baseline,13.20913626992324
baseline,12.509476779472882
baseline,12.531674952829471
baseline,13.883570548045375
baseline,12.255291938951544
baseline,12.236702560371457
baseline,12.367526197224796
baseline,11.381920081946102
baseline,11.69806310321123
baseline,11.662796998007632
baseline,12.33375730218816
baseline,11.852069032137694
baseline,12.032941074975923
baseline,12.599580118194682
baseline,12.463307254415541
baseline,11.859228663595607
baseline,11.570521816165623
baseline,12.628825819944018
baseline,12.40949194316482
baseline,11.057081585475219
baseline,11.7724631488361
baseline,12.048869443261227
baseline,12.41246331041901
baseline,12.491708377024446
baseline,12.118211262625994
baseline,12.296524737683406
baseline,11.989808829476928
baseline,11.568358451318746
baseline,11.8021218392827
baseline,11.963601944182852
baseline,11.932514687364312
baseline,10.908390444097094
baseline,11.724422469950616
baseline,11.985200645063953
baseline,11.790621105922298
baseline,11.81038905573676
baseline,12.238688582269498
baseline,11.343364040428218
baseline,11.045411401548227
baseline,11.752491373828324
baseline,12.403611664015317
baseline,12.971574362435966
baseline,12.414448329454524
baseline,11.131291483937812
baseline,11.81867124176801
baseline,12.102202665947102
baseline,12.055923887285333
baseline,12.269169255743867
baseline,11.432754654871484
baseline,11.990277399928686
baseline,12.198609029525358
baseline,12.440681861855978
baseline,11.49463181373684
baseline,11.754208496110019
baseline,10.484280822349731
baseline,11.597781397906276
baseline,11.6524836089291
baseline,11.376062185009761
baseline,12.048925910794864
baseline,11.920215303310563
baseline,10.712626125624906
baseline,12.078101443791606
baseline,11.426506666306265
baseline,12.237322707618521
baseline,11.232336468715351
baseline,11.969991001560285
baseline,11.789595835274355
baseline,12.129492126654453
baseline,12.025054701975144
baseline,11.805613492575423
baseline,11.094655451571413
baseline,11.126466324395249
baseline,11.618930492754897
baseline,11.947799098669236
baseline,11.605214489412209
baseline,12.320370322525807
baseline,11.791849872708733
baseline,11.406199940177423
baseline,11.792492947109698
baseline,12.084163375745959
baseline,12.142306060337285
baseline,13.092164270892829
baseline,11.571130947670447
baseline,11.910084474308105
baseline,12.202039806646225
baseline,11.93902997265365
baseline,11.665936604490641
baseline,11.087674339916752
baseline,11.660159055953669
baseline,11.34625417088519
baseline,10.992766187017194
baseline,11.500228152838892
baseline,11.360901449023716
baseline,12.295653890140008
baseline,12.305973012114118
baseline,11.44005678942565
baseline,11.802714616653754
baseline,10.92285022030379
baseline,11.669488454669102
baseline,12.185996364277154
baseline,12.440239745968016
baseline,11.546394753457074
baseline,12.57785233941835
baseline,11.105729240732636
baseline,11.250987286003001
baseline,12.370912203762384
baseline,12.961242874441897
baseline,12.24191676446229
baseline,11.929238143128352
baseline,10.745921185710639
baseline,10.83626277514685
baseline,12.02780157789096
baseline,11.74685500813128
baseline,11.328592693690439
baseline,11.990619994013393
baseline,12.019480470416621
baseline,12.512506746416154
baseline,12.031995599225723
baseline,12.685971725190834
baseline,11.957226861838054
baseline,11.885934561882014
baseline,12.58545119222602
baseline,11.398776681942522
baseline,13.700225247196153
baseline,12.171990429423898
baseline,12.175278323322647
baseline,12.26072154621965
baseline,13.091375356491145
baseline,12.420696499424421
baseline,11.057725221686706
baseline,12.794117807438951
baseline,11.756636945429623
baseline,12.01483452417073
baseline,11.23375081988538
baseline,12.26137893466625
baseline,11.580972931111319
baseline,12.01076720701021
baseline,11.789060934239073
baseline,13.12180475395985
baseline,13.158283677932253
baseline,11.979571503236961
baseline,11.989716376342024
baseline,11.73809763940268
baseline,12.610917807731562
baseline,11.76346661215874
baseline,11.710869182102932
baseline,12.53325646425181
baseline,11.64464167097365
baseline,11.930735005848124
baseline,11.070460120257353
baseline,12.367631281491821
baseline,13.131897045075846
baseline,12.377848982386803
baseline,12.830353527531274
baseline,11.47214775252171
baseline,12.090294342784565
baseline,11.4182908460598
baseline,11.821308785137562
baseline,12.40848147958418
baseline,12.011728373545305
baseline,11.161345744579334
baseline,11.214285152704024
baseline,11.178389696644146
baseline,12.240742192374894
baseline,13.210478605652309
baseline,12.768701372061823
baseline,10.902886615014289
baseline,12.805044089251531
baseline,12.507645366319267
baseline,11.089801416062896
baseline,11.778145818587987
baseline,12.604509417315226
baseline,12.275790064922205
baseline,11.217511591920355
baseline,12.311731266126152
baseline,10.776005000784377
baseline,11.824142825605541
baseline,12.630468113952027
baseline,11.963255790661359
baseline,11.666887284668467
baseline,12.479145244227007
baseline,12.530922741657134
baseline,12.736289947156976
baseline,12.470071352738534
baseline,12.595866716761835
baseline,12.384861526571104
baseline,12.107421313305771
baseline,12.004562647061183
baseline,11.815867678160153
baseline,11.270235300201616
baseline,11.411565922659427
baseline,11.79025263350316
baseline,12.09329983404868
baseline,12.817304124449661
baseline,11.92839655562068
baseline,12.548385587281073
baseline,12.594609298055872
baseline,11.819198762095507
baseline,12.30215471660805
baseline,11.812276685114892
baseline,12.743761917091524
baseline,12.326721599441719
baseline,11.282198628979666
baseline,12.046538975838047
baseline,12.946789844348496
baseline,11.848014149701749
baseline,12.214817290043486
baseline,12.273079976969587
baseline,11.366668995319948
baseline,12.252173108426074
baseline,11.171525444595696
baseline,11.59544112177556
baseline,12.59241571364995
baseline,12.161079317286555
baseline,11.777416973000674
baseline,12.21407480658992
baseline,11.917818460744062
baseline,11.959884077944336
baseline,12.33926198171682
baseline,11.538380431023395
baseline,11.975985586546685
baseline,11.772968787606597
baseline,11.06815684763972
baseline,11.430866455893574
baseline,12.896723203616737
baseline,12.177576732229543
baseline,11.209633025466
baseline,11.092460317465319
baseline,11.887762468319538
baseline,12.89233403913089
baseline,11.844839069164612
baseline,12.7344127090214
baseline,12.158235075514792
baseline,12.228760755973566
baseline,11.203042206082817
baseline,12.508326052276415
baseline,11.760037701399575
baseline,12.463272037392766
baseline,11.489922542030515
baseline,12.055607303489326
baseline,12.158277616520826
baseline,11.86365053460419
baseline,12.189283051515503
baseline,11.799184788081366
baseline,11.58227265136659
baseline,12.920055597439092
baseline,12.576082812660706
baseline,11.519656217716742
baseline,12.286512611697432
baseline,11.529818003783015
baseline,11.28537089160847
baseline,12.566852983245768
baseline,11.004765367858834
baseline,12.50185909196162
baseline,11.80701146153203
baseline,11.830609682723836
baseline,12.19235948042434
baseline,12.294111576467731
baseline,11.483143162157972
baseline,12.375749112472537
baseline,12.018454686012785
baseline,11.246391922995109
baseline,11.854540683726862
baseline,12.780358850788959
baseline,12.964683457719644
baseline,12.37552284193574
baseline,11.282275347783512
baseline,12.240240397190131
baseline,12.4558837033142
baseline,12.38053908681885
baseline,12.416149273052055
baseline,12.164915586974633
baseline,11.91070035614956
baseline,11.605147219942468
baseline,10.901856007434036
baseline,12.150994752492977
baseline,12.060869595801126
baseline,12.28004105437297
baseline,11.202052098664026
baseline,12.3322044695591
baseline,13.204490263555334
baseline,11.99812972111855
baseline,11.916909358631491
baseline,12.132961784261456
baseline,13.190276872848985
baseline,11.373821422714652
baseline,12.070902078030702
baseline,11.498009998122644
baseline,11.63972735259066
baseline,11.923889479658659
baseline,12.759334594386798
baseline,13.043124385153552
baseline,12.215070189748994
baseline,11.73630387502223
baseline,13.488109392651925
baseline,11.707339289691623
baseline,11.62611621282849
baseline,10.967041093550531
baseline,12.789541187426305
baseline,12.526970724575728
baseline,13.439178614981401
baseline,11.173860756299055
baseline,12.82809646640766
baseline,11.993295408384888
baseline,12.428884030919942
baseline,11.034850324675732
baseline,12.834262666315807
baseline,12.417089789158076
baseline,11.930066779315236
baseline,12.33226186029912
baseline,11.51707022646021
baseline,11.621435967956899
baseline,11.686983146718621
baseline,10.925770305910481
baseline,12.462466059708213
baseline,12.663356730659803
baseline,11.552948263844252
baseline,12.156038332619588
baseline,11.799674905414696
baseline,12.144301034641286
baseline,11.594343082132765
baseline,11.451407222638435
baseline,12.577986512890995
baseline,11.915635019020979
baseline,13.183735975691953
baseline,11.97945351528323
baseline,11.427751032545396
baseline,12.685077747787325
baseline,12.32370836171237
baseline,12.381238251130695
baseline,12.6627471087722
baseline,11.580174482543061
baseline,11.879067043395937
baseline,11.853635125919215
baseline,11.227493879494126
baseline,11.800790890249083
baseline,12.75256599011181
baseline,12.090888492477186
baseline,11.19742763527363
baseline,11.084137189886109
baseline,12.957255568593487
baseline,11.900362147026405
baseline,11.583199038480142
baseline,11.794840263379415
baseline,11.126412501754771
baseline,12.806297843070398
baseline,11.726941461096029
baseline,12.771762178134882
baseline,11.98255550470956
baseline,12.81029537278398
baseline,12.102237932129981
baseline,12.457315994130846
baseline,12.376569536715156
baseline,12.319223135904446
baseline,12.155880099803388
baseline,11.81839416274977
baseline,13.115711381516732
baseline,11.438360981525502
baseline,11.955090617803293
baseline,11.961221683971392
baseline,12.188039683746219
baseline,11.70625044510123
baseline,12.13634036125594
baseline,11.855133887944994
baseline,11.070115753971752
baseline,11.958129979720594
baseline,11.331487320710131
baseline,10.988621988268086
baseline,12.032153667454093
baseline,12.238624492220909
baseline,12.261673763013427
baseline,12.285754078104167
baseline,10.883560381611998
baseline,11.189312464100338
baseline,13.152708562437525
baseline,11.360836985659082
baseline,12.31179027813221
baseline,11.56102089414359
baseline,11.998840739954058
baseline,11.591152125237357
baseline,12.282401776851161
baseline,12.03209581215056
baseline,11.695574314912564
baseline,11.359204937538726
baseline,12.108739230384217
baseline,11.270043797606313
baseline,12.202842532047077
baseline,13.575889843269229
baseline,12.761095905376095
baseline,12.376122455211592
baseline,11.903081524692759
baseline,10.880309487428102
baseline,11.210340516999413
baseline,12.719475379296671
baseline,11.503531032450248
baseline,11.554120183247717
baseline,11.85696911500343
baseline,11.352667709100428
baseline,11.262370163053015
baseline,11.923378468211887
baseline,11.446908621224697
baseline,11.530746169625084
baseline,11.50830909666617
baseline,12.259095671985671
baseline,11.818809675128797
baseline,11.849541973574121
baseline,12.303500000598046
baseline,11.870552491741982
baseline,11.792402898675402
baseline,12.228286475962712
baseline,12.346070672521908
baseline,11.867655172952555
baseline,11.999384547259025
baseline,11.50797476261399
baseline,11.46404060030677
baseline,12.406638489175792
baseline,12.213175510330052
baseline,12.219308301695456
baseline,12.116418867406733
baseline,11.979391568514247
baseline,12.362968544276049
baseline,12.506862153271399
baseline,12.492390616672468
baseline,11.894327993104481
baseline,12.783900010070035
baseline,12.085686881283346
baseline,12.324649940728673
baseline,12.117143359145025
baseline,12.096556248175727
baseline,11.533690919279998
baseline,12.365928955105355
baseline,13.720739260344077
baseline,11.737328077976551
baseline,11.99379487513459
baseline,11.69675650470062
baseline,11.673065081061724
baseline,12.881875341311572
baseline,11.568852429845537
baseline,11.680957545018458
baseline,11.06714318047786
baseline,11.521473256406058
baseline,11.002471749791322
baseline,12.32430850061236
baseline,13.690426860153403
baseline,11.741948274649326
baseline,11.024702402568167
baseline,12.48559215818957
baseline,11.538628142751184
baseline,12.729688566719071
baseline,11.790244305942984
baseline,11.591960614018165
baseline,11.849895025445242
baseline,12.399801360420117
baseline,11.821506503098673
baseline,11.668139167679524
baseline,11.837906357859213
baseline,11.237780825205812
baseline,12.18484437612321
baseline,10.960778956976679
baseline,11.697938417975308
baseline,12.40076827615842
baseline,12.129460611602282
baseline,12.299549098891179
baseline,11.914956036380367
baseline,12.649950112149924
baseline,12.50055197357644
baseline,12.213885335671405
baseline,12.502277225740446
baseline,12.395381958260215
baseline,11.70058078326626
baseline,11.198601489952221
baseline,12.198632265931376
baseline,12.273205150254087
baseline,12.60142345950202
baseline,11.422077240110188
baseline,11.438641552180169
baseline,12.222034384947532
baseline,11.91141968024987
baseline,10.90829067116833
baseline,12.171902331553579
baseline,10.925931798030092
baseline,11.41713024715825
baseline,12.762031054008677
baseline,13.058242358953114
baseline,11.268438954583036
baseline,11.763197570599612
baseline,11.97731266470853
baseline,13.030630090864271
baseline,11.67032082231119
baseline,11.679369752364646
baseline,12.884546578753415
baseline,11.737331448452139
baseline,12.378434851213202
baseline,11.126501381683381
baseline,11.853759910213492
baseline,11.028529919017833
baseline,11.356307697931951
baseline,12.448844980747893
baseline,11.923707289399132
baseline,11.769066050941552
baseline,11.526424819431794
baseline,11.825384870282722
baseline,12.128322924576688
baseline,12.535883739283346
baseline,10.524326094492576
baseline,11.480127116227461
baseline,12.045121107037524
baseline,11.89543248642217
baseline,12.18859238379769
baseline,12.10860194057798
baseline,11.777194217558664
baseline,11.651106046431018
baseline,11.811146364478821
baseline,12.637074624432643
baseline,11.535784823411515
baseline,11.916249767441627
baseline,12.05928506535105
baseline,12.891811682572161
baseline,11.779798412793765
baseline,12.521239543389274
baseline,12.688176989558418
baseline,11.915702232595844
baseline,11.831084488358615
baseline,11.763390290278242
baseline,11.80523626620686
baseline,12.4579242847925
baseline,12.087180377765296
baseline,12.089688062200121
baseline,11.31794945611686
baseline,11.40483006194517
baseline,13.261542636472146
baseline,11.849970778889135
baseline,11.51189129769792
baseline,12.811268851958188
baseline,12.11697929033311
baseline,12.292297635042697
baseline,11.872850949474795
baseline,11.769312960478672
baseline,11.854706306247884
baseline,11.177536669479252
baseline,11.901742387872346
baseline,12.125336765202835
baseline,13.07445307098124
baseline,12.002520548038886
baseline,10.67377783717399
baseline,11.898246493447639
baseline,13.650514342977829
baseline,12.465250276844168
baseline,11.491750475082721
baseline,12.300017715255715
baseline,11.530189998947554
baseline,11.193223676964678
baseline,11.752377642642008
baseline,12.005736562420317
baseline,10.915486862341167
baseline,11.304823760665302
baseline,11.958583968959697
baseline,11.718346786488723
baseline,12.183533020313703
baseline,11.26897871224673
baseline,12.373582360164576
baseline,11.285877272365488
baseline,12.943414105538782
baseline,10.998548146339019
baseline,11.335889068580336
baseline,12.196863575171783
baseline,12.956914525690266
baseline,12.136514923125603
baseline,12.283185805574021
baseline,11.96275869503977
baseline,11.372304750404728
baseline,11.67186609212777
baseline,11.27048585132201
baseline,11.234047081164316
baseline,12.187630954774217
baseline,11.319071875769403
baseline,12.139168966731944
baseline,11.221466930510559
baseline,12.125542443702427
baseline,11.672690014233073
baseline,12.79606904804357
baseline,12.141619910362222
baseline,12.690517053571115
baseline,11.522570990023839
baseline,11.985164446888753
baseline,11.397314358277749
baseline,11.715260627426655
baseline,11.801641216128429
baseline,11.539224945373684
baseline,11.268522813752767
baseline,11.160871626536588
baseline,10.67089639424888
baseline,11.35580522125853
baseline,12.321733307487058
baseline,11.061240603538511
baseline,11.18545874118575
baseline,13.036742853052157
baseline,11.589330314780554
baseline,12.14004691947963
baseline,12.330590710481822
baseline,12.342676591932156
baseline,11.102164731040792
baseline,11.819420632763606
baseline,11.05066761929948
baseline,13.457775834734921
baseline,11.063183483442993
baseline,11.360489194686231
baseline,11.364477089227561
baseline,11.115979473267046
baseline,12.762595730683302
baseline,13.44220484519207
baseline,11.680012479872861
baseline,11.211353136306913
baseline,10.72420407976573
baseline,11.811944082863569
baseline,11.770630013959622
baseline,11.58101682127783
baseline,12.08153688129529
baseline,12.183746736640687
baseline,12.14124581969218
baseline,11.770767312109509
baseline,11.330906947822399
baseline,12.344655441606537
baseline,11.959846548021094
baseline,12.478547084467545
baseline,12.419232256288149
baseline,11.156411842397397
baseline,11.149675250154113
baseline,11.522630207639917
baseline,11.35584984523882
baseline,12.398283622907197
baseline,12.157869040453004
baseline,12.606747228750292
baseline,12.18452260610156
baseline,12.074086937132307
baseline,12.668353117489284
baseline,12.22785790672011
baseline,11.99211276833034
baseline,12.84196367446819
baseline,12.01950931739949
baseline,11.777495328745921
baseline,11.47675346948486
baseline,12.366932886519015
baseline,12.691297059929427
baseline,11.923312940795217
baseline,12.734978338731278
baseline,10.86383567330447
baseline,11.920499742549529
baseline,11.929381306527237
baseline,11.538589309421491
baseline,13.417071930648277
baseline,11.914293343801374
baseline,11.718598168861357
baseline,11.967644780087245
baseline,10.846579269554425
baseline,11.5202129803766
baseline,12.53608051081109
baseline,11.593573999796872
baseline,11.481733578020378
baseline,12.735972505925972
baseline,12.7549621848343
baseline,12.255905041475316
baseline,11.69170303504811
baseline,11.814600718241978
baseline,11.495505816224696
baseline,11.389754556192424
baseline,11.362375024215106
baseline,11.599697745532882
baseline,11.3677171222204
baseline,11.079911818595093
baseline,12.080381775723987
baseline,12.089281306156105
baseline,12.979904848380457
baseline,11.571451287218029
baseline,12.125376445344312
baseline,12.135144020237028
baseline,11.806372959852474
baseline,12.391722984617548
baseline,12.410296910046736
baseline,12.143793103181352
baseline,11.805341270469215
baseline,11.747158360052717
baseline,11.185658798054776
baseline,11.49452056943746
baseline,11.597474616931265
baseline,11.31863630035092
baseline,12.210205030767987
baseline,12.666448012463235
baseline,11.437736868467567
baseline,12.117938381822661
baseline,11.368053227004914
baseline,11.777163203338201
baseline,11.559119716329038
baseline,12.306452535249747
baseline,11.565589910440421
baseline,12.553365546137087
baseline,11.811020773179917
baseline,11.581967181262712
baseline,11.247891074722363
baseline,12.100190818619073
baseline,12.482698362063925
baseline,12.111995429538949
baseline,13.323031140440355
baseline,12.810454060819678
baseline,11.775675295461076
baseline,11.76968144080568
baseline,12.227839756832516
baseline,11.47664445259456
baseline,12.647829505450085
baseline,12.163935261375897
baseline,12.102099732825701
baseline,12.357301263801666
baseline,12.99378262804064
baseline,12.052046843860161
baseline,11.887257218140618
baseline,12.859576905174997
baseline,12.5265485338846
baseline,11.767996578786814
baseline,11.955599847073163
baseline,12.066324030699509
baseline,12.164060511853808
baseline,11.191708631915184
baseline,11.091314955895188
baseline,11.449206149831669
baseline,11.40635161734601
baseline,11.585213303712141
baseline,12.326044762169122
baseline,11.855084119925973
baseline,12.066916917943999
baseline,11.26371626583719
baseline,11.688004587644489
baseline,12.29772301416075
baseline,12.302311112177428
baseline,11.53994355910187
baseline,12.046619399358308
baseline,13.297221320781526
baseline,11.942402978762944
baseline,11.557518418212892
baseline,11.852305923422016
baseline,12.006115200385812
baseline,11.865298837534977
baseline,11.93443860704891
baseline,11.144690597894453
baseline,11.407517386316803
baseline,11.866353633239648
baseline,11.857189046653032
baseline,11.628905047854543
baseline,11.850437467387204
baseline,11.987994692152006
baseline,12.479185901494406
baseline,11.895231388473883
baseline,12.18606801921669
baseline,11.642777897348186
baseline,12.288687595105237
baseline,12.172269404622762
baseline,12.464918371910812
baseline,12.373190495048101
baseline,12.298604129470684
baseline,11.895689593729092
baseline,12.09534406224071
baseline,12.584961073230945
baseline,11.580579720573928
baseline,11.593876191062206
baseline,12.058168201183243
baseline,12.195627308189618
baseline,11.484388489648847
baseline,11.909342966626106
baseline,11.898238795659937
baseline,10.735460070831978
baseline,11.825993917897312
baseline,11.861761114908512
baseline,11.86004994247762
baseline,12.801839708336555
baseline,11.26836142166458
baseline,11.484101141333035
baseline,10.53093311723333
baseline,11.677086242182586
baseline,11.725468448116018
baseline,11.660643809279668
baseline,12.611939557430457
baseline,12.461776726600629
baseline,11.997784635564267
baseline,11.739708467130082
baseline,12.56221135219261
baseline,11.941152150864186
baseline,11.487638727946033
baseline,10.998286711487626
baseline,11.699530683789554
baseline,12.397918094023382
baseline,13.347417417494723
baseline,11.988340705560397
baseline,11.517148283091267
baseline,11.285217394909111
baseline,12.2766954424814
baseline,10.972532130187906
baseline,12.27573745441019
baseline,12.435882368951427
baseline,12.20804810368672
baseline,11.825955104607015
baseline,12.284426009716828
baseline,12.052036924034766
baseline,11.510020628158122
baseline,13.074420792291887
baseline,11.750491510646501
baseline,12.410611638266253
baseline,10.630189477408152
baseline,12.71557715466555
baseline,12.83468703789942
baseline,11.969890776856113
baseline,12.280752556023552
baseline,12.280600242331577
baseline,11.585797758581668
baseline,12.273819796202003
baseline,11.493008886733811
baseline,11.604928093581778
baseline,12.623725502182824
baseline,12.53086555957994
baseline,11.550130304831598
baseline,11.534907626483276
baseline,11.584217645510432
baseline,12.384700026428863
baseline,11.386877083032918
baseline,12.161053585498369
baseline,12.39323284713147
baseline,11.901558830822749
baseline,12.552393803498935
baseline,11.777512710314673
baseline,11.829285118197294
baseline,11.399436902409997
baseline,12.556723667959405
baseline,11.516497799961744
baseline,12.156962769146997
baseline,11.911333569146791
baseline,11.357767175372011
baseline,11.604733283096893
baseline,12.781346175510757
baseline,12.069995579979386
baseline,11.381818348591594
baseline,12.130801202147959
baseline,11.868207351806749
baseline,14.131951617008166
baseline,12.118926638352821
baseline,11.734010605522883
baseline,12.804393408910355
baseline,10.931963652800224
baseline,12.007362371850315
baseline,13.16605055459001
baseline,11.885436410554625
baseline,10.989199762482889
baseline,11.72531243055221
baseline,12.825824626254345
baseline,12.172469603238662
baseline,11.47617877098059
baseline,11.561970948282294
baseline,11.632564462769068
baseline,12.163697858288206
baseline,12.753689332750996
baseline,12.578198806584707
baseline,12.219731077244875
baseline,11.205255921171373
baseline,11.207272584837819
baseline,12.265570007998551
baseline,11.197748025772611
baseline,11.822569117816917
baseline,12.130108639826753
baseline,11.31116392440827
baseline,11.373482542995967
baseline,11.898168236435346
baseline,12.247982091962662
baseline,12.583746833115079
baseline,12.309529921187833
baseline,11.995342406571337
baseline,11.527852711505696
baseline,11.34779195434188
baseline,11.660135010967279
baseline,12.192468442882335
baseline,12.149217262864715
baseline,10.79565960862333
baseline,11.50580630595479
baseline,12.671288051326364
baseline,11.998574560451637
baseline,11.158982721689513
baseline,13.398838274174562
baseline,11.935835189320306
baseline,12.17734690174921
baseline,12.186317033631871
baseline,11.741426366826392
baseline,11.53826522022977
baseline,13.247547762187496
baseline,12.548221072494648
baseline,12.438430174249662
baseline,12.29118593080657
baseline,11.385037459169181
baseline,12.71623025684227
baseline,11.47379952307022
baseline,12.117847550712279
baseline,11.039337482767818
baseline,10.826597108818708
baseline,12.1384259331938
baseline,11.492747663550887
baseline,10.853755584034438
baseline,12.269945407117744
baseline,13.246523589704891
baseline,12.78549159533684
baseline,11.804380629196505
baseline,11.95772022750871
baseline,12.47815309704396
baseline,12.620778790391068
baseline,11.755132523706802
baseline,11.972411238165037
baseline,12.128029947564064
baseline,12.277838979277007
baseline,11.875713114213456
baseline,11.883196915311917
baseline,12.779462402278728
baseline,12.674368311413323
baseline,12.232412933378459
baseline,12.991438416337232
baseline,11.73069911390334
baseline,12.931017610130867
baseline,12.27107910127791
baseline,14.007035745574498
baseline,11.281105785284703
baseline,11.55967139503987
baseline,12.197707305568946
baseline,12.184963953134128
baseline,13.137802980318547
baseline,11.571430912713193
baseline,12.488569934146398
baseline,12.645483983438456
baseline,12.367905573829422
baseline,11.40842119301032
baseline,12.79677840434884
baseline,12.686544105832866
baseline,12.305073854500339
baseline,12.07156953968927
baseline,12.084308740927007
baseline,11.90704855274728
baseline,12.329674983698434
baseline,11.970645633373673
baseline,11.47080022674516
baseline,11.36007534289086
baseline,11.524588215824744
baseline,12.08198018804589
baseline,11.936984713052533
baseline,12.078005328886558
baseline,12.246297725133442
baseline,11.594487174957921
baseline,12.832755743899643
baseline,11.798433144295432
baseline,11.704006089086015
baseline,12.235363680093323
baseline,10.934362103647072
baseline,11.50309691342195
baseline,12.534763441351528
baseline,10.987004938589921
baseline,12.617992623091475
baseline,12.861084056417829
baseline,11.740367519895367
baseline,12.122856561094592
baseline,12.618918185300018
baseline,11.68508798676708
baseline,12.466101959415177
baseline,11.56987460351089
baseline,11.67896299431375
baseline,11.498188923983786
baseline,12.152765065005713
baseline,12.642729030599945
baseline,11.84635851718402
baseline,11.238110981851667
baseline,11.341302190414169
baseline,12.183407906560616
baseline,13.070429702341276
baseline,12.182891506068803
baseline,11.730442701666263
baseline,12.404856175791839
baseline,11.814584922986858
baseline,11.735341874802117
baseline,11.409824630830832
baseline,12.79720656628719
baseline,10.568246714946447
baseline,12.423919464433524
baseline,11.686812959271476
baseline,11.717115219650676
baseline,12.974570086722172
baseline,11.545787908948283
baseline,11.56487160418517
baseline,11.877257854887679
baseline,12.194780601760922
baseline,11.69922361761522
baseline,11.074459697805626
baseline,11.46125345774963
baseline,12.718575631341004
baseline,11.995993711575828
baseline,12.216814185755107
baseline,11.80203209425581
baseline,11.576412421059768
baseline,12.9652962017675
baseline,11.844015597360992
baseline,11.698364732123755
baseline,12.604888280631751
baseline,11.541182094111445
baseline,11.612824996894531
baseline,11.958532453504038
baseline,11.952751323887622
baseline,12.103949127719371
baseline,13.228284389643552
baseline,12.148996153437121
baseline,10.651105211569734
baseline,12.143138460287355
baseline,11.974559818798337
baseline,11.977793060930718
baseline,12.095935096461316
baseline,11.935987676242434
baseline,11.92214231099701
baseline,12.31310528030139
baseline,11.642506647162621
baseline,11.415785376302445
baseline,13.840045391790893
baseline,11.544821538972972
baseline,12.010751648545616
baseline,11.116518452569819
baseline,12.020259436300812
baseline,11.423791682636898
baseline,11.69887351999513
baseline,12.573712326770947
baseline,12.229210754238883
baseline,12.28649189608957
baseline,10.969028441843689
baseline,13.065853534284813
baseline,11.28143426393516
baseline,12.87195468185205
baseline,12.559382179745883
baseline,12.291807724311559
baseline,11.467208213724543
baseline,12.040739429482569
baseline,11.682746942855058
baseline,11.96943000983816
baseline,11.808643330811206
baseline,10.82777696023213
baseline,12.620568379381709
baseline,11.905679376699613
baseline,11.674887477497432
baseline,11.632210842876805
baseline,12.162083422325663
baseline,11.445672815433058
baseline,10.71472294367318
baseline,12.190810293285868
baseline,12.257160177100735
baseline,11.837447006400991
baseline,11.305512361970747
baseline,12.004228981703594
baseline,11.133305092352817
baseline,11.371845965058597
baseline,11.52533604615829
baseline,12.451704597424705
baseline,11.744264584082243
baseline,11.695814406818453
baseline,13.140704381855699
baseline,12.158548451113418
baseline,12.150613528226499
baseline,11.740227813739168
baseline,11.611899168221886
baseline,10.750493407662306
baseline,12.527271317259702
baseline,12.215169406168753
baseline,11.849200646383158
baseline,11.873323284944274
baseline,12.386804385221273
baseline,11.08474399119964
baseline,11.615553952591759
baseline,11.31187195277722
baseline,13.024491156698039
baseline,12.470865215734685
baseline,10.742011249888924
baseline,11.10676845368992
baseline,11.876133960184175
baseline,11.681886608984925
baseline,11.209201616615562
baseline,13.134377874844855
baseline,12.13504245521323
baseline,12.230874733845882
baseline,11.558175190466557
baseline,12.378478320231817
baseline,11.734119898423366
baseline,11.789493020940492
baseline,12.31188632619479
baseline,11.044899914680279
baseline,12.914759394272457
baseline,12.058728028165522
baseline,12.718335351015146
baseline,11.345309548793304
baseline,11.429365032831965
baseline,11.297843243593771
baseline,12.098486028383352
baseline,11.990881944912042
baseline,11.68643506037635
baseline,11.379104426029242
baseline,11.240646158798526
baseline,11.92452925872492
baseline,11.685769280429287
baseline,11.5617667920973
baseline,12.883524470052052
baseline,11.904975889409405
baseline,12.71161481562453
baseline,11.647491604222894
baseline,12.095248532064023
baseline,11.920486654254988
baseline,11.008221058397078
baseline,12.809553961547557
baseline,11.874516967264038
baseline,12.39297535041951
baseline,11.524592423997802
baseline,11.857432604709679
baseline,11.460612123861827
baseline,12.690649706299324
baseline,12.134377455505378
baseline,12.167150918292023
baseline,12.76605551087462
baseline,12.641731307256117
baseline,12.404350173984241
baseline,11.156430620621698
baseline,11.556121960495824
baseline,11.384722433541768
baseline,12.38163490067078
baseline,12.05186960182179
baseline,11.173325017027555
baseline,11.843698361900106
baseline,11.117352610234239
baseline,11.921827574121165
baseline,11.030788400161594
baseline,12.262939554202708
baseline,12.173586620613282
baseline,13.110950815849007
baseline,12.454079736898302
baseline,11.709973731162966
baseline,12.43609849686767
baseline,11.169452180145267
baseline,11.407604698722562
baseline,12.147167346288267
baseline,10.765173880090469
baseline,11.93107882412499
baseline,11.375687825161947
baseline,12.01142938151389
baseline,11.34403543141504
baseline,12.200930347966379
baseline,11.963796915572418
baseline,12.792192098598063
baseline,11.956496946974482
baseline,11.515312797228148
baseline,11.810353513856494
baseline,11.19841827991125
baseline,12.190223775284437
baseline,12.299268675932389
baseline,13.47271687736999
baseline,11.597571073832388
baseline,11.798385231527378
baseline,11.623510668197257
baseline,12.076114466095499
baseline,12.17578664372872
baseline,11.921701335785903
baseline,12.598890652065442
baseline,11.60030231668794
baseline,12.537863880067013
baseline,12.26868947602816
baseline,11.945627697368106
baseline,11.771445536263126
baseline,13.444956248821569
baseline,11.488341297882945
baseline,12.126453588192529
baseline,11.52560364086163
baseline,13.03340675722604
baseline,12.47762080067343
baseline,11.565835693505086
baseline,12.253293926953491
baseline,12.102825280719692
baseline,11.656885879031668
baseline,12.400034272183792
baseline,12.180281789943672
baseline,12.07821311391858
baseline,11.928325704934064
baseline,12.20495649136949
baseline,12.086229927880854
baseline,11.986878248799169
baseline,11.586790780962927
baseline,12.975483064772217
baseline,11.359068461192495
baseline,12.202934322887389
baseline,11.768418340176286
baseline,13.016938379098434
baseline,11.440276848106244
baseline,11.533964224227953
baseline,11.403542928393318
baseline,12.141470514252243
baseline,11.182787044701188
baseline,11.678438505435361
baseline,10.768244162206507
baseline,12.09269561013134
baseline,11.666164729057119
baseline,11.12061651953414
baseline,12.598452990676037
baseline,11.218288241369423
baseline,12.423368064364222
baseline,11.55311817258966
baseline,12.917605001816648
baseline,12.394857366324063
baseline,11.382426713925417
baseline,11.432736027603214
baseline,12.308618024478381
baseline,11.801484466941991
baseline,11.85484649571351
baseline,12.712968297615415
baseline,11.526458770289379
baseline,12.005601171333687
baseline,12.51870304275785
baseline,12.430702199450364
baseline,11.860441189602584
baseline,11.786313357652352
baseline,10.986262828620749
baseline,11.355861084845632
baseline,12.138465957283252
baseline,11.872945882364778
baseline,11.996081095794455
baseline,12.570170387587732
baseline,11.283927472086022
baseline,11.816486164638956
baseline,12.06242363434534
baseline,11.551371112686608
baseline,12.811503630155205
baseline,12.490791104137548
baseline,12.12186972453903
baseline,13.038850206190302
baseline,11.114775327702723
baseline,11.948119687596629
baseline,12.166728312775021
baseline,11.434137079042625
baseline,12.128088579425144
baseline,11.328182269953103
baseline,12.359460229959465
baseline,12.581499451458296
baseline,12.111415480519026
baseline,10.925733260697466
baseline,11.405215213323375
baseline,12.284288658282765
baseline,11.964882024994235
baseline,10.489268523641575
baseline,12.694854108187382
baseline,12.032027221863823
baseline,11.48719058919435
baseline,12.543202939451367
baseline,11.566289856539951
baseline,11.560171986736329
baseline,12.162020386253095
baseline,13.030511001980187
baseline,12.931402438777475
baseline,12.16282149699212
baseline,12.223506964494709
baseline,12.420089264955514
baseline,11.24588550528781
baseline,12.33168535434756
baseline,11.534629603461822
baseline,12.138535881116258
baseline,11.82147956256587
baseline,12.246532330416846
baseline,12.021212087850648
baseline,10.298381833472487
baseline,12.056683925994212
baseline,12.33049256371999
baseline,12.213759431148931
baseline,11.893285181249032
baseline,12.943054724392601
baseline,12.134356152475002
baseline,12.208872976841212
baseline,12.57336316792302
baseline,12.164520465562148
baseline,11.443308323387411
baseline,10.620033789718516
baseline,11.679235605700272
baseline,12.401706330578445
baseline,11.74968418829733
baseline,12.425918765491124
baseline,12.039069421756963
baseline,12.722727842320557
baseline,11.782707110748106
baseline,12.226605796397624
baseline,12.249309002565843
baseline,12.855139467636965
baseline,11.003411796105254
baseline,11.689837506385992
baseline,12.45446785660073
baseline,12.88277921077519
baseline,12.092490551578432
baseline,11.784142740569
baseline,12.399405590893226
baseline,12.466662304679492
baseline,11.745944244363887
baseline,12.145498062158568
baseline,12.65656410900945
baseline,13.09983579631671
baseline,12.390684587232343
baseline,11.978192992509337
baseline,11.921296462224527
baseline,12.279934328626979
baseline,11.885739833823974
baseline,12.062967123968726
baseline,11.35496304062702
baseline,12.728275403109956
baseline,11.309743359072044
baseline,11.704752520238308
baseline,12.009267443444642
baseline,13.163853327702341
baseline,11.710105048528824
baseline,11.57275443161558
baseline,11.637576027424208
baseline,12.953562373041127
baseline,10.429288503010653
baseline,11.38535725854478
baseline,13.645075981313855
baseline,12.299883890862983
baseline,11.328510440315691
baseline,11.92832670511283
baseline,11.991737056939462
baseline,12.453024363769364
baseline,13.067505322360923
baseline,12.17983679107782
baseline,11.643800866574178
baseline,12.41743152535041
baseline,11.55468006716431
baseline,11.36847961640018
baseline,10.975035935166995
baseline,11.079147423505267
baseline,11.444180838727135
baseline,11.28914373309452
baseline,12.135452221753534
baseline,11.277321964943756
baseline,10.263196266191802
baseline,11.362653052865355
baseline,11.68221546550434
baseline,11.60678928076249
baseline,12.866316072679268
baseline,11.60223561297456
baseline,12.47405056024822
baseline,11.94160109320873
baseline,11.928102995516614
baseline,11.478112901280728
baseline,11.918575349639509
baseline,11.517293127203981
baseline,12.051502971547462
baseline,11.816446438591802
baseline,11.417478209799187
baseline,12.541341477944133
baseline,12.202463631280901
baseline,11.695703070216288
baseline,12.037181751477112
baseline,11.904111776285148
baseline,11.460201743145376
baseline,11.993505093447618
baseline,11.598034570785575
baseline,11.417308880669548
baseline,11.048235958416868
baseline,11.746544759006746
baseline,12.285634937542605
baseline,11.55669335299758
baseline,13.506419295974098
baseline,12.476930804055142
baseline,12.732764613246472
baseline,12.42234383319084
baseline,13.07597590447891
baseline,11.505067203346174
baseline,10.557226393932652
baseline,11.696801682465624
baseline,12.280423670109782
baseline,12.040696899451897
baseline,12.113258540886259
baseline,12.743004468450446
baseline,12.176003273795708
baseline,12.42455414133032
baseline,11.420282361282085
baseline,11.334328728579182
baseline,12.925463676516648
baseline,12.011193294166835
baseline,11.596787674548445
baseline,11.597819340933134
baseline,11.582237064997512
baseline,11.548683596544468
baseline,11.231630494393125
baseline,11.11395364391112
baseline,11.840103548792408
baseline,11.613839393095658
baseline,12.61162278828713
baseline,12.123599271755133
baseline,12.107297502546501
baseline,11.52957116919413
baseline,11.882653426110954
baseline,12.163581834411405
baseline,12.374831298568898
baseline,11.89830050282134
baseline,12.59449213413401
baseline,11.95722412600337
baseline,12.420901053376399
baseline,11.672028032928065
baseline,10.947047830050824
baseline,12.109082468858364
baseline,12.380308665606657
baseline,12.290624755976262
baseline,12.19971119265224
baseline,11.752253637698233
baseline,11.494058870905766
baseline,12.276560572173569
baseline,12.202231134804268
baseline,11.631888312064747
baseline,12.613007744520484
baseline,11.451717938730562
baseline,11.619135311881616
baseline,12.939454952211324
baseline,12.466589333022583
baseline,11.746885404246102
baseline,12.120252465506557
baseline,12.04260855657745
baseline,10.463068037625069
baseline,11.438617766348699
baseline,11.923163061845438
baseline,11.747681640260017
baseline,12.096612453328879
baseline,12.625279676874644
baseline,11.767679342913333
baseline,11.355084958740417
baseline,12.142286602019057
baseline,11.764776658067737
baseline,11.862482634350224
baseline,11.784674427887257
baseline,13.324973654182484
baseline,10.722240272546872
baseline,11.729625161148912
baseline,11.950457905897483
baseline,11.508336177244598
baseline,12.485486936656029
baseline,12.43319745951515
baseline,11.924950984230465
baseline,11.796738125202832
baseline,11.88788183663217
baseline,11.892016010260273
baseline,11.907258019103157
baseline,11.844126304958749
baseline,12.099747891303311
baseline,12.39705771395475
baseline,11.260464077907276
baseline,11.358934116442743
baseline,10.981097237282794
baseline,12.465269110580955
baseline,12.098501053149025
baseline,12.248942315379777
baseline,11.152228789385866
baseline,13.03298165418344
baseline,11.604875210244048
baseline,12.050440749094307
baseline,12.458011738350455
baseline,11.394058807889797
baseline,11.640111341431405
baseline,12.056847594837595
baseline,13.728846896073133
baseline,12.128329729835768
baseline,12.920605521389716
baseline,12.672004166755302
baseline,12.167715063767579
baseline,11.392834742426619
baseline,12.582669968186964
baseline,11.115198249189412
baseline,12.917168896566242
baseline,12.069028986897298
baseline,10.511544737494265
baseline,11.756859554597053
baseline,12.337544922626389
baseline,11.81600281093685
baseline,12.374117472294207
baseline,11.46996649117127
baseline,11.219204378668675
baseline,11.911258862195325
baseline,11.970895595167525
baseline,11.752369101508101
baseline,12.68529317742177
baseline,11.469864609458929
baseline,12.13541050406051
baseline,11.992036629549249
baseline,11.083666241749754
baseline,11.212110229606388
baseline,11.95949715795115
baseline,13.157607112867623
baseline,12.29296200063469
baseline,10.993284040398954
baseline,10.279708082344088
baseline,12.384948605705786
baseline,11.896961015589474
baseline,12.632494734684197
baseline,11.452910373451534
baseline,12.15722245828386
baseline,12.45305347342478
baseline,11.696042827535836
baseline,11.708173184758227
baseline,11.967239164585528
baseline,12.271174814655097
baseline,11.944293385796534
baseline,12.530463784440602
baseline,11.68783854377021
baseline,11.207021209531343
baseline,13.154911776336878
baseline,11.607248373132023
baseline,11.627634867397047
baseline,11.914518276807787
baseline,11.991578116958227
baseline,11.730563804912888
baseline,11.942497976172156
baseline,11.929573764269305
baseline,12.054304275608182
baseline,10.661726551247996
baseline,13.093749774761761
baseline,11.867531549884426
baseline,12.29376818671219
baseline,11.180049398925469
baseline,11.682702275905404
baseline,11.569219925816736
baseline,12.83528449839957
baseline,11.61784512569747
baseline,12.399983638421041
baseline,11.581508537431839
baseline,11.693119494606494
baseline,11.811118486282666
baseline,12.720124342032069
baseline,10.906127872798999
baseline,11.21394024750876
baseline,10.875800207346643
baseline,11.338665900681193
baseline,11.491354277887309
baseline,11.052674394055877
baseline,11.534588062899239
baseline,10.840324744091818
baseline,11.376942333589241
baseline,12.668777315442489
baseline,12.188717538088445
baseline,12.061696733633685
baseline,11.385334879108264
baseline,11.094756212454998
baseline,11.310307373915665
baseline,11.927579461303116
baseline,12.46634446566464
baseline,12.487025459164158
baseline,12.323596166716683
baseline,11.532681660814847
baseline,11.966825607210625
baseline,11.767789617914579
baseline,11.836552753806828
baseline,13.193341778115691
baseline,10.973923442412072
baseline,11.817347689537648
baseline,12.675737642208025
baseline,11.132571610694711
baseline,11.585256325322446
baseline,11.649871560724455
baseline,11.823874751447612
baseline,11.062603310122693
baseline,12.302510064677405
baseline,12.34492724516144
baseline,12.250787778143488
baseline,11.458655684890685
baseline,12.00281825110645
baseline,11.442519150988124
baseline,11.761369514033378
baseline,13.267989165518372
baseline,12.00816276599834
baseline,11.283816169589532
baseline,12.057527607137189
baseline,11.194315242125997
baseline,11.277535967721503
baseline,11.36418933701201
baseline,11.697831782820524
baseline,12.507990147248117
baseline,12.292442603122794
baseline,12.259473103935157
baseline,11.332388714620842
baseline,11.642939323026884
baseline,12.111220403872778
baseline,11.593925543644497
baseline,11.792338470505307
baseline,12.211054247610383
baseline,11.752147805463416
baseline,12.084280378725307
baseline,12.912067255971255
baseline,11.853400050355138
baseline,12.65583423084333
baseline,12.28110917766687
baseline,11.131842833603736
baseline,11.330623940294112
baseline,11.479105966284784
baseline,11.467291533655589
baseline,11.900379034981217
baseline,12.31406025774196
baseline,12.702444414133684
baseline,12.132475265573108
baseline,11.697054669128848
baseline,10.804904174304664
baseline,11.99355935733285
baseline,11.967533456548926
baseline,12.059043390581737
baseline,13.237635385433883
baseline,12.693479234058586
baseline,12.416213455873864
baseline,11.407823422424059
baseline,11.658937801654302
baseline,11.897750774715169
baseline,11.511536808262342
baseline,12.246090778629364
baseline,12.161169248966674
baseline,11.338223029668976
baseline,12.666563984408516
baseline,12.012013494571429
baseline,10.991453106704453
baseline,11.922876139593109
baseline,12.11662566478505
baseline,12.529732396205581
baseline,11.758586879435928
baseline,12.442049395046485
baseline,12.0615063261983
baseline,11.21427128805935
baseline,11.159979255387334
baseline,12.621043041656474
baseline,12.666052712243298
baseline,12.141143401604662
baseline,12.851465403939471
baseline,12.580752293593147
baseline,12.35530961202739
baseline,11.43593530705822
baseline,12.999201771397075
baseline,12.267383262789005
baseline,11.731044382452621
baseline,11.57148964241425
baseline,12.10229030688334
baseline,11.022404132421428
baseline,12.364923341973089
baseline,11.412529012211445
baseline,12.169247528712745
baseline,11.654062644057115
baseline,11.800316769887305
baseline,11.521865327339645
baseline,11.859511360618066
baseline,13.099150090770651
baseline,12.782701830461844
baseline,12.159736934442124
baseline,11.937946588749808
baseline,12.451862828428453
baseline,12.625578443576009
baseline,11.481208521996912
baseline,11.907797436794935
baseline,10.942077238067867
baseline,12.621374848843624
baseline,13.211202380515882
baseline,11.999079121912528
baseline,10.78253037677613
baseline,12.310626200404691
baseline,11.439940383116044
baseline,11.57425066814201
baseline,12.321185275822629
baseline,12.100982417559257
baseline,11.67301477819219
baseline,11.581966101372641
baseline,12.025718461762434
baseline,11.717612465244095
baseline,11.326724462002144
baseline,11.761388607622946
baseline,12.150965807307387
baseline,11.849811181455244
baseline,11.160876347270623
baseline,12.539621055949008
baseline,10.466517524144797
baseline,11.69666582148845
baseline,11.598491936552618
baseline,12.038748890016814
baseline,12.282473614090499
baseline,12.623616354179134
baseline,11.54675428595313
baseline,12.297320427495908
baseline,12.066579896032072
baseline,11.000797559133868
baseline,13.106241536276402
baseline,11.147214728040728
baseline,12.198120874201763
baseline,12.180668258812608
baseline,12.11335493523746
baseline,11.669354392136356
baseline,12.441635848820582
baseline,11.081704566688225
baseline,11.914503562232646
baseline,11.630210211797227
baseline,11.56642561042447
baseline,12.203591863133322
baseline,12.59348756541426
baseline,11.755292101922812
baseline,12.41357740959544
baseline,11.981445653077209
baseline,11.446241137683469
baseline,11.804017609773348
baseline,11.780268165432707
baseline,11.555572432119597
baseline,12.20343518461818
baseline,12.089310961054425
baseline,11.065449762868822
baseline,11.032845286788026
baseline,12.201188400473999
baseline,11.489300613496617
baseline,12.128868490878101
baseline,12.4137281533987
baseline,11.238272419190718
baseline,11.161942961249421
baseline,12.963323653925244
baseline,12.158022919481006
baseline,11.712059802952268
baseline,11.423395739939282
baseline,11.660381652165661
baseline,11.282150179620157
baseline,12.47555568629042
baseline,11.51078669020292
baseline,12.603294707187402
baseline,11.722634314956654
baseline,11.36296242119187
baseline,11.708050548565158
baseline,10.5248258576851
baseline,11.88280315234187
baseline,11.854400013834338
baseline,12.440122056469747
baseline,10.908003412864506
baseline,12.645118184759445
baseline,12.437623432392554
baseline,12.700526184534711
baseline,11.92207912941417
baseline,12.55472673183817
baseline,11.129683471206658
baseline,12.372942830483318
baseline,11.513905957189943
baseline,11.032911688185798
baseline,11.318543700268368
baseline,11.955799585575154
baseline,11.484281188659583
baseline,12.172471925272927
baseline,10.949356651795446
baseline,10.781439573532804
baseline,12.77485012284582
baseline,12.487892820918818
baseline,11.359686968984656
baseline,11.950857214729607
baseline,12.558142020139172
baseline,12.197945460418394
baseline,12.038774692398661
baseline,12.604284330874195
baseline,11.536509411002564
baseline,11.9706709277065
baseline,11.942257784998029
baseline,11.795543611134365
baseline,11.72878819589121
baseline,11.994884060059814
baseline,11.972544577564763
baseline,11.360165666722258
baseline,12.426290774564766
baseline,11.39991276919531
baseline,11.826774162645183
baseline,11.78267067831376
baseline,12.161873571085454
baseline,10.78561731898936
baseline,12.480091223980788
baseline,11.56659811241458
baseline,12.680787033490086
baseline,11.678644384985775
baseline,11.92432126726676
baseline,13.114662834522075
baseline,11.792926448395106
baseline,12.69240430961194
baseline,11.975236048038427
baseline,12.195709563934221
baseline,11.993192558989577
baseline,12.454066657294044
baseline,11.561809048303054
baseline,11.395678142457388
baseline,11.588161496671782
baseline,12.010499847291907
baseline,11.825291566375935
baseline,12.371279841829303
baseline,12.733012526414786
baseline,11.400215021681918
baseline,11.534699329699045
baseline,11.148585026965828
baseline,13.189020611662361
baseline,12.130413834401734
baseline,12.233831235353662
baseline,11.200605156141924
baseline,11.951917065238947
baseline,12.251306026416739
baseline,11.806991206421777
baseline,12.592405125686856
baseline,13.37028276043994
baseline,11.416130469376423
baseline,11.374681947767417
baseline,11.454555125279661
baseline,12.920504032055995
baseline,12.572060807007508
baseline,11.874301488807365
baseline,11.973793533880157
baseline,11.488600318873884
baseline,12.479557193262997
baseline,11.7344219955473
baseline,11.802801662626027
baseline,12.310566078217139
baseline,11.844128696204967
baseline,11.817181980641905
baseline,11.958722869718827
baseline,12.422411524364964
baseline,12.945773433820516
baseline,12.296667025621044
baseline,12.42720546522302
baseline,11.837319438577842
baseline,11.549333794403804
baseline,12.337567896049585
baseline,12.0522136095099
baseline,11.155943192377892
baseline,11.76395161341338
baseline,11.904646049874401
baseline,11.660372030355962
baseline,12.842762326869344
baseline,12.233853009677214
baseline,12.775337907477333
baseline,12.106186961632439
baseline,11.999838241383745
baseline,11.421924100713653
baseline,11.959507891454052
baseline,11.9601596730666
baseline,11.18600584611449
baseline,11.643948128216332
baseline,11.766682622657207
baseline,12.194563161738174
baseline,12.222893387764861
baseline,11.620377563353248
baseline,12.227349500684594
baseline,11.847527015174336
baseline,10.400385067806056
baseline,11.674943162870447
baseline,12.594409616159384
baseline,11.016663880120898
baseline,12.018058956340443
baseline,12.907392867800414
baseline,11.519796850830378
baseline,11.953839919550079
baseline,11.220273755177038
baseline,12.93368756199145
baseline,11.904394580689507
baseline,11.97963750589864
baseline,12.763651812641879
baseline,12.342049706448648
baseline,11.455736604041903
baseline,11.583273331168073
baseline,12.242806532083943
baseline,11.596286198624478
baseline,10.786589983960983
baseline,11.921778831502653
baseline,11.124845842151773
baseline,12.926822442606168
baseline,12.055454375988804
baseline,11.439338121867184
baseline,11.55446733870367
baseline,10.906368432139736
baseline,11.332093516736474
baseline,12.556203696302179
baseline,13.318479556903409
baseline,12.380952339491932
baseline,11.899367563988799
baseline,11.704839006496288
baseline,11.410910718395991
baseline,13.207833866450272
baseline,11.843695783845067
baseline,13.243664588632749
baseline,12.787946285854861
baseline,10.985207973583858
baseline,11.572790016521814
baseline,11.571054768248189
baseline,11.90640731212214
baseline,11.917690156217562
baseline,13.821567439972696
baseline,11.344315082110567
baseline,12.08598521120476
baseline,12.31517283040503
baseline,11.951684184588926
baseline,12.016596575039753
baseline,11.362158866579572
baseline,12.014445005276555
baseline,12.252583546956474
baseline,12.143904645162785
baseline,12.287558888984165
baseline,12.799787522114567
baseline,12.507988659341242
baseline,11.993969216220105
baseline,11.292445133650194
baseline,11.609853546373952
baseline,11.8259726065938
baseline,12.099687198956996
baseline,11.678549343193106
baseline,11.422402902384384
baseline,11.283448511440685
baseline,11.033031522058243
baseline,11.817190742131242
baseline,11.130535174694298
baseline,11.386578480268783
baseline,11.726458739810157
baseline,11.202935326605694
baseline,12.174642680013468
baseline,12.389253912614496
baseline,11.638360337740796
baseline,11.701963037524559
baseline,12.268054268611065
baseline,11.545864039105785
baseline,11.507448241874627
baseline,12.666368550602488
baseline,12.476024770668772
baseline,12.306246333554114
baseline,12.501124948857443
baseline,10.860011642593346
baseline,12.763364094455135
baseline,12.18190953135482
baseline,12.552830569889315
baseline,12.179016219889336
baseline,11.980971880811198
baseline,11.794086784317185
baseline,12.167204500231291
baseline,11.773265809714802
baseline,12.466162745530362
baseline,11.067699066816907
baseline,11.642791694219941
baseline,13.198266289197782
baseline,11.595184551391204
baseline,11.815051799251965
baseline,11.451875943044072
baseline,12.14875908148446
baseline,11.533404104292812
baseline,11.845498015686655
baseline,12.454679444915966
baseline,11.554393947451683
baseline,12.418350595220726
baseline,12.438606322872852
baseline,12.579743631994853
baseline,12.034292847666084
baseline,13.986824178591199
baseline,12.579486014976265
baseline,12.142301884771149
baseline,11.45557238099537
baseline,11.89647315680495
baseline,12.808304782288351
baseline,12.985408209220445
baseline,12.840641207745783
baseline,12.416292542124825
baseline,11.246607054698003
baseline,12.238196443478824
baseline,11.254383312010575
baseline,11.120932177091616
baseline,12.091955516575233
baseline,12.259594409034092
baseline,12.48763671236068
baseline,12.244115166993716
baseline,12.264579456194395
baseline,11.395344414636655
baseline,11.891906423761391
baseline,11.110346585005798
baseline,10.846287298932534
baseline,12.389505959133569
baseline,11.523980216388747
baseline,12.468956655905174
baseline,12.612349393038636
baseline,11.598987467337524
baseline,12.299543447500952
baseline,11.575481256233612
baseline,10.929397936234214
baseline,12.02424580152561
baseline,11.682773868053339
baseline,11.700225915168222
baseline,13.15387054075263
baseline,11.100258289457303
baseline,12.176483458066311
baseline,11.389735716452073
baseline,12.49059406082647
baseline,12.12674634989603
baseline,12.174401997130719
baseline,11.417333356940455
baseline,11.517018511960854
baseline,12.502098257738044
baseline,13.024041756234945
baseline,12.234131015552187
baseline,11.443639563784602
baseline,12.15058055268772
baseline,13.445480718023688
baseline,12.012078980883164
baseline,12.830379464721277
baseline,11.531131492241101
baseline,11.928229485761943
baseline,12.316998268422235
baseline,12.185019625193855
baseline,11.516571375051267
baseline,11.492514644847802
baseline,12.539146737870269
baseline,12.663330451651541
baseline,12.861712046214551
baseline,13.044983963130333
baseline,12.030839273480552
baseline,11.773579041048663
baseline,12.761603830968694
baseline,12.372955856466863
baseline,11.39655842485473
baseline,11.368315279994011
baseline,12.241025595931085
baseline,11.850287440735695
baseline,11.937289135106884
baseline,12.590468563098996
baseline,12.400559031735988
baseline,12.748543685854264
baseline,10.884115822047375
baseline,12.10030425569391
baseline,12.361935723012461
baseline,11.099866105392566
baseline,11.578995809798403
baseline,11.475272392704433
baseline,11.965171714832744
baseline,12.934078176351546
baseline,13.184043154964304
baseline,11.489857046214858
baseline,12.261590078113024
baseline,12.280768520987674
baseline,12.179290145788828
baseline,12.185995025770898
baseline,12.129868781051636
baseline,12.971585106609142
baseline,12.608753712579164
baseline,11.353709282526966
baseline,12.422631740951555
baseline,12.480976766510368
baseline,12.136470360969396
baseline,12.626468501077065
baseline,12.062051242862122
baseline,12.069299500633932
baseline,12.023040100189197
baseline,10.83847043112506
baseline,11.906088584808451
baseline,11.571500544146897
baseline,11.284406207446596
baseline,12.813082295538731
baseline,12.248312937275646
baseline,11.935320431364566
baseline,11.629686529790309
baseline,12.125416996907616
baseline,12.541062855607011
baseline,11.482796500687273
baseline,11.949797994885438
baseline,12.466277815501428
baseline,10.881760599729722
baseline,11.919276389256096
baseline,11.706353341551022
baseline,11.875279241596038
baseline,11.665365072667047
baseline,12.032591824885746
baseline,13.120923103084445
baseline,11.766317535286923
baseline,12.122796765755695
baseline,13.166253544938314
baseline,11.63802821139509
baseline,13.051782732124426
baseline,11.955678978315575
baseline,13.031053014166167
baseline,12.395248299060333
baseline,12.131847949341887
baseline,11.914618024108774
baseline,11.596330963259364
baseline,11.996583746087147
baseline,12.483995335614098
baseline,11.945001538567134
baseline,11.770483111217752
baseline,11.808122105435281
baseline,12.541695520291398
baseline,12.683983392114571
baseline,11.572117753086722
baseline,11.571311312055307
baseline,12.174410595696179
baseline,12.87131260988992
baseline,12.635388581488005
baseline,11.24868341574979
baseline,11.800512891931177
baseline,11.425243972159052
baseline,11.798546598572822
baseline,12.919383149683577
baseline,11.155958334570435
baseline,11.050325860655937
baseline,11.481912277795505
baseline,12.120211277986337
baseline,12.317708593266795
baseline,12.208739898629338
baseline,12.653593286634019
baseline,10.973346135950985
baseline,12.661357128977265
baseline,11.773067477867182
baseline,12.384012446708963
baseline,11.20972153360109
baseline,11.955466714079044
baseline,12.090262983250762
baseline,12.641369530759942
baseline,11.068343959176774
baseline,11.97042382181352
baseline,11.339912048330131
baseline,12.249078009307757
baseline,12.411492629924918
baseline,12.722175246223355
baseline,11.646487919478894
baseline,12.502083697928398
baseline,12.76773766674203
baseline,11.037273731404417
baseline,12.312687882849474
baseline,12.521060222125238
baseline,11.80357442108544
baseline,11.271106630964434
baseline,12.511621045115199
baseline,11.277263466115258
baseline,11.849668694662153
baseline,11.929364445716477
baseline,12.37443675302613
baseline,11.594874725154819
baseline,11.562340448340096
baseline,12.010037110893851
baseline,12.550158613670026
baseline,13.354482461214456
baseline,11.110150324282813
baseline,12.136690811861728
baseline,11.339197525847545
baseline,12.557718382962769
baseline,11.420846129752261
baseline,11.567911686437894
baseline,11.615897776319008
baseline,11.908513454058202
baseline,12.14131311051509
baseline,12.236143734431955
baseline,11.949254051729284
baseline,11.206208587029172
baseline,12.381786435964054
baseline,11.921941943481793
baseline,12.645037520907984
baseline,11.549366879681402
baseline,11.059216085675837
baseline,11.932892697566285
baseline,12.72759378611054
baseline,12.046198848847931
baseline,11.837425208337578
baseline,11.458670494029766
baseline,13.015814362438613
baseline,11.370538312915809
baseline,11.539484526113693
baseline,12.287459589461642
baseline,10.924026659667913
baseline,12.714418015893191
baseline,12.319761847380533
baseline,12.485126932102114
baseline,12.280363208984788
baseline,11.859572271205193
baseline,11.35206095383059
baseline,11.871683185383782
baseline,11.400547767340969
baseline,12.237599351612225
baseline,12.429293533969723
baseline,12.839694572008483
baseline,12.169931537575776
baseline,12.500476922104866
baseline,11.781605582040724
baseline,11.678580841267932
baseline,12.230196231766417
baseline,11.730683693069693
baseline,12.109567770177478
baseline,11.35313778509273
baseline,11.45240522008753
baseline,12.326462238108576
baseline,12.477538378712442
baseline,11.39478998349842
baseline,12.347517025621693
baseline,11.647783310810604
baseline,11.962160498043733
baseline,12.80247915963008
baseline,12.429719796204779
baseline,12.422722623273877
baseline,13.111486081535958
baseline,11.551528267917963
baseline,11.394669107455957
baseline,11.541315323307275
baseline,11.805993113973313
baseline,10.663244120848143
baseline,11.832972567835078
baseline,11.641101127277956
baseline,12.415430285616416
baseline,12.158523038896236
baseline,11.609464374459218
baseline,12.29933461784492
baseline,12.379071766335699
baseline,11.515366962249688
baseline,11.670232938609761
baseline,10.730215213228512
baseline,11.336930157307872
baseline,11.529935004242242
baseline,11.995638683888128
baseline,11.417060432424636
baseline,11.658679320674548
baseline,11.263155341078292
baseline,12.052139462274456
baseline,12.201797684160974
baseline,12.187995134563877
baseline,11.959758073980886
baseline,11.092073923485357
baseline,11.59862960004872
baseline,11.7188391550279
baseline,11.72111877841877
baseline,11.996112574753305
baseline,12.807816899004369
baseline,12.432497402265055
baseline,11.393761606222759
baseline,12.352179956199292
baseline,12.329386434711846
baseline,11.494437145098809
baseline,12.4546790745451
baseline,11.860001808900622
baseline,11.162799946182098
baseline,12.219251608168578
baseline,12.078952619176107
baseline,11.821359181758043
baseline,11.930909705200069
baseline,11.543014781001125
baseline,12.311366218722819
baseline,11.927440175774215
baseline,12.049414565023339
baseline,12.161306645352925
baseline,11.301850249503534
baseline,11.445380552769254
baseline,10.738236533948923
baseline,12.284307866090048
baseline,11.270321773362072
baseline,12.029644063346735
baseline,12.169471755308189
baseline,12.306725285941615
baseline,11.274799131284652
baseline,11.914889043543816
baseline,12.960714439786392
baseline,12.988418449602637
baseline,12.538562354073042
baseline,12.14972928903894
baseline,11.38405004273669
baseline,12.37628669127459
baseline,11.861356525385789
baseline,12.281798722347064
baseline,11.591382972173022
baseline,11.852782554333794
baseline,12.048070477397877
baseline,12.096129038870709
baseline,12.242089290566149
baseline,11.621574080188168
baseline,11.198935068241346
baseline,12.93215357109119
baseline,13.485829951655507
baseline,12.214643023314617
baseline,11.209413602103346
baseline,11.51277146140585
baseline,12.251228574939661
baseline,12.755494803463634
baseline,11.269949914686546
baseline,11.880749505107318
baseline,12.06664638322683
baseline,12.464169938253093
baseline,11.755095259304875
baseline,11.079852968745262
baseline,12.317972965370739
baseline,12.622411407848444
baseline,11.904822450537925
baseline,12.189693646789056
baseline,11.680724899416996
baseline,11.47233093672755
baseline,12.5623550947241
baseline,12.179213442471232
baseline,12.240099001973201
baseline,12.855459408695372
baseline,11.356633330361806
baseline,11.636893641714813
baseline,12.044442191250223
baseline,11.629962903030197
baseline,12.41505517617645
baseline,11.84447084824285
baseline,11.390991706204606
baseline,11.990758950588477
baseline,12.051686660778241
baseline,12.506603429939853
baseline,12.182546573296635
baseline,12.2227726839478
baseline,12.13960303699295
baseline,11.843997985695706
baseline,11.54461909439072
baseline,12.121108854142353
baseline,11.761068334310858
baseline,12.973002010307017
baseline,12.756154528160415
baseline,12.324926532222113
baseline,12.17388421741815
baseline,11.901724125841671
baseline,11.243628665908805
baseline,11.827956329740896
baseline,12.011483512642465
baseline,12.086270241109128
baseline,12.227744709738612
baseline,12.498510404075706
baseline,11.558097226035219
baseline,11.563185919694455
baseline,12.82354784660503
baseline,12.407741665082249
baseline,11.728239147636002
baseline,11.890617924578
baseline,11.89321135831196
baseline,11.970900500871084
baseline,12.229610030946288
baseline,13.515779710587005
baseline,12.06303498600214
baseline,12.342719684816117
baseline,11.014169865784293
baseline,11.674831098519249
baseline,12.686230450274294
baseline,12.187965620051989
baseline,9.66230306588096
baseline,12.349557674860879
baseline,13.117447665646583
baseline,10.850210514705006
baseline,12.866230600584784
baseline,10.449721011412343
baseline,12.508614723668611
baseline,11.947585566574137
baseline,10.665610888912058
baseline,12.21388345469051
baseline,12.638359751636331
baseline,12.165283504090134
baseline,12.296274445632251
baseline,11.716356544537035
baseline,10.921184187023925
baseline,12.360243177016663
baseline,13.010758167019961
baseline,12.625339995886943
baseline,10.854435138997555
baseline,11.106158586695368
baseline,11.472222504153079
baseline,11.06420234403433
baseline,11.97822261488311
baseline,12.182708913012267
baseline,11.15182061074927
baseline,12.411439634462306
baseline,12.305980234314498
baseline,11.639075849110178
baseline,11.85301885873677
baseline,10.874484553904695
baseline,11.761560286824611
baseline,11.956873890612524
baseline,12.050757207346216
baseline,12.174126148977173
baseline,12.094935147569714
baseline,11.800359694471027
baseline,12.119555852747789
baseline,12.547506952566007
baseline,11.897373757338709
baseline,12.13801624309215
baseline,11.845176276158814
baseline,11.58356482354682
baseline,12.25940436854975
baseline,11.635088393410584
baseline,12.178417090718042
baseline,11.968975070926433
baseline,11.77772715518545
baseline,11.763909852609778
baseline,11.661693341572466
baseline,11.035907299829587
baseline,12.176497600030556
baseline,12.087494912093252
baseline,12.455164738619873
baseline,11.648505547409549
baseline,13.102964566043523
baseline,11.734516378880716
baseline,11.4560249151452
baseline,11.390355467185032
baseline,10.988868792509509
baseline,12.874493376775654
baseline,12.77403250115432
baseline,12.305766205096644
baseline,11.444378558780892
baseline,13.049626159125019
baseline,11.750468843747027
baseline,11.797680832221435
baseline,12.815095876489826
baseline,12.340513458409113
baseline,13.298675784031524
baseline,12.09756218794784
baseline,11.724679743038868
baseline,11.603213186529604
baseline,10.92880606374852
baseline,11.792207334367392
baseline,12.634532812298431
baseline,12.304626275836272
baseline,11.964365537499658
baseline,11.389665474260772
baseline,12.084756847458848
baseline,12.55406747249981
baseline,12.20475815883664
baseline,12.049581792390397
baseline,11.499515137581088
baseline,12.465743153876096
baseline,10.26904654897423
baseline,12.176468450409434
baseline,13.538959160703373
baseline,11.109669837964482
baseline,11.813513171315853
baseline,11.948012722465242
baseline,11.687471524402527
baseline,12.56841573533622
baseline,12.229472449643374
baseline,12.041154114118642
baseline,12.423566136397291
baseline,11.962302855885131
baseline,13.94523030589703
baseline,12.040597662761853
baseline,12.066266235841212
baseline,11.001368835787456
baseline,11.641733552842657
baseline,12.636238529955236
baseline,11.203185397312591
baseline,10.765535185951412
baseline,11.971330649672113
baseline,12.77383251847427
baseline,11.977172587715827
baseline,11.759357666718193
baseline,10.922720365147802
baseline,12.217505211370279
baseline,12.34192807932857
baseline,10.96343253160794
baseline,12.628371335253881
baseline,12.404562444970828
baseline,12.627014311699059
baseline,12.295498052553073
baseline,12.337386362886424
baseline,12.258121523721885
baseline,12.466523083238075
baseline,10.943774785899432
baseline,11.113609373856715
baseline,11.533547812862963
baseline,11.877588499283213
baseline,12.179591920222439
baseline,12.142186542456633
baseline,12.617706085699028
baseline,12.636923258823208
baseline,11.457538284756504
baseline,12.091614065196284
baseline,11.471185878514193
baseline,11.84398390461329
baseline,12.14048554238754
baseline,10.132245468375796
baseline,13.434902523678907
baseline,12.285300248776489
baseline,11.612275494307715
baseline,13.123304629631296
baseline,11.752912304232668
baseline,12.029614720525338
baseline,11.673576812220668
baseline,12.949225706889381
baseline,11.891901797900502
baseline,12.039510540394998
baseline,12.670842402708617
baseline,12.29646031612966
baseline,11.921138704160239
baseline,12.613598965166009
baseline,13.518068033663967
baseline,12.137907724968155
baseline,12.020429372066374
baseline,12.05185508066496
baseline,12.736530667548825
baseline,11.610308137906223
baseline,11.792366421428303
baseline,11.094025896337255
baseline,11.285817763861948
baseline,11.656221633281266
baseline,11.920220180925426
baseline,13.022959059127157
baseline,12.267199733153037
baseline,11.435510044826216
baseline,11.5380376432926
baseline,12.776312788216668
baseline,12.623521819576812
baseline,11.968913890867286
baseline,11.698843158593377
baseline,12.622495169872375
baseline,11.390553049943017
baseline,12.181890801528898
baseline,13.34490622899404
baseline,12.072159354315597
baseline,11.51142386837374
baseline,12.19272442523874
baseline,11.683263972962486
baseline,11.171373436315598
baseline,12.365740235474867
baseline,12.618151806912635
baseline,11.773746073211408
baseline,11.735939123225206
baseline,11.408106454995592
baseline,11.866008172166419
baseline,11.631059665133284
baseline,11.380779708249747
baseline,13.100922023100635
baseline,12.225940820988965
baseline,12.288865941951169
baseline,12.475548062465139
baseline,12.407774524255558
baseline,11.715541986195669
baseline,12.111544178615734
baseline,11.797678170312745
baseline,12.209340712727787
baseline,12.152201732484743
baseline,11.732852561204206
baseline,11.206530354547
baseline,12.037615848602005
baseline,11.834785200362619
baseline,10.905853214784331
baseline,12.250364033283798
baseline,12.525207493931939
baseline,13.51143011710839
baseline,11.72799656707007
baseline,11.644408597910274
baseline,11.326623481176561
baseline,12.074082445153254
baseline,12.07038208932986
baseline,11.491523493389467
baseline,11.85163493373162
baseline,10.859281629865011
baseline,12.501568672763428
baseline,11.51417587321208
baseline,11.932527937741396
baseline,11.153745210188683
baseline,11.61979435561038
baseline,11.791638176125886
baseline,11.946055614903552
baseline,12.233789839034854
baseline,12.81622434007549
baseline,12.38474288001465
baseline,12.523278100076933
baseline,12.820593116266357
baseline,12.287265222519922
baseline,11.931341266544184
baseline,12.551814591182561
baseline,12.590759078592216
baseline,12.334326437518932
baseline,11.138651880934274
baseline,11.474729958263293
baseline,11.794347065959892
baseline,12.412939480276249
baseline,11.940232291370734
baseline,12.629801789032845
baseline,12.73949961746767
baseline,12.66800958300678
baseline,12.671922709989218
baseline,11.366464548419616
baseline,12.235511520279434
baseline,11.605619022696795
baseline,11.03416077256155
baseline,11.787133382669424
baseline,12.745369206207208
baseline,12.222533092911668
baseline,13.180987349898238
baseline,12.055712952009706
baseline,13.458745068682166
baseline,12.05588304566387
baseline,11.965625304974454
baseline,11.233676693358817
baseline,12.613704009990753
baseline,11.665084200058615
baseline,11.583402665989567
baseline,12.718511934369747
baseline,12.642884490319004
baseline,12.626852339105662
baseline,11.744503661887919
baseline,11.923088331023825
baseline,11.917955924008567
baseline,12.414683013673725
baseline,12.88757020868089
baseline,12.167795584071863
baseline,13.153582197471307
baseline,12.483894237883753
baseline,11.817277447647987
baseline,12.44251574911456
baseline,12.983145141457491
baseline,13.168515641483687
baseline,12.660469989471084
baseline,11.967477922683464
baseline,11.827657493057039
baseline,12.29105503487069
baseline,12.963036269836767
baseline,12.206562641034779
baseline,12.21885425369175
baseline,11.982408068164753
baseline,11.764053471333074
baseline,11.858990867929114
baseline,12.03130961067104
baseline,12.990802746223679
baseline,11.814461667288619
baseline,11.983113278657758
baseline,11.46143156532644
baseline,12.375092457062213
baseline,12.771314864590432
baseline,12.931973479016325
baseline,12.070994283403456
baseline,12.290033110075939
baseline,11.863928402905824
baseline,12.262458762643119
baseline,12.135880833338009
baseline,11.986396646839012
baseline,12.032667111506832
baseline,12.217308685431197
baseline,11.783315198751685
baseline,11.81286739139737
baseline,12.984040247351325
baseline,13.631355133893893
baseline,11.274607808294402
baseline,11.244529441601985
baseline,11.410547248434957
baseline,11.892880045334202
baseline,12.48303853604633
baseline,12.300105024479567
baseline,12.05267530168927
baseline,12.26300378705115
baseline,11.558135285671074
baseline,11.811936033517757
baseline,11.940957184510768
baseline,11.068901035376612
baseline,11.298166407028654
baseline,11.319956445745396
baseline,12.40360794682373
baseline,12.09558779441284
baseline,12.311921683107851
baseline,10.932695525987931
baseline,11.123037242410048
baseline,12.34308904066451
baseline,10.446321850700127
baseline,12.683656167137082
baseline,10.941356540187211
baseline,12.451345923370695
baseline,11.44854305629885
baseline,12.57605284427213
baseline,13.96438522430051
baseline,10.705378901719678
baseline,12.36234840846658
baseline,10.9493963717685
baseline,12.202421304649196
baseline,11.833349029217006
baseline,12.028018909446505
baseline,11.435727510351017
baseline,12.413493170166845
baseline,11.142037753803827
baseline,12.694119751887527
baseline,11.71773476357259
baseline,11.166730747236288
baseline,12.913449988887827
baseline,11.913628920327783
baseline,13.110752116463598
baseline,12.681643410637804
baseline,11.498852766435501
baseline,11.903437960950589
baseline,12.022922031476382
baseline,12.870545682504044
baseline,12.208780898389563
baseline,12.055165123234357
baseline,11.837304786911128
baseline,11.92333049834906
baseline,12.7329263330978
baseline,11.954741629174993
baseline,11.725835904224853
baseline,11.629853546986695
baseline,11.63591253231751
baseline,11.167052664105114
baseline,11.525516332951346
baseline,12.853156454427165
baseline,11.83344824469676
baseline,12.367763978069775
baseline,10.599251973680051
baseline,12.286433398970841
baseline,11.859440467064212
baseline,11.676789920979557
baseline,12.057892662123175
baseline,11.668648055210049
baseline,10.783123637047867
baseline,12.499066511341447
baseline,12.094217478610902
baseline,11.772013032581699
baseline,11.405551491872378
baseline,11.130431540842329
baseline,12.083011212460146
baseline,12.92504190198502
baseline,12.070878407290595
baseline,11.177523970903664
baseline,12.08372811772962
baseline,11.921719767744014
baseline,12.463846767389121
baseline,12.309338817546244
baseline,10.341989662152173
baseline,12.272701220061546
baseline,11.384948031084077
baseline,11.156429866500938
baseline,11.843853891334273
baseline,12.193080470016033
baseline,11.038617944255815
baseline,12.367862755536866
baseline,12.403145321672593
baseline,11.979840356239855
baseline,11.460183578074602
baseline,11.398258808961817
baseline,12.562054502380569
baseline,11.10813549196203
baseline,12.585547767936683
baseline,11.857228611713127
baseline,11.89717966087636
baseline,11.002638243946599
baseline,11.86786055014944
baseline,12.313428389146654
baseline,11.202667709758042
baseline,12.245005279641472
baseline,12.004273616273926
baseline,11.585251725611826
baseline,12.45818593802066
baseline,10.742238172547959
baseline,12.155141384771548
baseline,12.928799209182436
baseline,12.816763784789424
baseline,12.180577789607653
baseline,11.779014445224146
baseline,11.589720010728238
baseline,11.778303349736857
baseline,12.271847554008602
baseline,11.49378159864726
baseline,12.399589199544092
baseline,13.254928777573653
baseline,11.916783427177602
baseline,11.19833228723073
baseline,11.19814231894734
baseline,12.411100942043213
baseline,11.918018468563707
baseline,12.471575848844568
baseline,11.647275831163368
baseline,12.443669220440345
baseline,11.861196656917931
baseline,11.535507339671993
baseline,11.722424251569787
baseline,11.278605425318093
baseline,13.162814526863647
baseline,11.89686390257861
baseline,12.331904003951731
baseline,11.64544908304898
baseline,11.358238108867384
baseline,11.817804012315696
baseline,12.60797493683428
baseline,11.65456475296196
baseline,11.458567742315077
baseline,12.043000816091878
baseline,12.245234838198222
baseline,12.943485571819336
baseline,12.159307562946147
baseline,12.33159230138563
baseline,12.376678850259319
baseline,11.302710622944918
baseline,11.407129369896442
baseline,11.34064820468408
baseline,11.204983785135559
baseline,12.422474433815093
baseline,12.121820817633045
baseline,11.998737989733522
baseline,10.540878525961565
baseline,13.205086938444218
baseline,11.445386666554223
baseline,13.202740708656936
baseline,11.141560495492415
baseline,11.490907953185488
baseline,10.741929648770222
baseline,12.164244496722333
baseline,11.331107457346207
baseline,11.34664046982868
baseline,11.183077854792447
baseline,12.411575980741643
baseline,12.371992811569688
baseline,13.050111030500442
baseline,11.561710942519937
baseline,12.080040229035944
baseline,11.228262071574388
baseline,11.759976693632144
baseline,11.655630855992156
baseline,12.224730184197059
baseline,12.556628978666152
baseline,12.54083825654577
baseline,11.473977751779577
baseline,12.545339013065984
baseline,11.927073180963392
baseline,11.76593274935878
baseline,11.548934191868375
baseline,11.63243162133689
baseline,13.006064990766548
baseline,12.132025782564511
baseline,12.05418305002465
baseline,11.801559589747443
baseline,13.457554407889315
baseline,12.73318464361823
baseline,11.54190858187756
baseline,11.79505572165958
baseline,11.829062014750122
baseline,12.037402839253481
baseline,11.553014449579504
baseline,12.209549573664292
baseline,12.824313567135134
baseline,11.21504681266197
baseline,11.316345621190123
baseline,11.67581695217076
baseline,11.70209453495966
baseline,13.168628605317819
baseline,12.547310602719072
baseline,12.512450017650469
baseline,11.800347107985388
baseline,11.78779511779991
baseline,11.140229825724749
baseline,12.414214811543289
baseline,12.240506042253678
baseline,12.72145178680309
baseline,11.83102095929419
baseline,11.870702423255931
baseline,12.0515153637577
baseline,12.480688872252792
baseline,11.130238326777224
baseline,12.38675146494273
baseline,11.940724973483597
baseline,11.354544119118545
baseline,10.803666003767859
baseline,11.873756840550847
baseline,12.82159329569428
baseline,12.963482680569903
baseline,12.160265806978877
baseline,13.145365493838597
baseline,11.927734907413098
baseline,12.517899357489236
baseline,11.693906521682532
baseline,11.658031019366225
baseline,11.566307183013441
baseline,10.816280451566971
baseline,12.722127143409171
baseline,11.586444424387008
baseline,11.49701698779009
baseline,11.287949663592203
baseline,11.834733579865064
baseline,13.019428778931184
baseline,13.229637906616583
baseline,11.02785100222223
baseline,11.748914115980469
baseline,11.367917301302649
baseline,12.539179163131148
baseline,12.119790019998383
baseline,11.589289138574049
baseline,11.994712461800603
baseline,11.679067006773687
baseline,12.925546515573465
baseline,12.27372293911537
baseline,12.34704362748962
baseline,10.503044714004673
baseline,11.913948973830946
baseline,13.222859475694111
baseline,12.746229517827643
baseline,10.928756583484951
baseline,11.772307939082697
baseline,11.27616428843848
baseline,12.986394913690807
baseline,12.094956569014439
baseline,11.515785835572501
baseline,11.972399764616057
baseline,10.533398395282058
baseline,11.340062677387454
baseline,11.973726248531305
baseline,12.452752766917559
baseline,10.878958756446783
baseline,11.733708790008489
baseline,12.552163793674104
baseline,11.140365961581862
baseline,12.086109933453894
baseline,11.99087683114731
baseline,12.988459791439492
baseline,11.81994993206865
baseline,11.853548464181511
baseline,12.458359077655883
baseline,11.20813311425959
baseline,11.825254625730306
baseline,11.691358540020342
baseline,11.87235309160113
baseline,12.454401647328325
baseline,12.278008704434564
baseline,11.52646243909787
baseline,12.032052122575429
baseline,12.848184898438278
baseline,11.480347239280645
baseline,12.036991394186531
baseline,11.8411621544911
baseline,11.916135182378826
baseline,11.044011190826883
baseline,12.798642490349073
baseline,11.512125774620763
baseline,12.562139669293762
baseline,11.597829398601206
baseline,11.595508281712064
baseline,12.67658231136855
baseline,12.542551667626993
baseline,12.074096486628397
baseline,12.401829595190454
baseline,11.786515165584465
baseline,11.947748287426409
baseline,11.575218784239954
baseline,12.48805314910381
baseline,11.557391559231116
baseline,12.844892677470192
baseline,11.770933237663785
baseline,11.964481840416553
baseline,12.400373199433648
baseline,11.966428064827822
baseline,11.78116936122848
baseline,11.93520909171754
baseline,12.481851128677693
baseline,11.57452970471743
baseline,11.879652496672184
baseline,11.95855566307671
baseline,12.464174013549414
baseline,11.894865888360364
baseline,13.047747754044995
baseline,11.862209354453917
baseline,11.81562478891104
baseline,11.853875231458973
baseline,11.213408668196855
baseline,11.36661171341417
baseline,11.648951760911842
baseline,12.629165717613153
baseline,11.933413481377581
baseline,11.674975907248948
baseline,12.684827966329209
baseline,12.886078311311769
baseline,12.702582399201324
baseline,11.468261702128787
baseline,11.66897431297789
baseline,13.051188265421484
baseline,12.093116672715563
baseline,11.798481066140507
baseline,12.376122499871382
baseline,12.550711462149941
baseline,11.625939401022938
baseline,12.08040361030241
baseline,12.501679781844338
baseline,11.298726777752597
baseline,11.959748987946861
baseline,11.323895470140483
baseline,11.395936720909368
baseline,11.630647028375972
baseline,12.23224036103829
baseline,11.767401544473985
baseline,11.582632981355161
baseline,11.982499081195911
baseline,11.306027654199001
baseline,12.203624653501523
baseline,12.626445478060367
baseline,11.906778183191863
baseline,11.835715221516407
baseline,12.17091834048563
baseline,10.833100251779587
baseline,12.267690130254802
baseline,13.892580139041216
baseline,11.88170396083207
baseline,11.883750249622446
baseline,12.391286508103754
baseline,12.94504501666286
baseline,12.531053983949372
baseline,10.766552818340232
baseline,12.283507893315965
baseline,13.540015224878644
baseline,12.318715517999657
baseline,11.301841319264575
baseline,12.116991668876862
baseline,11.232970302938401
baseline,12.688684087531525
baseline,11.411249974316535
baseline,11.995683719661931
baseline,11.465654265169263
baseline,11.640041526141117
baseline,12.845511967774286
baseline,12.01268121945456
baseline,11.632845238937136
baseline,11.30697853247539
baseline,10.915727071083237
baseline,11.248995110131572
baseline,12.017632588192011
baseline,12.534253569313446
baseline,11.632197160161335
baseline,12.89818483008035
baseline,11.543901914803223
baseline,11.815436812733978
baseline,11.343023345371567
baseline,12.540652844245672
baseline,13.232032359425933
baseline,10.974020930803078
baseline,11.753635584739472
baseline,12.708371449411574
baseline,11.142800593297949
baseline,12.285464160737995
baseline,12.681714778854925
baseline,11.998001017116799
baseline,12.275688640138405
baseline,13.017793774312388
baseline,13.136712027357081
baseline,11.916734897533395
baseline,11.647985401451699
baseline,11.431130059856903
baseline,12.53226684649759
baseline,11.183478300920704
baseline,11.8070963542543
baseline,12.012234411921426
baseline,11.664587948690045
baseline,12.115811556408719
baseline,13.535145364082485
baseline,11.882324882948854
baseline,11.702883237345848
baseline,12.555600209416836
baseline,12.092204594740863
baseline,12.816386339526776
baseline,12.048385980481878
baseline,11.809473108159477
baseline,10.962373813256622
baseline,11.04986018171731
baseline,10.934792205252727
baseline,12.174398938519584
baseline,11.188643923653034
baseline,12.702702439155543
baseline,11.97013025837028
baseline,11.81189929155937
baseline,11.473397656903789
baseline,12.318606655027349
baseline,11.495311939935489
baseline,11.394943653302922
baseline,12.66136534402906
baseline,12.159820753747173
baseline,11.817202933683665
baseline,12.33006221379494
baseline,11.957770399034262
baseline,12.176567280919004
baseline,11.488430834860704
baseline,13.214646092290902
baseline,11.621334607071773
baseline,12.889102355173769
baseline,11.843626780524557
baseline,12.429484719590688
baseline,12.385651038025282
baseline,12.635916324045281
baseline,11.475195311951188
baseline,12.592362253231958
baseline,13.071902428549436
baseline,11.803593542269304
baseline,11.972717837928336
baseline,11.653030684630334
baseline,11.75347931956124
baseline,12.986597206799859
baseline,11.384531246232745
baseline,11.418867197777946
baseline,12.923450085246587
baseline,12.319974049335489
baseline,13.246709553421876
baseline,11.694355753234948
baseline,12.025977896931593
baseline,11.57575053724056
baseline,12.035902978205606
baseline,10.967491006743373
baseline,12.356103749281408
baseline,12.141475830175422
baseline,11.919285117153818
baseline,11.728470391166258
baseline,11.445119215064256
baseline,12.3817424750273
baseline,11.292811035279538
baseline,12.252878692350855
baseline,13.217243584276286
baseline,12.845120100057958
baseline,11.111417767770003
baseline,11.645523094481232
baseline,12.199275999292796
baseline,11.911930928479856
baseline,11.168509099778204
baseline,12.177926565122803
baseline,11.946793259400405
baseline,13.115005865151732
baseline,11.806721538992264
baseline,12.648881265169875
baseline,11.240377987458022
baseline,11.371416660409276
baseline,12.378110961162415
baseline,12.597305562183356
baseline,11.41041453607832
baseline,11.966551596081086
baseline,11.178164684565584
baseline,11.848020589221868
baseline,12.447469904357217
baseline,11.703136966859516
baseline,11.809122935883948
baseline,11.315441180308817
baseline,11.58266651504309
baseline,13.016031766333523
baseline,11.994916997731025
baseline,11.385594746984838
baseline,11.771539542368824
baseline,11.061814814916266
baseline,11.379054500151604
baseline,12.767389851824873
baseline,11.870297594867134
baseline,13.100008067531917
baseline,11.897460434239122
baseline,11.93176278145918
baseline,12.329740148320278
baseline,10.500159249192535
baseline,12.071915724215996
baseline,11.924238633636092
baseline,12.845442362455325
baseline,12.524805072288572
baseline,11.313304000656787
baseline,12.694428327077103
baseline,11.80152086603363
baseline,11.439738462979697
baseline,12.067331408682994
baseline,11.835646141592141
baseline,12.878138010790002
baseline,12.151572134959943
baseline,12.072336795961018
baseline,12.485984051542133
baseline,12.6028896085578
baseline,12.415337190282504
baseline,12.804042977895913
baseline,12.310502009538702
baseline,12.05011696655076
baseline,12.69260257604738
baseline,11.900029097922655
baseline,11.971870886910173
baseline,12.992993178487863
baseline,12.930359677951186
baseline,11.947859368539143
baseline,11.692590717425851
baseline,12.831208550480653
baseline,12.425460942780923
baseline,12.136831554743924
baseline,11.767487088858285
baseline,12.146315987724384
baseline,11.940022660630957
baseline,11.573695814539164
baseline,12.027587501701841
baseline,12.10735992482163
baseline,11.736986604753131
baseline,12.487908294973295
baseline,12.72320057129101
baseline,12.527974127043215
baseline,11.793549678913019
baseline,12.398626063230424
baseline,11.997845505770012
baseline,11.25746982521838
baseline,12.348783119120245
baseline,12.037554342032346
baseline,13.554219479238245
baseline,12.827536708054296
baseline,12.371804788656977
baseline,12.097825034532061
baseline,12.04782222868091
baseline,11.384832123776702
baseline,10.98617136083717
baseline,11.457441628268922
baseline,11.924972727959219
baseline,10.792710427350542
baseline,11.641241641193913
baseline,11.80993706816333
baseline,11.828384021175486
baseline,11.575163106717694
baseline,11.756285077914855
baseline,12.994453019817215
baseline,12.342448717407413
baseline,11.632225764373667
baseline,11.913048234339108
baseline,11.936198920863438
baseline,11.51569657239235
baseline,11.515040671253189
baseline,12.5526739430528
baseline,11.711751024773617
baseline,11.334711895608027
baseline,11.927619651168111
baseline,12.021157485164476
baseline,10.862419768219514
baseline,11.929004450364072
baseline,12.46622549899109
baseline,12.21689833921879
baseline,13.317193584623306
baseline,12.699951003068431
baseline,12.822352426195012
baseline,13.690684987473244
baseline,12.4000294898744
baseline,12.047441462505594
baseline,12.530308239740144
baseline,11.632826084210416
baseline,12.015143902847536
baseline,11.583020759604802
baseline,12.185407247162017
baseline,11.580672638031238
baseline,11.56102600730006
baseline,12.194559466686323
baseline,11.873044190988404
baseline,10.886234087520972
baseline,11.138150103807682
baseline,11.30586115975229
baseline,11.451658868889199
baseline,12.195121063611573
baseline,12.080110186638624
baseline,12.586041359446792
baseline,12.396811164747904
baseline,12.590083754678284
baseline,12.310331202060196
baseline,12.074689594751058
baseline,12.606849759440601
baseline,12.497348630625284
baseline,12.17248480934175
baseline,12.712248993106328
baseline,10.667773234035518
baseline,11.78542335773126
baseline,11.776667348125448
baseline,12.639489189346891
baseline,12.898717323949482
baseline,11.141053960756693
baseline,12.798893401554663
baseline,11.29261657695268
baseline,11.309178349016154
baseline,11.817571815065337
baseline,11.769579261359501
baseline,11.082752208991295
baseline,12.335111031174653
baseline,12.352778503979243
baseline,12.579185893874742
baseline,11.70399000293639
baseline,11.929677616899111
baseline,11.93497542847276
baseline,12.97185263676434
baseline,10.41822802356399
baseline,11.410662580730726
baseline,11.955805208923085
baseline,11.339727910434199
baseline,11.803806821303278
baseline,11.879745516670505
baseline,11.577429296396486
baseline,11.990001840052006
baseline,12.3221247850515
baseline,11.816436805167367
baseline,11.69279303390404
baseline,11.856903314967232
baseline,11.948287590802513
baseline,10.985461892809901
baseline,12.223014143350962
baseline,11.694036744112266
baseline,12.706372280015296
baseline,12.29998609039575
baseline,12.650146513172743
baseline,11.38079565009998
baseline,11.739268107662797
baseline,11.253807121754264
baseline,11.55079354136527
baseline,12.700564277634232
baseline,12.846346578438125
baseline,11.305386073147623
baseline,11.689911537169937
baseline,11.908515340522406
baseline,12.296738205452316
baseline,10.97508839229754
baseline,11.058827246852664
baseline,12.23965848243698
baseline,10.87488650894298
baseline,11.696420670532397
baseline,12.046870144012654
baseline,12.195855667444398
baseline,11.870737566531975
baseline,11.742473281688078
baseline,12.452085985935936
baseline,12.118974857729846
baseline,11.583420086440098
baseline,11.97446864077014
baseline,12.176659283456315
baseline,12.9908892025627
baseline,12.416973559965697
baseline,12.677463463306061
baseline,11.603886911468937
baseline,11.652614682467098
baseline,11.81694474857693
baseline,11.869670057101086
baseline,11.382439358164588
baseline,12.709082392382042
baseline,12.475519072876155
baseline,11.776731651667388
baseline,12.330228181707229
baseline,12.082429327777517
baseline,12.37701049971015
baseline,11.198379885122865
baseline,11.868468040733212
baseline,11.919005441873233
baseline,12.319432773491933
baseline,11.593859426544912
baseline,10.588381416099807
baseline,11.341855940229157
baseline,11.917266116812579
baseline,11.989662048896628
baseline,12.969181287566498
baseline,12.2950339544921
baseline,11.999921089947996
baseline,11.933838706070281
baseline,12.60980329848259
baseline,11.615424912399218
baseline,11.871563243361145
baseline,11.337700666193065
baseline,12.80369691518418
baseline,12.182167477256103
baseline,11.549487545443586
baseline,11.886441780880455
baseline,12.251545233036586
baseline,11.808158534458698
baseline,11.646803501567305
baseline,11.579344992295256
baseline,12.15059432101478
baseline,11.746859787300941
baseline,11.692473835663064
baseline,11.202856880763221
baseline,11.997658940969755
baseline,11.848018513723769
baseline,11.767615112099106
baseline,12.068306751885984
baseline,12.393927067507216
baseline,12.366057622892754
baseline,12.277155840903736
baseline,11.813913702670655
baseline,11.628448866346464
baseline,11.36265092279511
baseline,11.613709518146347
baseline,11.96398402380301
baseline,11.505466528154
baseline,12.008373324170316
baseline,11.405954439444423
baseline,11.027784176888453
baseline,12.436904006628774
baseline,11.680768303358555
baseline,11.477192841095658
baseline,11.33517857309651
baseline,12.200213461031439
baseline,12.776411303611702
baseline,11.72124464075269
baseline,11.828305543931037
baseline,12.589918265895278
baseline,10.948184803863489
baseline,13.14846588474707
baseline,13.456328501689924
baseline,10.483000700362895
baseline,11.89621695794481
baseline,11.543092265107662
baseline,11.800114748631172
baseline,11.712545706018586
baseline,12.432294218861326
baseline,11.887528418994535
baseline,11.436159456719373
baseline,11.853212459828706
baseline,12.254594367358703
baseline,11.285897937011908
baseline,11.03567593142554
baseline,13.164974312591289
baseline,11.585998243276139
baseline,11.873250574237101
baseline,11.724245056304097
baseline,12.27439420512435
baseline,13.025300010226815
baseline,12.293357712956567
baseline,11.104290217386135
baseline,11.176786099520434
baseline,11.723580288720948
baseline,11.798134289943674
baseline,10.995247045470926
baseline,12.436864695000835
baseline,11.339315425569353
baseline,12.849966728324627
baseline,13.055553691154703
baseline,11.809570274026903
baseline,12.209641971765622
baseline,11.259543160887036
baseline,12.319453214014494
baseline,11.66730881304137
baseline,11.338812560955366
baseline,11.78606811415287
baseline,11.685677924652017
baseline,11.765611825214899
baseline,12.515700422612278
baseline,11.506012397539239
baseline,13.00146759756429
baseline,11.208833517241638
baseline,12.926288729394749
baseline,11.377757635919805
baseline,11.952007872805728
baseline,11.671833400151856
baseline,11.75502254004558
baseline,12.426026513334904
baseline,12.854033067712011
baseline,12.66270046509632
baseline,11.720231610605069
baseline,12.059818751767429
baseline,11.507814271112377
baseline,11.391534304447745
baseline,11.306390411678347
baseline,11.701653234159341
baseline,12.098080198234547
baseline,10.894524415894548
baseline,11.925761140883177
baseline,12.864132994137739
baseline,12.620646039286257
baseline,11.618199753451155
baseline,11.169880461183835
baseline,12.221992936759854
baseline,10.682445278901916
baseline,12.613454116833267
baseline,11.829438931754567
baseline,13.062309134690787
baseline,10.992575004294537
baseline,12.49658126624875
baseline,11.894483196876552
baseline,11.762251320191053
baseline,11.184525805878593
baseline,12.302785504356976
baseline,12.350823448599064
baseline,13.033095210955823
baseline,12.551168559646976
baseline,11.613293487131521
baseline,11.384736537112992
baseline,11.185258883216711
baseline,12.837463293324918
baseline,11.509992478517693
baseline,12.841824714416596
baseline,12.260707321726931
baseline,12.145259965550512
baseline,11.776051853586823
baseline,12.341567788909378
baseline,11.943634961496414
baseline,11.740505314312951
baseline,12.362724557364594
baseline,11.869440132648938
baseline,11.498747356084436
baseline,12.305218362406022
baseline,11.915568527898088
baseline,12.23923359642325
baseline,11.692415936735443
baseline,11.272009481713965
baseline,13.001499727497478
baseline,12.883225815890153
baseline,12.475781156762615
baseline,11.729922751468914
baseline,11.779792863548101
baseline,12.781008557158417
baseline,11.749266173855618
baseline,11.591544508939547
baseline,13.088263860520074
baseline,11.924995475772612
baseline,13.022543536374686
baseline,11.169057994355049
baseline,12.256614672465547
baseline,13.215084436058252
baseline,11.969842598637806
baseline,11.800553792868069
baseline,11.29463866194769
baseline,12.596458031675816
baseline,11.514483576453522
baseline,11.897771572689217
baseline,11.258148585342576
baseline,12.889651270278401
baseline,12.640838936106022
baseline,11.934305467711697
baseline,11.302089511202412
baseline,12.876540613040643
baseline,11.742373634539558
baseline,11.32893888893526
baseline,10.97386079562536
baseline,11.584010654317902
baseline,11.13864619769702
baseline,11.597017284547679
baseline,12.391768126591588
baseline,11.736983703911534
baseline,12.160452763981976
baseline,11.540636912877837
baseline,11.990408730210888
baseline,13.119188458913657
baseline,11.752311130390439
baseline,12.17740326073385
baseline,11.078933232842056
baseline,12.866678822326225
baseline,11.679187058165141
baseline,12.57704668389175
baseline,11.881413528305083
baseline,12.312230948704466
baseline,12.347755330903999
baseline,11.693220758197189
baseline,12.602299870788979
baseline,11.520706227165954
baseline,12.411924463910694
baseline,11.728560833074972
baseline,12.156836739889256
baseline,11.68780577969425
baseline,11.981582304570734
baseline,11.345708904420508
baseline,12.09687890218591
baseline,11.978221404626922
baseline,11.643594655704009
baseline,11.920745660186032
baseline,12.030480673275926
baseline,11.600652423787642
baseline,11.878199969013888
baseline,11.383804138978173
baseline,13.392284288119885
baseline,12.58228262868478
baseline,12.111862071573128
baseline,12.651401770157676
baseline,10.85897277905803
baseline,10.558790812019806
baseline,11.723394806947734
baseline,11.179798577777571
baseline,11.81624251606022
baseline,12.072335461627171
baseline,12.497955560024991
baseline,11.310796534933996
baseline,12.18637960845827
baseline,11.960934029806756
baseline,12.155629580015924
baseline,11.65510717425787
baseline,12.78150910320306
baseline,11.89275303265305
baseline,13.026179445471982
baseline,11.503178226797596
baseline,12.39081816766569
baseline,11.918063374225037
baseline,11.764138265363759
baseline,12.32461358403966
baseline,11.78044662608937
baseline,10.505565466408264
baseline,10.303453830094627
baseline,12.713081282030949
baseline,12.687118335440454
baseline,13.097855193862546
baseline,11.94244333359829
baseline,11.226466179498653
baseline,11.711864907243521
baseline,11.959215157136594
baseline,11.382983885853532
baseline,12.947080240153333
baseline,13.323464842625622
baseline,12.232928898353984
baseline,11.946302909694108
baseline,11.225197008552076
baseline,12.88311492410901
baseline,11.996883356630937
baseline,11.786165609060301
baseline,12.234644766618658
baseline,11.617902627570693
baseline,12.037988173903871
baseline,11.145220020785176
baseline,12.599355669604519
baseline,11.892232620285665
baseline,12.643238913074999
baseline,11.83658351069634
baseline,11.87391460965604
baseline,11.270263090969307
baseline,12.400991772360758
baseline,11.455619290297223
baseline,11.673969324894781
baseline,11.953201518681583
baseline,12.023030565728554
baseline,11.003700007582758
baseline,11.81956610490274
baseline,12.4223361286854
baseline,11.735311819711844
baseline,11.82304798078323
baseline,12.047053637099609
baseline,11.879811826014041
baseline,11.370035079032922
baseline,11.93155018345509
baseline,12.54266633252222
baseline,11.3586521404726
baseline,11.737506324941263
baseline,11.178136425534774
baseline,12.510666448354526
baseline,11.899185412854118
baseline,11.469868914509753
baseline,12.006166697083257
baseline,11.275026896068916
baseline,11.368392514709603
baseline,11.135679352378652
baseline,11.350063053807965
baseline,12.765531515061548
baseline,11.535163781368496
baseline,12.225782173569852
baseline,11.477600303333464
baseline,12.400857572709281
baseline,11.372479225492803
baseline,11.975342174765798
baseline,11.983252228809542
baseline,13.380645109141994
baseline,12.323484407156242
baseline,11.613851700587492
baseline,12.35616029866373
baseline,13.258152219465337
baseline,11.04455806687511
baseline,11.474161459480307
baseline,11.816075185698947
baseline,11.713282244508253
baseline,11.761278243377623
baseline,11.220156262527501
baseline,12.794419095310568
baseline,11.155954035427829
baseline,11.837113514699249
baseline,12.574179246756447
baseline,11.935115670723409
baseline,11.39824987734042
baseline,11.196008627907466
baseline,11.82002845440033
baseline,11.521798463014102
baseline,12.07208645027619
baseline,11.167401748233235
baseline,12.43306368414643
baseline,12.019724083066073
baseline,12.063081665035064
baseline,12.817468308177121
baseline,11.701527163775602
baseline,11.5392481783157
baseline,11.639299048767894
baseline,11.841526264709568
baseline,11.899989421696144
baseline,11.480719039056893
baseline,10.83592759477362
baseline,11.631871442901083
baseline,12.162888806954667
baseline,12.031794996186159
baseline,12.668245439113322
baseline,13.141210383874048
baseline,12.400737353495208
baseline,12.781128283571304
baseline,12.405211185594334
baseline,12.98563781634175
baseline,13.074700593801738
baseline,12.516601679172428
baseline,12.368944260779159
baseline,11.83423273923139
baseline,11.928662616376686
baseline,11.758381089254941
baseline,12.31800524143542
baseline,11.542308193926557
baseline,11.842341888979867
baseline,10.66292410400571
baseline,12.993946458060828
baseline,11.825488943105116
baseline,12.219475337838555
baseline,12.827857548223761
baseline,12.127841024136472
baseline,12.81949882308982
baseline,11.254200303267591
baseline,13.425869681797913
baseline,12.599369724893146
baseline,12.074410529550386
baseline,12.807529967597777
baseline,11.294155198726394
baseline,11.78647967410825
baseline,12.819440825639251
baseline,10.918182976960932
baseline,12.281756748533256
baseline,12.26493033869374
baseline,13.149968964821301
baseline,11.069577601323516
baseline,12.922654333837299
baseline,11.632693924208576
baseline,11.696300406252126
baseline,11.26497171144085
baseline,11.338473552081062
baseline,12.188678706901555
baseline,11.325025186526595
baseline,12.389290712103783
baseline,11.574465826316276
baseline,11.269871693148207
baseline,11.650566010013426
baseline,12.149266428001026
baseline,11.792917840284504
baseline,11.972430041014004
baseline,12.362846024668983
baseline,12.596505909912759
baseline,11.774209300624856
baseline,11.362482151444505
baseline,11.996759890333298
baseline,12.2284045729593
baseline,11.135359913327626
baseline,11.4474198555465
baseline,11.54295802163196
baseline,11.832746519980157
baseline,11.519561738742302
baseline,12.369340363558377
baseline,11.057683830195096
baseline,11.071314505987369
baseline,11.760632610822014
baseline,11.85121946991641
baseline,11.138643092810275
baseline,11.606058061473977
baseline,11.722398480620571
baseline,11.726802141860446
baseline,12.04090963643303
baseline,11.575244324942165
baseline,12.840334385237284
baseline,12.238815108945463
baseline,11.493854201905076
baseline,12.007473728905387
baseline,12.024657225845635
baseline,12.677564648465728
baseline,11.609641239584152
baseline,12.405550617212722
baseline,11.97686680114182
baseline,12.848885715316706
baseline,12.724470852518554
baseline,12.067258910811068
baseline,11.801539123993354
baseline,12.2497370389996
baseline,11.8484628737496
baseline,12.967017467338998
baseline,11.998141321365722
baseline,11.719784761399351
baseline,11.689153478631223
baseline,11.269870721005045
baseline,12.279435833405955
baseline,11.486669002864463
baseline,12.606114184734782
baseline,11.226302774199265
baseline,12.02653767504829
baseline,12.637982305661142
baseline,10.768306141226077
baseline,13.18127894335293
baseline,11.70862757852404
baseline,12.034616228700347
baseline,12.288302477432445
baseline,12.38079181125294
baseline,12.112325780565453
baseline,12.54468013267498
baseline,12.257140994304192
baseline,13.017780362626537
baseline,12.25907625678954
baseline,13.147042066528492
baseline,12.486245408483173
baseline,10.950676862528148
baseline,13.56576499496706
baseline,11.624307844606015
baseline,12.85136401488105
baseline,11.968127007039838
baseline,12.583485403239504
baseline,11.560156969103678
baseline,12.32068843061995
baseline,11.806743384826058
baseline,12.903476694271147
baseline,12.209461769639688
baseline,12.507367782193205
baseline,10.762134016976056
baseline,11.903101506849815
baseline,12.192832544042561
baseline,12.082848511321174
baseline,12.522666520316655
baseline,11.742389282304774
baseline,11.980891906587418
baseline,12.656993360842874
baseline,10.702519842322676
baseline,12.298970720116522
baseline,11.760634883659566
baseline,11.435377197905305
baseline,12.149170455185756
baseline,12.685391677152797
baseline,12.570103485564497
baseline,11.874540332090158
baseline,12.470916867068482
baseline,12.466278661368538
baseline,11.90206336987364
baseline,11.557578038603282
baseline,11.590039493079692
baseline,12.448031464354868
baseline,11.92819433829013
baseline,11.36140240006137
baseline,11.015031514280023
baseline,12.444397926610293
baseline,11.639855071548244
baseline,12.145545421449683
baseline,12.692931723959502
baseline,11.217604350357751
baseline,11.926464590877279
baseline,11.854069508076051
baseline,12.174637184049123
baseline,12.692595152068089
baseline,11.206447186360595
baseline,12.287318870086347
baseline,12.565460474661954
baseline,11.845057950458733
baseline,11.873196449047203
baseline,12.197501273209475
baseline,12.15404336624206
baseline,12.294799225452365
baseline,12.282246599530469
baseline,11.396825271086115
baseline,12.540351747906048
baseline,12.648132963091907
baseline,12.060887163078007
baseline,11.117329452787406
baseline,11.886274222824035
baseline,12.06575377678583
baseline,11.307322633703404
baseline,11.745672918724782
baseline,11.163116024385678
baseline,12.309672413781593
baseline,12.049126326844625
baseline,11.035916932656335
baseline,12.157960496250984
baseline,11.919889565287987
baseline,12.255562726861392
baseline,11.727806099421715
baseline,11.496994344794473
baseline,11.514083556217242
baseline,11.644714438600298
baseline,11.963505635893021
baseline,12.038620275215411
baseline,11.842563745176513
baseline,11.70974360627483
baseline,11.750648834465558
baseline,13.497916528439774
baseline,11.514150253751739
baseline,11.633539296071607
baseline,14.02255563625711
baseline,12.199017323783595
baseline,11.179030911646091
baseline,12.45094892445781
baseline,11.43664091369018
baseline,12.491078570961637
baseline,11.830944905655045
baseline,11.70039223513202
baseline,12.922362278815967
baseline,12.285295886585589
baseline,12.529852112463198
baseline,12.207243448960638
baseline,11.69775516881253
baseline,12.312096689963322
baseline,12.674180696592822
baseline,12.03090843783964
baseline,13.043536777144226
baseline,12.455658042867215
baseline,12.07603769772643
baseline,12.099183235964446
baseline,12.032365842457487
baseline,11.249017931065907
baseline,11.900504581150264
baseline,12.081426337379677
baseline,11.713851987962439
baseline,12.149837582397426
baseline,11.964945147687176
baseline,12.409372051555039
baseline,12.343027374344928
baseline,12.049825996695107
baseline,11.185952158707067
baseline,13.036631696000505
baseline,11.870638036689206
baseline,11.905806799220995
baseline,11.755711019947663
baseline,11.672843348274796
baseline,12.881630845479147
baseline,12.783312150907925
baseline,12.212850694330571
baseline,11.890451293443727
baseline,12.31673124108916
baseline,11.995424028518027
baseline,11.842849136817103
baseline,12.150090182177255
baseline,11.699619605897649
baseline,12.099639360386506
baseline,12.071495368917642
baseline,12.307073209842441
baseline,11.599088905030055
baseline,12.371196764772852
baseline,11.438707860940898
baseline,11.625309711784677
baseline,11.649935639311593
baseline,11.347162177344858
baseline,12.555801368238152
baseline,11.403966202126206
baseline,11.55430827986764
baseline,12.70259795008805
baseline,11.626428071654
baseline,11.844043838756656
baseline,11.380230000658345
baseline,12.44507349245475
baseline,12.453393240896958
baseline,12.388486861087571
baseline,12.268113773433178
baseline,11.99530317107193
baseline,11.6525052067077
baseline,11.489477266299026
baseline,12.723862596471012
baseline,12.404026494803638
baseline,11.557452697456078
baseline,11.975692667387035
baseline,11.77990875093441
baseline,11.316310527221635
baseline,12.0559591006498
baseline,11.71418850442669
baseline,11.413101223535396
baseline,11.125428334058373
baseline,11.079858979306817
baseline,11.73924563068466
baseline,11.90337725345105
baseline,11.455918736532293
baseline,12.335626166442445
baseline,11.914666638800435
baseline,12.291541121052937
baseline,11.847049112086438
baseline,11.50500269135618
baseline,12.018889864993326
baseline,11.242783417097721
baseline,12.269248934077261
baseline,11.421618767393008
baseline,12.49663355142752
baseline,11.758028496506734
baseline,12.584365937655281
baseline,11.319376320642254
baseline,11.566161048561723
baseline,12.175340701794843
baseline,12.650410670610972
baseline,12.958407204901428
baseline,11.97658333694834
baseline,13.066392395472706
baseline,11.785879766577123
baseline,12.606492739196684
baseline,11.418832776973911
baseline,12.198536698273818
baseline,10.669890634030116
baseline,11.31994275325709
baseline,12.22604985770275
baseline,11.21569339990362
baseline,12.202528182705157
baseline,12.489502125214297
baseline,11.66553949350444
baseline,11.404021225663094
baseline,11.680897427180216
baseline,11.40575777793928
baseline,11.894076720809396
baseline,12.011885576669332
baseline,11.776541912142733
baseline,12.963278116918175
baseline,11.542836618423978
baseline,12.786652725754756
baseline,11.36412537219227
baseline,11.994831347379426
baseline,12.6581462697952
baseline,12.626427351764178
baseline,11.711482120103375
baseline,12.278549285913744
baseline,12.199115356519664
baseline,11.643715685857048
baseline,12.31483982585726
baseline,13.082081857358451
baseline,12.229027635344119
baseline,12.28526910294875
baseline,12.348439266441284
baseline,11.135224264350182
baseline,12.222226583882136
baseline,11.37762031251024
baseline,11.615550793517658
baseline,13.273442815033178
baseline,11.806702699033442
baseline,11.531218296950895
baseline,12.639427725470622
baseline,11.415790541645153
baseline,11.696068061232406
baseline,12.698684258220418
baseline,11.97739686588393
baseline,11.081044093529396
baseline,12.271956041794946
baseline,11.725000915037253
baseline,12.879003629457255
baseline,11.606374265403362
baseline,12.577468846680569
baseline,13.027136961702958
baseline,11.46945541292951
baseline,11.841132098698987
baseline,12.179880240423339
baseline,11.465895663766897
baseline,12.110218835319081
baseline,11.822939891931693
baseline,11.811394887987465
baseline,11.980979759836018
baseline,11.993951835415036
baseline,12.047914795562413
baseline,11.610517211730226
baseline,11.635118981736909
baseline,11.884059970555306
baseline,11.92668421855044
baseline,11.700929237454176
baseline,12.141749828616424
baseline,10.945894676486501
baseline,11.536647132191233
baseline,11.791445673087361
baseline,11.46657976102015
baseline,12.934921153390498
baseline,11.963526945611203
baseline,12.055443881582493
baseline,11.675776103810314
baseline,11.943456479176055
baseline,11.26865905422984
baseline,11.854573707599654
baseline,11.421696722822492
baseline,11.792889063309701
baseline,10.557646335895418
baseline,11.31642436317088
baseline,12.831676984260469
baseline,12.443533005240775
baseline,12.741848715968503
baseline,12.784351604314764
baseline,12.348937595875967
baseline,11.692977894019595
baseline,11.366322904815771
baseline,12.635850680416226
baseline,11.990059401634998
baseline,13.488949358765963
baseline,11.742848368538477
baseline,13.152309552193863
baseline,11.862063700582754
baseline,12.752361412864627
baseline,12.97732389400624
baseline,11.37420622537226
baseline,11.674775573342414
baseline,11.368677080554757
baseline,11.260636394099539
baseline,12.345393786034894
baseline,11.839171172685315
baseline,11.982970544011904
baseline,12.279245356934043
baseline,10.923303329786561
baseline,12.721925897433518
baseline,11.751964606974328
baseline,12.265064200038752
baseline,12.317683525251923
baseline,12.773864758257778
baseline,11.891975219403674
baseline,10.783247738684015
baseline,11.985736234212045
baseline,12.06943939936669
baseline,11.367970711719964
baseline,12.038347303296993
baseline,11.745171518785865
baseline,11.199223076062147
baseline,12.348038147375247
baseline,11.630294531921036
baseline,11.71936618211456
baseline,11.687473772399226
baseline,12.690329822419965
baseline,11.92890622209257
baseline,11.998507548701621
baseline,11.699915508795993
baseline,12.223792071421437
baseline,12.760568748638143
baseline,12.33390489006072
baseline,12.35724932218829
baseline,12.30903869091701
baseline,11.178888942152236
baseline,11.455464401758233
baseline,11.834373209139262
baseline,11.53922168819319
baseline,11.351296914595151
baseline,10.915476154804496
baseline,11.197173662827321
baseline,11.804834171944664
baseline,11.912425150633593
baseline,11.501691925843884
baseline,11.998406004189157
baseline,11.703775308637352
baseline,12.601485530350132
baseline,11.859283433871138
baseline,12.362919993077622
baseline,12.070906073549626
baseline,11.167066174089427
baseline,11.900166420848702
baseline,11.257536340121916
baseline,11.890093410582532
baseline,11.528447387562478
baseline,12.175947474549492
baseline,11.199440028605894
baseline,11.961114982951877
baseline,12.288878138968206
baseline,12.490190867138773
baseline,11.517811549659628
baseline,11.962882817437455
baseline,12.059755474784495
baseline,12.883547455221393
baseline,11.1242432709411
baseline,11.43605115513734
baseline,13.693591597215578
baseline,11.795351865564943
baseline,10.905524662034004
baseline,11.619683621828612
baseline,10.451281942197234
baseline,12.092988313598454
baseline,12.431104324912011
baseline,11.435740761408509
baseline,11.682858815980367
baseline,12.499918656206
baseline,10.980193783484646
baseline,11.210729186755302
baseline,11.821108364140759
baseline,11.52442137859626
baseline,11.783478350200683
baseline,11.242197088733139
baseline,12.07740216518736
baseline,11.866412414482228
baseline,12.275050394610552
baseline,12.069259590875053
baseline,12.072940199252557
baseline,11.143145305853798
baseline,12.241418036775405
baseline,11.76235633955995
baseline,11.856424151860287
baseline,12.575663034147441
baseline,11.542818856744729
baseline,12.761723494131834
baseline,12.819580622479327
baseline,12.39680071638614
baseline,11.397572046436858
baseline,10.750552384986328
baseline,12.594315749532628
baseline,12.017298137318736
baseline,11.528410131330904
baseline,12.652290860940383
baseline,11.463553807914696
baseline,11.709269106114164
baseline,12.26059934396382
baseline,11.32432742863762
baseline,11.889309238755573
baseline,12.600607979329354
baseline,12.075527405646927
baseline,12.697683279265224
baseline,12.627801882939785
baseline,11.957078675323167
baseline,10.672451427807548
baseline,11.328627231894004
baseline,12.403142474486852
baseline,11.087139982075243
baseline,11.764737149803834
baseline,12.150310859255104
baseline,12.835189235443528
baseline,11.62392707083642
baseline,11.58540221497861
baseline,11.922238472804924
baseline,12.157635252051632
baseline,11.863527703198743
baseline,12.57627516989447
baseline,11.498296312349446
baseline,12.022410966738695
baseline,12.213335741849177
baseline,11.722859474472255
baseline,12.449151921481553
baseline,12.039203849325213
baseline,12.41849182837416
baseline,12.065577292013627
baseline,12.172667254055815
baseline,11.591636839359003
baseline,11.592547400673368
baseline,12.683512956598348
baseline,12.326522676471395
baseline,11.374197822599468
baseline,12.057836243173652
baseline,10.653313612545716
baseline,11.62453552127979
baseline,12.522587876657916
baseline,11.880281254251587
baseline,12.0211009182344
baseline,10.326687811951341
baseline,11.727395988119715
baseline,12.15018812637112
baseline,12.225227920737446
baseline,12.523394167380408
baseline,11.831349101518786
baseline,11.856966046418918
baseline,11.204999171523559
baseline,11.83464055167608
baseline,11.243382662547072
baseline,10.928343129627743
baseline,11.339942791636986
baseline,12.859555258653202
baseline,11.796802510033151
baseline,12.080659736387288
baseline,11.658654298028992
baseline,10.958747314023764
baseline,12.507471158620023
baseline,10.757898858683019
baseline,11.635332825175716
baseline,11.920984459165894
baseline,12.08687552681027
baseline,11.538882893766669
baseline,10.933592966825
baseline,11.49720957157943
baseline,11.526420145368025
baseline,11.51282818573052
baseline,12.52807185176159
baseline,11.269560840951517
baseline,12.12824421080683
baseline,12.044654514223502
baseline,12.522240250209803
baseline,11.875681193126649
baseline,12.419867710182933
baseline,11.8531923556127
baseline,12.2069315172136
baseline,11.112595719142218
baseline,10.51763124262169
baseline,12.173341277504136
baseline,12.205032594396911
baseline,12.231281468504026
baseline,11.652191155637299
baseline,12.847736754392272
baseline,11.689004567272143
baseline,12.198937917840398
baseline,12.302122521122097
baseline,12.991206016190567
baseline,11.770250922274931
baseline,11.579951796390086
baseline,11.115179367939083
baseline,12.886821805029255
baseline,12.1992524438397
baseline,12.21798314610668
baseline,13.902569951601603
baseline,12.142400245187961
baseline,11.221195672913476
baseline,11.839587287246749
baseline,11.400798650589428
baseline,11.725340613611742
baseline,11.721519873967276
baseline,11.617163095898837
baseline,11.171824735854228
baseline,12.911925243315602
baseline,12.126991357350963
baseline,11.822623573028455
baseline,12.3997178455886
baseline,12.228652168180762
baseline,12.113386612764325
baseline,12.356129815211995
baseline,12.030440011066073
baseline,12.347281875321354
baseline,12.3969977568666
baseline,12.047236223171172
baseline,11.825534869165669
baseline,12.87310127809131
baseline,11.678793534599702
baseline,12.181467539433633
baseline,12.194816675425663
baseline,11.604477433646501
baseline,11.493459181523697
baseline,11.749253649538327
baseline,11.670689829590135
baseline,11.136760617261421
baseline,11.580905104554947
baseline,12.10782880487651
baseline,12.709088528286404
baseline,12.278145508950077
baseline,10.537396439010777
baseline,12.32998494618506
baseline,11.633437888124433
baseline,12.217994380575902
baseline,11.944408505249184
baseline,11.841433783506275
baseline,11.893487168333227
baseline,11.939608177302551
baseline,12.757529325150454
baseline,11.941208710857833
baseline,12.598408236845003
baseline,12.50977119112177
baseline,12.345381036824561
baseline,10.960836214907825
baseline,12.61741663698812
baseline,11.69012487782629
baseline,12.37455026999957
baseline,11.402042128053818
baseline,11.285157851915033
baseline,13.154537546387512
baseline,11.4106411615913
baseline,12.635459847135522
baseline,12.02139671103679
baseline,11.711560396257758
baseline,11.926643013772138
baseline,11.221863099479348
baseline,11.94462912566382
baseline,11.34128377574121
baseline,11.725582024032132
baseline,12.500915823493859
baseline,12.100769236261074
baseline,11.123790076183383
baseline,12.45626246338773
baseline,11.948482512507946
baseline,11.64244767175712
baseline,12.393130406349389
baseline,11.856074286604159
baseline,11.295783426247727
baseline,13.072770801872025
baseline,11.942582793984386
baseline,11.905518848019366
baseline,11.720090194967447
baseline,12.656219539090701
baseline,11.65222166871392
baseline,11.089973485837525
baseline,11.565651881824353
baseline,12.746628471313022
baseline,12.444579345600781
baseline,11.805698517038483
baseline,12.775387600872534
baseline,12.3938909968824
baseline,11.799074770072007
baseline,11.856819980346904
baseline,12.144915484219649
baseline,11.480057110080665
baseline,11.955205013868833
baseline,12.132674204377505
baseline,11.01390851693563
baseline,11.84336749310095
baseline,11.778228878775924
baseline,12.563355401463484
baseline,10.930130009255516
baseline,11.733509250132792
baseline,11.676611786267028
baseline,12.522007059302338
baseline,11.927384686550672
baseline,13.04002811478803
baseline,12.342489463898733
baseline,11.7171821125467
baseline,12.092248585150113
baseline,11.749130141609616
baseline,12.461038825037381
baseline,11.204955562645049
baseline,11.484617073417114
baseline,12.219540187359867
baseline,12.684349306490299
baseline,10.742388203010218
baseline,12.776140903623155
baseline,11.87164882421494
baseline,10.9092882235722
baseline,10.334022455605636
baseline,11.098359530880368
baseline,11.941182844195492
baseline,11.914463551820305
baseline,12.325142402989124
baseline,11.638326389986155
baseline,11.327381550116414
baseline,11.71555537298355
baseline,11.972081970774306
baseline,12.087041417455092
baseline,11.503860873510432
baseline,12.486468090637308
baseline,11.597818059831877
baseline,11.459020305738987
baseline,11.642331246788054
baseline,12.591876767172272
baseline,11.87587435673088
baseline,11.556775077755756
baseline,12.50140563819534
baseline,13.261093550425514
baseline,12.074691540915119
baseline,12.689323165342516
baseline,12.56823519248137
baseline,11.606682205839943
baseline,11.968034622515832
baseline,11.231958916575392
baseline,11.834399106298855
baseline,11.59512276180487
baseline,11.721351437077832
baseline,11.525784720188232
baseline,11.78734733543072
baseline,12.264963946478362
baseline,11.883538829069396
baseline,10.919605024407087
baseline,11.527894177478236
baseline,11.103733545165209
baseline,12.094828731515099
baseline,12.247784429274382
baseline,12.102152123710557
baseline,11.504842735660068
baseline,12.096466668409365
baseline,11.683204186336974
baseline,11.310817665076126
baseline,12.390279110985453
baseline,12.436072970616799
baseline,12.515224463973077
baseline,11.605157852530606
baseline,12.655849266058993
baseline,11.669917191604137
baseline,12.337277878948841
baseline,11.660114898675932
baseline,11.823477741620266
baseline,10.628868908400646
baseline,11.778881684150734
baseline,12.005482576379695
baseline,11.717280617982201
baseline,13.014818181910357
baseline,11.297533318031135
baseline,11.630375687999221
baseline,11.439505862967621
baseline,11.630265305083475
baseline,12.565393028914846
baseline,12.84045610108543
baseline,11.553257211673971
baseline,11.540819951993354
baseline,11.300456991057214
baseline,12.733971762599111
baseline,12.620091272361089
baseline,11.891326813925106
baseline,11.170299413280372
baseline,11.21883444357724
baseline,12.0518564632369
baseline,12.27513811861416
baseline,10.813336837237063
baseline,11.767808231364553
baseline,12.928085003792214
baseline,11.827189519483332
baseline,12.847684325008798
baseline,12.334613622504301
baseline,11.340437462901116
baseline,11.784161523778563
baseline,11.878237027671853
baseline,11.413115111142199
baseline,11.403515307571055
baseline,12.858360415594824
baseline,11.399373684122644
baseline,12.594072218262221
baseline,11.70227105031454
baseline,11.937746826200074
baseline,12.282582341653479
baseline,11.61066790038568
baseline,12.286190995859377
baseline,10.823674281602543
baseline,12.210076842853436
baseline,10.604506088921662
baseline,11.821835493542652
baseline,12.457926172006868
baseline,12.318628486120726
baseline,11.223323318658883
baseline,11.29359152388544
baseline,11.560048720554724
baseline,12.060964896978989
baseline,10.831281742178398
baseline,11.944936594869214
baseline,12.134389234693591
baseline,11.78966795256335
baseline,12.26085527083832
baseline,12.08291249725756
baseline,11.642747436600361
baseline,10.881661322299795
baseline,12.030135824938275
baseline,11.412803148951687
baseline,11.62205439000783
baseline,12.23342910508551
baseline,12.802720616300453
baseline,11.930558492666679
baseline,12.277951180573924
baseline,11.144132785856433
baseline,12.095686662836474
baseline,11.917926136812873
baseline,12.686484225112347
baseline,11.643422507826333
baseline,11.813359554871655
baseline,12.58209706575265
baseline,11.899372610894295
baseline,11.326941779282217
baseline,13.526692557987008
baseline,11.343564449893742
baseline,11.915155719928256
baseline,12.15514574911719
baseline,12.108647264912971
baseline,11.843124344391713
baseline,11.845986599779716
baseline,11.81720153660884
baseline,11.323047762169963
baseline,13.265898938529075
baseline,11.825766297245577
baseline,12.3034911111241
baseline,11.760196903254506
baseline,11.748734275679993
baseline,11.691518036441169
baseline,11.08735798661025
baseline,11.859861190817721
baseline,11.719009069182306
baseline,12.651040844660105
baseline,11.27879911473495
baseline,11.622728065416023
baseline,11.443073803121788
baseline,12.818371744610012
baseline,11.459191932048114
baseline,12.282853510067584
baseline,12.528134340957912
baseline,11.8682022413045
baseline,11.18074874441887
baseline,11.18761106093632
baseline,12.46126112410962
baseline,11.243917398943276
baseline,12.181888565304428
baseline,12.019024749470896
baseline,12.17309676736503
baseline,12.228958955518605
baseline,11.423545091897129
baseline,11.400386448091847
baseline,12.374070276276598
baseline,11.593349568728064
baseline,10.460769180165496
baseline,12.33443972229661
baseline,11.366868268886456
baseline,12.226321936069489
baseline,12.787513710032567
baseline,11.962309667427219
baseline,12.54369566564235
baseline,12.042028033619577
baseline,12.90874990127065
baseline,11.352634218332108
baseline,11.94783668355658
baseline,12.349041868815837
baseline,11.842740690577328
baseline,12.63920492150263
baseline,11.704793509279687
baseline,13.213987660874192
baseline,13.247883462038253
baseline,12.117134023546672
baseline,12.27708006692041
baseline,12.663404511106366
baseline,11.283996239821517
baseline,11.215932001077686
baseline,12.703220752807441
baseline,12.11238715394421
baseline,11.822031251699004
baseline,11.959040562318965
baseline,10.646983022472542
baseline,11.842654229195007
baseline,11.524023604907333
baseline,12.496536075523837
baseline,12.543248658206164
baseline,12.291418927547241
baseline,12.18391535512688
baseline,11.115609685586461
baseline,12.299741391022541
baseline,12.322870684064522
baseline,12.696308192212223
baseline,13.245321729438754
baseline,11.010922233986943
baseline,11.729543872513583
baseline,11.53004844429495
baseline,12.052953414684952
baseline,11.960361367917175
baseline,11.817688505394585
baseline,12.563072990833762
baseline,11.331020997976
baseline,11.364190256295977
baseline,11.373502979652887
baseline,11.745564976924639
baseline,11.261375711851887
baseline,11.924478609596704
baseline,11.857061272294157
baseline,11.505338789241941
baseline,12.469723030999408
baseline,11.91816044254431
baseline,12.584435398966669
baseline,11.840077440247834
baseline,11.938583056042292
baseline,11.630826177105787
baseline,11.948513334165533
baseline,12.37245323556442
baseline,11.716550773480067
baseline,12.256749591235346
baseline,11.490715300009784
baseline,12.400567099651331
baseline,11.621173531247027
baseline,12.456378255206634
baseline,11.987972430513858
baseline,12.867207646709693
baseline,11.302134007354866
baseline,11.127022516705118
baseline,11.600731062064906
baseline,11.176521959358755
baseline,11.177538444495452
baseline,12.318183875963037
baseline,11.950174227295323
baseline,11.677785911605701
baseline,11.730405134248707
baseline,11.611411602772252
baseline,12.948206854281047
baseline,11.533828643719504
baseline,11.210423391477963
baseline,12.422830201952875
baseline,11.828195275722857
baseline,13.194394819690155
baseline,11.651471879372243
baseline,12.452939199664918
baseline,12.596369036611504
baseline,11.654223412858466
baseline,11.529682770056484
baseline,12.389940710251915
baseline,12.290353422514944
baseline,11.16244464198788
baseline,11.31618712839669
baseline,10.569669491933398
baseline,12.302570176275864
baseline,11.801799753865463
baseline,11.858981716087643
baseline,11.011518191851769
baseline,11.332840443381015
baseline,11.678761045348503
baseline,11.569214465706906
baseline,12.021056289856348
baseline,12.295464099089031
baseline,13.342934723455683
baseline,11.941002072802899
baseline,12.616664230473036
baseline,11.481122578328334
baseline,11.020327451062839
baseline,11.750136960925005
baseline,11.061657120301337
baseline,11.96109836879851
baseline,11.508720274671392
baseline,10.872128693924386
baseline,13.00209942452565
baseline,11.645058018445933
baseline,11.040284986961474
baseline,12.484485781866603
baseline,11.537683044201458
baseline,12.601236534764585
baseline,11.535009418823307
baseline,11.643174547897122
baseline,12.154051986342415
baseline,12.301277597513755
baseline,12.40623926903682
baseline,11.900695633537811
baseline,12.262814261078384
baseline,12.392500966594463
baseline,12.069358831167133
baseline,11.870196465153816
baseline,11.143692189760896
baseline,12.304829072796252
baseline,11.977052113307803
baseline,11.715254600514609
baseline,12.716375869904413
baseline,11.153128731204605
baseline,12.94423131176186
baseline,11.93969562375853
baseline,12.137971108586926
baseline,11.725809270245772
baseline,11.024534080586399
baseline,11.871951195901156
baseline,12.148110873885525
baseline,12.350876174453795
baseline,11.838364684073895
baseline,10.747298227126036
baseline,11.091757585633138
baseline,13.20287316088063
baseline,11.335899118284352
baseline,12.80875348072881
baseline,11.42331472299634
baseline,11.84731043798183
baseline,12.320368130025587
baseline,11.486566951628275
baseline,12.911745870247334
baseline,11.996547002193141
baseline,12.222597576579282
baseline,11.7984925410724
baseline,12.340399616484776
baseline,12.90334506933742
baseline,11.876744283270709
baseline,12.998120164441385
baseline,11.603330812594253
baseline,12.403600620261171
baseline,12.239354822005998
baseline,11.349071074710192
baseline,12.077107252009643
baseline,11.95686285851925
baseline,11.468204888709366
baseline,12.161813924022224
baseline,12.03764647430679
baseline,11.9105995043889
baseline,11.912915547412002
baseline,11.900540324569949
baseline,11.741367067566328
baseline,12.033880516762517
baseline,11.58516263743963
baseline,13.59587225740773
baseline,11.163135582428122
baseline,11.618452127568016
baseline,11.663038562460821
baseline,13.195495257163467
baseline,11.211509933821757
baseline,12.201920535368933
baseline,12.097369739288483
baseline,12.147438067001238
baseline,12.690861791254784
baseline,12.678245647220068
baseline,11.694061921806398
baseline,12.065526611605822
baseline,10.919748545278285
baseline,12.010140455335774
baseline,11.501170171973175
baseline,11.845054870577203
baseline,11.014759735286065
baseline,12.189476319956267
baseline,11.00878327153019
baseline,12.038810585317556
baseline,11.262513834414978
baseline,11.470179554268825
baseline,12.640745038787692
baseline,12.298116647578592
baseline,12.637356949007232
baseline,12.891421745078665
baseline,11.51297040737617
baseline,12.853500098575442
baseline,11.132779831903344
baseline,12.392784369098827
baseline,11.6700555638455
baseline,11.425412040136942
baseline,12.31395628192595
baseline,12.512831690472016
baseline,12.494837869717077
baseline,12.077722037257987
baseline,12.029286986706753
baseline,12.26177394412682
baseline,12.12988146525285
baseline,12.270389331538247
baseline,12.0713657866477
baseline,12.45100724652455
baseline,11.045858155673246
baseline,11.876751460883487
baseline,11.176936145425582
baseline,12.113980414248374
baseline,12.942909423260918
baseline,11.680955104683779
baseline,12.026543843184712
baseline,12.399025906228022
baseline,10.81250978961779
baseline,11.653785677190223
baseline,12.165654222238409
baseline,10.386598619010577
baseline,11.399678827148483
baseline,12.60777043064655
baseline,12.548093944486507
baseline,12.171436267236173
baseline,12.474821135820683
baseline,12.07786508336134
baseline,12.278742843261467
baseline,11.771036240096551
baseline,12.019877399443661
baseline,11.591648850291874
baseline,12.707572609997278
baseline,12.867585541348996
baseline,12.779512264974537
baseline,11.718383387557148
baseline,11.412416568049009
baseline,12.715887131210552
baseline,12.271907015834893
baseline,12.144483746477116
baseline,11.59093975292481
baseline,12.201767648136892
baseline,11.339888535842475
baseline,12.325657398730158
baseline,12.778876470420007
baseline,12.936080001860697
baseline,12.370229858597773
baseline,11.177924974050246
baseline,12.067464115073705
baseline,13.25912139123355
baseline,11.459634655045072
baseline,11.918344785566942
baseline,12.800356308016632
baseline,12.315546664550226
baseline,13.479880614770034
baseline,11.535303014246177
baseline,11.392525427153139
baseline,12.683346277269791
baseline,11.27924829979933
baseline,11.839091017503963
baseline,11.914608858780616
baseline,12.568181280208028
baseline,12.31383576087783
baseline,12.220354674411194
baseline,11.72161008830254
baseline,12.677738320458175
baseline,14.529462591620186
baseline,12.35989449571427
baseline,12.010477627562997
baseline,11.223621209637257
baseline,11.588776610132186
baseline,11.829368504101083
baseline,11.646730303041593
baseline,11.943283353109038
baseline,13.028601376300147
baseline,12.697523569273887
baseline,11.860889779266643
baseline,11.27246925365768
baseline,12.753177022859903
baseline,11.924199436758801
baseline,10.992822804068709
baseline,12.372572482087929
baseline,12.561905017184548
baseline,10.626432504334744
baseline,11.484138963755797
baseline,11.888748212662216
baseline,12.385823611586476
baseline,11.657382249487144
baseline,11.479915205836626
baseline,12.38141614912613
baseline,11.684219330405474
baseline,12.270805002114031
baseline,11.325473351728046
baseline,11.194023784993094
baseline,12.398294070131852
baseline,12.099789295475702
baseline,12.499192426559755
baseline,11.647863888326361
baseline,11.500547950263899
baseline,12.767624564440737
baseline,11.101817867353844
baseline,12.700167275780608
baseline,12.742754056317686
baseline,12.461457736582478
baseline,11.56053329151182
baseline,11.488611341838402
baseline,11.831464981705597
baseline,11.225157448409641
baseline,11.408035324023993
baseline,12.332035645092464
baseline,12.334794792843134
baseline,11.359533873294756
baseline,12.350814198431282
baseline,12.21871887408593
baseline,12.860304367977282
baseline,12.286924856012755
baseline,12.581954681489211
baseline,12.23221548839207
baseline,12.534068435536073
baseline,11.229469457991357
baseline,11.882240833792116
baseline,11.930024700573666
baseline,11.812149580297868
baseline,12.212550683143052
baseline,12.325846989145651
baseline,12.182024656381223
baseline,11.850477523516684
baseline,11.533703171796747
baseline,12.605526131323103
baseline,12.156939786391742
baseline,11.376597534895188
baseline,11.840859632566193
baseline,10.983875154324137
baseline,11.973103482660433
baseline,11.83816563249042
baseline,11.62423860773852
baseline,12.906979157836004
baseline,11.300990888294992
baseline,12.368951939074421
baseline,13.289395019450644
baseline,12.59335895669007
baseline,11.9343320708099
baseline,11.313097256598828
baseline,11.188745515013133
baseline,11.716427228179095
baseline,11.56098551712534
baseline,11.542756537998613
baseline,11.764953437439381
baseline,11.893480613601271
baseline,12.237039746122614
baseline,11.25635097710376
baseline,11.563652282087402
baseline,11.860407017528784
baseline,11.839827492344053
baseline,13.06555482026584
baseline,12.087904911774586
baseline,11.053152001754658
baseline,12.197342811718647
baseline,12.272951995718405
baseline,11.880291370970534
baseline,11.269673442622189
baseline,13.0159962815164
baseline,11.348354813301173
baseline,12.341627194873801
baseline,12.069055441039563
baseline,12.305805210618423
baseline,12.983722872037685
baseline,12.282459958101473
baseline,11.633148837651111
baseline,12.610909237876804
baseline,11.592363183593612
baseline,12.047726316633268
baseline,11.226221927952462
baseline,11.368510629186746
baseline,11.982401572847419
baseline,12.167760285781418
baseline,11.005677026139917
baseline,12.244204866759864
baseline,11.486993259129257
baseline,12.717560737454665
baseline,11.75032909654766
baseline,11.318828077408812
baseline,11.996591309798703
baseline,11.433205824461426
baseline,12.710938234616966
baseline,11.952902010355631
baseline,11.865006410198474
baseline,12.300431827429295
baseline,11.384137769616544
baseline,11.228360888759735
baseline,12.191532305796606
baseline,11.331978794918786
baseline,11.331792313342044
baseline,12.447369277024217
baseline,12.260702608063394
baseline,11.2476052011674
baseline,11.599089419362391
baseline,11.440138729383351
baseline,13.027529427384703
baseline,12.489231050795368
baseline,11.71114881000207
baseline,12.291129623654152
baseline,11.191933062577258
baseline,11.569034656703884
baseline,12.013499951264608
baseline,12.21749136869245
baseline,11.896242400534472
baseline,12.097146591937257
baseline,11.998063616993285
baseline,11.858161132131848
baseline,11.782176404050695
baseline,11.708071392262834
baseline,12.087723815057005
baseline,12.192988550955306
baseline,12.068066036084147
baseline,11.288701926719433
baseline,11.387460578060299
baseline,12.185937238365208
baseline,12.836497862333925
baseline,12.041221284763076
baseline,11.7163609189479
baseline,12.083273452540201
baseline,11.311587580843474
baseline,12.73561282119909
baseline,12.061186044668425
baseline,11.570823575721256
baseline,11.85631079728908
baseline,11.651002643563837
baseline,12.73729673638231
baseline,11.83594990793172
baseline,12.042943319921996
baseline,12.289659073598022
baseline,11.530887041735326
baseline,12.06534649583891
baseline,12.112649652577504
baseline,11.08508318178751
baseline,12.0998928588159
baseline,11.926103304497548
baseline,12.028126164011612
baseline,11.97325384439342
baseline,12.103690116843145
baseline,12.753161924396563
baseline,11.288203728094391
baseline,11.7559210869149
baseline,12.34512554084655
baseline,12.234497554451718
baseline,12.221741291900518
baseline,13.659835360240866
baseline,12.313756700919612
baseline,12.626170635669114
baseline,11.775935509780172
baseline,11.3907820916621
baseline,11.771798988277776
baseline,12.372290612323102
baseline,12.190631862568608
baseline,12.188518606263967
baseline,11.829004743677414
baseline,11.737892935881511
baseline,11.848803465675044
baseline,12.37979936036275
baseline,12.449766024229355
baseline,11.383423493693323
baseline,12.40254628036653
baseline,11.581339639454098
baseline,12.227380351227547
baseline,11.84184830606564
baseline,12.895211256032841
baseline,11.712722015773105
baseline,12.056520371638003
baseline,12.309255265981552
baseline,11.456664109591484
baseline,11.91044349487179
baseline,11.799077332730818
baseline,11.658474967366697
baseline,11.700433564578336
baseline,12.61459193001439
baseline,11.610672369265005
baseline,12.285299775483598
baseline,12.136251352740732
baseline,11.169822411982578
baseline,12.257199654123998
baseline,11.16087385229034
baseline,12.322090468293041
baseline,11.662218854324498
baseline,11.95744316462428
baseline,11.225570874806879
baseline,12.023705497279186
baseline,12.501916371252882
baseline,11.493936729399048
baseline,11.605822702422827
baseline,12.218907058608016
baseline,12.23372211990335
baseline,10.622174043191546
baseline,13.179451411193348
baseline,12.262776669553675
baseline,12.363272270956232
baseline,11.869688591101754
baseline,10.924379928559956
baseline,12.349976071466715
baseline,11.629469616296529
baseline,12.271921585630897
baseline,11.826448634538563
baseline,12.091299491680475
baseline,11.51176605814168
baseline,12.464055425746123
baseline,11.283349858565149
baseline,13.327385364750963
baseline,13.322460594251407
baseline,12.937117575315277
baseline,12.714965644966755
baseline,11.903692780482912
baseline,12.647987961280867
baseline,11.896982352816625
baseline,11.08538478240726
baseline,12.856136539689274
baseline,12.624877001647505
baseline,11.93444763147894
baseline,11.263235291920038
baseline,11.617627086518329
baseline,10.942508245712627
baseline,12.512910145334134
baseline,11.058661667627906
baseline,12.119929441575495
baseline,11.473487621390376
baseline,11.153739790517804
baseline,12.091484528116046
baseline,11.760683608371641
baseline,12.448234087092324
baseline,11.240096346074857
baseline,11.52163921013333
baseline,10.64615710861846
baseline,10.751566647784655
baseline,13.041354679762337
baseline,13.22310782545997
baseline,12.006434741570637
baseline,11.484543134283747
baseline,11.78086052748351
baseline,12.469606929893235
baseline,11.658149624989973
baseline,12.091061829900722
baseline,11.945207288373128
baseline,11.627425936463773
baseline,11.651479163188657
baseline,12.123742789694411
baseline,11.399634810286265
baseline,12.21719442292393
baseline,11.682374462591033
baseline,12.026611039889623
baseline,12.782021898260686
baseline,11.855507877180617
baseline,12.497585864494049
baseline,10.957960222456327
baseline,11.68306326609095
baseline,11.968646292124852
baseline,13.12073442047164
baseline,10.869135632953137
baseline,11.896963104639612
baseline,12.827174713930377
baseline,11.506172609067795
baseline,11.829868385200346
baseline,12.146340955173041
baseline,12.059966837290528
baseline,12.89519995489681
baseline,12.215266576523577
baseline,12.747245466642845
baseline,11.74574679247201
baseline,11.531021886740398
baseline,11.822479585763977
baseline,11.299375366213193
baseline,12.23603121674784
baseline,11.731022005699955
baseline,11.569515527087754
baseline,12.245018660298289
baseline,11.307807481366957
baseline,12.407453318498138
baseline,11.678546723056863
baseline,12.643420105075883
baseline,11.727120785718562
baseline,12.324371212899369
baseline,12.057075864847178
baseline,12.391463642790502
baseline,12.01646046751198
baseline,11.026498392845712
baseline,12.551620854888494
baseline,11.901883495272644
baseline,12.418895418340222
baseline,12.359273988273797
baseline,11.51271488110616
baseline,11.434003835715135
baseline,12.338386631177716
baseline,11.77811873990515
baseline,12.507662868019963
baseline,11.849755169723606
baseline,12.56051839421133
baseline,12.200372256963128
baseline,12.120601609814829
baseline,11.737774220014186
baseline,12.088010975988915
baseline,12.664129809748143
baseline,11.921215364125379
baseline,12.264334783682509
baseline,11.979482611584002
baseline,12.02500035973624
baseline,12.994148632268404
baseline,12.669581766924935
baseline,11.998684341133574
baseline,12.077484474791845
baseline,11.552653431324515
baseline,11.85276046410083
baseline,12.133194345752573
baseline,12.455734361256333
baseline,12.394659291401265
baseline,11.32671242405255
baseline,12.532278135546571
baseline,11.901253970095102
baseline,11.39405240009384
baseline,12.752569254585246
baseline,12.831274186123531
baseline,12.1063757519669
baseline,12.370391502892467
baseline,12.405617079278837
baseline,12.789343110469453
baseline,12.381955931791978
baseline,11.207405278221808
baseline,13.175873623401612
baseline,12.586271724701446
baseline,11.660899921559375
baseline,11.370525922097105
baseline,12.24867269612329
baseline,11.792399313397237
baseline,12.145314405544491
baseline,12.391166271363325
baseline,11.62876261237281
baseline,11.32295217342129
baseline,12.178223207910865
baseline,11.647414982303982
baseline,12.037533421829602
baseline,11.198912275154546
baseline,11.807320398768393
baseline,12.374085127236949
baseline,12.308861055763053
baseline,11.504310839413899
baseline,11.294358070026853
baseline,11.961730600939115
baseline,12.282099103969255
baseline,12.189655268463818
baseline,11.659409796298888
baseline,12.12638967446334
baseline,12.85560921268558
baseline,12.072035891088365
baseline,11.04267811797883
baseline,12.070898219194378
baseline,13.197711837307601
baseline,11.229320486495983
baseline,11.969827466369205
baseline,11.822128600339994
baseline,12.008271944795338
baseline,12.06566387353156
baseline,12.631702234254643
baseline,12.001813282954435
baseline,12.716063397687442
baseline,11.884597046233889
baseline,11.751370488923099
baseline,11.570977425369515
baseline,10.944661063958494
baseline,12.113439856145604
baseline,13.204141397910698
baseline,12.221048107643856
baseline,12.357177671701997
baseline,11.715586652810927
baseline,11.811815396481903
baseline,12.5369323395423
baseline,13.17516177013956
baseline,12.846631467869644
baseline,12.42836851397418
baseline,11.972975792346146
baseline,12.074712774659996
baseline,11.52376626396258
baseline,11.142140547151627
baseline,11.317085384150216
baseline,11.981480130420872
baseline,11.78454954340903
baseline,11.130655893761196
baseline,11.930984750144951
baseline,11.769451507244618
baseline,11.291848155713158
baseline,11.7399555503615
baseline,11.768011894398006
baseline,11.600494883311738
baseline,12.501746510032838
baseline,10.89923224259676
baseline,10.855527804874903
baseline,11.954498523924576
baseline,12.008414096370283
baseline,12.189088035206856
baseline,11.644260890878146
baseline,11.432269741055833
baseline,11.948357208292983
baseline,11.699381122260984
baseline,12.886012249012587
baseline,11.76614364627238
baseline,11.92181100273358
baseline,13.476783227057679
baseline,11.840243728529359
baseline,12.279196386185339
baseline,12.332977333951076
baseline,12.38395681428928
baseline,12.121490121212474
baseline,12.06542329931056
baseline,12.010863060731522
baseline,11.623378012680924
baseline,12.142679269417288
baseline,13.187915966567463
baseline,12.67508190583816
baseline,12.129971980869914
baseline,12.458884578264925
baseline,11.459321124623212
baseline,11.802552349912178
baseline,12.514590037754147
baseline,12.846145145232386
baseline,11.514071528291309
baseline,11.675573654190881
baseline,13.285958775924561
baseline,12.008492125524237
baseline,13.057281761288678
baseline,12.073038069437464
baseline,12.09607169159089
baseline,11.776838425119609
baseline,12.511378044117325
baseline,12.765803837602945
baseline,11.367562127230677
baseline,11.750052120484664
baseline,12.494722859626153
baseline,11.877744897352454
baseline,11.670028541931348
baseline,12.5520764151031
baseline,12.609356902785182
baseline,11.694807438290994
baseline,12.076262457600734
baseline,11.27236277302764
baseline,11.444715858818938
baseline,12.02474460099863
baseline,11.970803411327626
baseline,11.405169556357972
baseline,11.54475633867894
baseline,11.351017717267805
baseline,12.219166984741438
baseline,10.865086745132281
baseline,11.380479258216113
baseline,10.920362780754198
baseline,12.197839027249485
baseline,10.952278134216108
baseline,11.970990478627717
baseline,12.941399397208734
baseline,12.962696515418653
baseline,10.950593294206422
baseline,12.126733632854634
baseline,11.392958730286896
baseline,11.280748062042031
baseline,11.887009588385956
baseline,12.685908242416868
baseline,12.305118207472407
baseline,11.545222617081032
baseline,12.368137108951327
baseline,10.720679327375791
baseline,11.524080004518368
baseline,11.484508178257034
baseline,11.99805444717579
baseline,11.835612504679796
baseline,11.870879752095062
baseline,11.851755825852461
baseline,11.96558293620822
baseline,12.26966078023823
baseline,12.039421212639049
baseline,11.788916413048309
baseline,12.18763057696123
baseline,12.440954830181086
baseline,11.63463710979343
baseline,11.91821696521775
baseline,12.645142832137864
baseline,11.330281369861792
baseline,13.04547214261359
baseline,11.201177141356329
baseline,11.754090090790873
baseline,11.414399781351971
baseline,13.290180577900689
baseline,11.664391398207554
baseline,11.66581045766045
baseline,11.739631227375579
baseline,12.008108887710337
baseline,11.763739324516909
baseline,11.875822323985698
baseline,10.073268482915434
baseline,11.985754953507653
baseline,11.962915084220183
baseline,12.569753048791277
baseline,12.735685557451946
baseline,11.84429346349561
baseline,12.434988611129022
baseline,11.330936088971526
baseline,12.405552809319584
baseline,11.625360923306216
baseline,11.285363875305762
baseline,11.845510800143831
baseline,12.792258174778514
baseline,12.057919301219737
baseline,12.851952355440597
baseline,11.526434269772867
baseline,12.5754110653638
baseline,11.580531730853831
baseline,12.083852257381029
baseline,12.078789273758812
baseline,12.34205768746315
baseline,12.098745790668808
baseline,11.531771566133047
baseline,12.47367773402458
baseline,12.99934539276783
baseline,11.61897754335037
baseline,10.935039518525738
baseline,12.245411116188475
baseline,11.762177252921024
baseline,11.876849726873628
baseline,12.27920882117095
baseline,11.69098018860969
baseline,11.797780294453393
baseline,11.894707758636327
baseline,12.83530327706901
baseline,11.970027590355178
baseline,11.25750933583334
baseline,11.279248380250905
baseline,12.033528116963502
baseline,11.315642725074007
baseline,11.08066464105675
baseline,12.326537941793987
baseline,12.355830518801742
baseline,11.741118320664489
baseline,12.1239416688556
baseline,12.06207907840131
baseline,12.306764987119577
baseline,12.308155427093881
baseline,10.534203362128533
baseline,11.814011847548054
baseline,12.256447900649974
baseline,11.71704939393787
baseline,11.973586334334405
baseline,12.395548067093525
baseline,11.999569182914714
baseline,12.859077953813014
baseline,12.623751886770755
baseline,11.88407347644909
baseline,11.838357237156671
baseline,10.41011394208816
baseline,11.764845763846438
baseline,11.193515945349551
baseline,12.08145155149865
baseline,12.04148699068218
baseline,12.362635241090391
baseline,12.78990018522733
baseline,11.93738206130947
baseline,13.34992773676035
baseline,12.088024939236265
baseline,11.216901829247911
baseline,11.631226883937913
baseline,11.738493943595337
baseline,12.300626295116155
baseline,11.416026928966811
baseline,11.781130761064844
baseline,11.859620140518192
baseline,11.69567013628375
baseline,12.432087059420631
baseline,12.329995510134253
baseline,12.648000489077061
baseline,11.76226577885288
baseline,12.67007168538295
baseline,11.18769608491368
baseline,11.174477759233245
baseline,11.269452171658674
baseline,11.957932576223412
baseline,12.669979877691848
baseline,11.608650752021779
baseline,11.679477702188066
baseline,11.828044811469951
baseline,12.289123898926325
baseline,11.678949963923479
baseline,11.647398546478149
baseline,11.197789191208983
baseline,11.625786332853478
baseline,12.65468312111654
baseline,12.005387169415918
baseline,11.531396979893085
baseline,12.690739227294682
baseline,11.618183177182539
baseline,12.804348497730649
baseline,12.794202543179612
baseline,11.985087933303557
baseline,11.114961615654467
baseline,13.355810648139254
baseline,12.179083684795772
baseline,11.766337760892064
baseline,12.519613532116132
baseline,12.366499636182038
baseline,12.736844906965189
baseline,11.574812796618248
baseline,12.138533142750653
baseline,11.28472227236635
baseline,12.344955440076825
baseline,11.93930648669432
baseline,12.116509845831377
baseline,11.868071707280642
baseline,11.80800398863051
baseline,11.459846016031111
baseline,12.419445792156473
baseline,12.847725406825367
baseline,11.634274679113325
baseline,12.27763911084106
baseline,12.205624532776666
baseline,11.95728700845952
baseline,11.099860791160165
baseline,11.221589546553458
baseline,11.508425755293274
baseline,10.775219470011551
baseline,12.796947129015825
baseline,12.167534107234427
baseline,11.935245207637191
baseline,10.748498389746384
baseline,10.941062893855895
baseline,11.95123850654718
baseline,13.150775135465203
baseline,11.554460738605158
baseline,12.463698358112328
baseline,11.677660530339708
baseline,11.984639269296919
baseline,12.67754152127403
baseline,11.753755521158604
baseline,11.559245633820568
baseline,12.803178237055473
baseline,11.97901680534301
baseline,12.601871358037307
baseline,11.561967536426327
baseline,12.796105452867042
baseline,12.112175091900584
baseline,12.207165308420755
baseline,12.029095750246183
baseline,11.66318962551128
baseline,11.951619997364444
baseline,11.698806982992004
baseline,12.521688404850417
baseline,11.835480958792242
baseline,11.116062050912603
baseline,11.01793595928218
baseline,10.992706791167436
baseline,12.31604627972589
baseline,11.303538642132942
baseline,12.127718947656396
baseline,12.031979406588427
baseline,11.915150800844378
baseline,12.209306136718434
baseline,12.044658308913672
baseline,10.481277652462762
baseline,11.766487123202166
baseline,12.201436028245721
baseline,12.941875572594572
baseline,12.970885358637632
baseline,11.188155225265449
baseline,11.751604958776896
baseline,11.07861768104433
baseline,12.866540914531125
baseline,12.554093341773347
baseline,12.157443676297342
baseline,12.04920782608231
baseline,12.779957357989298
baseline,12.675477240641113
baseline,12.642775398129466
baseline,12.220126579585447
baseline,11.751888169534817
baseline,12.405421997970913
baseline,12.434875774161108
baseline,11.84261106971512
baseline,11.750736780989554
baseline,12.627624892464976
baseline,12.956840926722489
baseline,11.526063716824575
baseline,11.800913047925496
baseline,12.15764710126751
baseline,12.237862557400634
baseline,11.653641090955494
baseline,13.095428916338056
baseline,12.19965714402922
baseline,12.264459018097119
baseline,13.016519773168323
baseline,11.695136604441538
baseline,11.901451236434795
baseline,11.247881823209614
baseline,11.853117441509278
baseline,11.120147117651515
baseline,12.393835194533752
baseline,12.198416214986016
baseline,11.793080220463853
baseline,11.894532299366746
baseline,12.402019502383931
baseline,11.312149869661113
baseline,12.071464323644568
baseline,12.364825355137398
baseline,10.963144736818936
baseline,12.35609383535891
baseline,11.020799598050111
baseline,11.884632302491076
baseline,11.29702670039362
baseline,12.811360423543194
baseline,11.30046115158562
baseline,11.033559846498035
baseline,12.03010029077069
baseline,11.715205106731412
baseline,11.111699316653741
baseline,12.261149020897196
baseline,10.852529149633906
baseline,11.366879464275694
baseline,11.623815153293434
baseline,12.426547697060728
baseline,12.727294912074328
baseline,12.60894672542765
baseline,11.864087495470393
baseline,10.625711643621283
baseline,12.181195579653536
baseline,12.835813496548825
baseline,12.689291140255662
baseline,12.223840771185218
baseline,11.282735192863045
baseline,11.651979576206909
baseline,13.127406635991518
baseline,11.15913384998597
baseline,11.30554614983872
baseline,12.511375866341456
baseline,11.705293132696582
baseline,11.28697375607936
baseline,12.871586669515738
baseline,12.222719114792342
baseline,11.733341328293712
baseline,11.306678768874532
baseline,13.199919852794883
baseline,11.93843430708896
baseline,12.790307992386614
baseline,12.48173929666404
baseline,11.654468815712487
baseline,11.658968121967767
baseline,12.820724151210399
baseline,12.830800317318007
baseline,10.912968532664793
baseline,12.275401336000012
baseline,11.88254602499308
baseline,11.368487516134124
baseline,12.10520165034659
baseline,11.195508696801422
baseline,11.685277135272608
baseline,11.498669888639055
baseline,11.666404345575126
baseline,11.911239748486597
baseline,11.378278343085286
baseline,12.899833193457528
baseline,12.241828489643677
baseline,13.03905965038674
baseline,11.860172428794469
baseline,11.6387198429708
baseline,13.016224083739615
baseline,11.622213801818802
baseline,11.849702834032259
baseline,12.377142161136499
baseline,11.25638939970936
baseline,12.371891470961069
baseline,12.29539194268
baseline,12.71117253734
baseline,12.47956768738248
baseline,12.73007829171252
baseline,11.888766725201084
baseline,11.46293609842141
baseline,13.240039867355776
baseline,11.099807048836247
baseline,11.1538427191877
baseline,12.284537599107715
baseline,12.932279619810066
baseline,12.062914703672991
baseline,12.54584737097112
baseline,10.85026565865696
baseline,11.666543674512134
baseline,10.914538649826238
baseline,12.413414846387637
baseline,11.088763215954119
baseline,11.234532397284173
baseline,12.254143476316703
baseline,12.583933267658546
baseline,11.860811907330083
baseline,12.28754197258332
baseline,12.268267409554461
baseline,11.828383845685524
baseline,11.334706897358453
baseline,12.284396683379093
baseline,12.313136009245538
baseline,12.481975815030475
baseline,12.13476394379243
baseline,11.29422910064103
baseline,12.359330119363781
baseline,11.951794783152137
baseline,11.676055361922336
baseline,11.783038995623953
baseline,11.559160293379906
baseline,12.478841254096592
baseline,11.158384554119783
baseline,11.390465351523437
baseline,11.763550454872608
baseline,12.925236120320966
baseline,12.579331625064777
baseline,11.038561123442085
baseline,12.761824205713713
baseline,12.760631961863968
baseline,11.291213457567697
baseline,10.577340956743729
baseline,11.910810512682538
baseline,12.620960151918219
baseline,12.911149121970585
baseline,11.458403695090155
baseline,13.0121621380341
baseline,10.728879213744326
baseline,11.741167237003083
baseline,11.713212701843089
baseline,12.639277249043195
baseline,12.729043931076426
baseline,12.518457764919047
baseline,11.194991355009174
baseline,12.462985990142744
baseline,12.251183677332516
baseline,11.022310472903666
baseline,10.812881400768063
baseline,12.569399895830717
baseline,11.848664387326473
baseline,11.230522913201595
baseline,11.832545844425283
baseline,12.165374362424892
baseline,11.904672545918352
baseline,11.086207709426422
baseline,13.09672209449319
baseline,12.548836809298134
baseline,11.75978370881494
baseline,11.782776844949382
baseline,12.162689372387485
baseline,11.315536633132734
baseline,12.141006399913952
baseline,11.20575150347814
baseline,11.911785191152834
baseline,11.294189904670423
baseline,11.321867535287643
baseline,12.945289790720501
baseline,11.986955266211956
baseline,12.073359443442113
baseline,10.842076912910663
baseline,11.611544418237653
baseline,12.222811627057492
baseline,12.065596098929372
baseline,10.767375771753727
baseline,12.07320227553814
baseline,12.166859142986882
baseline,12.720073073231513
baseline,11.578807468004287
baseline,10.72153125764257
baseline,11.38865153276128
baseline,11.33341037622386
baseline,12.387143436473602
baseline,10.47771948284167
baseline,11.695536496956715
baseline,12.80797470120655
baseline,11.956773915533331
baseline,12.483363102992097
baseline,11.038048789667442
baseline,11.059368983484784
baseline,12.815085547679814
baseline,12.011376000986344
baseline,12.012574782882254
baseline,11.321829747115647
baseline,12.01112354578321
baseline,11.306589568765887
baseline,12.660457163002295
baseline,13.642787541900162
baseline,12.236285888605043
baseline,11.590201138673745
baseline,10.571089265983353
baseline,11.015244402574568
baseline,12.888380838353882
baseline,11.37076474417926
baseline,11.739582191279274
baseline,12.338369209520417
baseline,12.84310744648754
baseline,11.837472781901443
baseline,11.720339283556344
baseline,11.994158975414352
baseline,11.594309028694072
baseline,11.624603699448954
baseline,12.193617747968787
baseline,12.0604245326908
baseline,13.253929100970572
baseline,12.209568686426467
baseline,12.638547133007403
baseline,11.34758390144878
baseline,12.26075798910605
baseline,11.540834610232228
baseline,12.18391217445276
baseline,12.358236378895066
baseline,11.981520090204516
baseline,13.43234962947189
baseline,12.809331275382087
baseline,12.65455033697891
baseline,12.403714961697414
baseline,13.019345763277991
baseline,11.148190582382446
baseline,12.773546755341219
baseline,11.391703303376788
baseline,11.629948308485227
baseline,12.282313234754522
baseline,12.688940310062321
baseline,11.302403091253046
baseline,11.659192123998256
baseline,12.009231826703196
baseline,11.845064302790668
baseline,12.457798783253661
baseline,14.119535326425682
baseline,12.198016473903753
baseline,11.534001593580646
baseline,11.224358283569313
baseline,11.765557905466286
baseline,11.419901909315023
baseline,12.22656725170919
baseline,12.217367524787173
baseline,11.687139784195386
baseline,13.160003298314944
baseline,11.533861295517003
baseline,11.883573890622905
baseline,12.328705263324057
baseline,12.480784060919468
baseline,12.716258821606495
baseline,12.203443200337333
baseline,12.57727781844283
baseline,11.573263733632974
baseline,12.496542331884717
baseline,12.488455281005164
baseline,12.86217549545953
baseline,11.023805693919845
baseline,11.438224487738466
baseline,12.439156077513166
baseline,10.510963590297937
baseline,12.241070676821565
baseline,12.582700966885136
baseline,11.623163095214977
baseline,11.705843265710755
baseline,11.346014928412165
baseline,11.654104017822089
baseline,11.670490837139681
baseline,11.56331729855014
baseline,11.532613827182784
baseline,11.79654876647091
baseline,11.789629572366513
baseline,13.089468065819016
baseline,11.726297671206899
baseline,12.153650495724362
baseline,11.622876962685403
baseline,11.615714778924398
baseline,11.004620858263415
baseline,11.075797901558978
baseline,11.273169672148255
baseline,12.059492351183316
baseline,12.592690868556565
baseline,10.960811931817972
baseline,11.638557972145732
baseline,11.186126865152314
baseline,11.800397805570086
baseline,12.592444118656537
baseline,11.696372466011276
baseline,11.925088412366767
baseline,12.826266400519106
baseline,12.220849920480992
baseline,11.520087904122839
baseline,12.045015459288013
baseline,11.482471839230138
baseline,12.198703157284854
baseline,12.254924611774884
baseline,11.185981001772998
baseline,12.054497142458697
baseline,11.884644535372535
baseline,12.272365204994154
baseline,12.444105691369186
baseline,12.232436077187858
baseline,11.778150538007385
baseline,12.50578367088778
baseline,11.457161848495229
baseline,11.211299413910181
baseline,10.237559391732507
baseline,11.912012360304187
baseline,11.485814035141308
baseline,12.185271345202887
baseline,10.863197321234178
baseline,11.583329141969603
baseline,12.228179512584058
baseline,11.370409567170782
baseline,12.192067246102672
baseline,11.634074851425643
baseline,11.93359736379172
baseline,12.302433695941328
baseline,12.517591957976821
baseline,12.00629868681119
baseline,11.490011500194356
baseline,11.69004689938951
baseline,12.32738612100491
baseline,11.375141686378916
baseline,11.849832367885133
baseline,11.73101860090578
baseline,11.892837732334707
baseline,11.381745406861677
baseline,10.926185237706541
baseline,12.258134428498062
baseline,12.524472338418052
baseline,10.957884746815203
baseline,12.168255414780425
baseline,12.59697095549847
baseline,12.302882800623514
baseline,11.713519684030718
baseline,11.41810459700307
baseline,11.99959991886505
baseline,12.097012635579544
baseline,12.00822803135211
baseline,11.848644088424296
baseline,11.341332485072716
baseline,12.20000784488779
baseline,12.228526036742249
baseline,12.069506833025093
baseline,12.017070148878343
baseline,12.966352476435073
baseline,11.596141288168711
baseline,12.718638063406367
baseline,11.534657006407235
baseline,12.612718122323134
baseline,12.68903098454205
baseline,11.783944437149046
baseline,12.954860069034552
baseline,12.227448060556707
baseline,11.454823709953509
baseline,11.73769146698109
baseline,12.627287579484333
baseline,12.499561449054813
baseline,11.35487268432305
baseline,11.872154182013215
baseline,12.071086996635756
baseline,11.661985345680112
baseline,13.400124055954917
baseline,12.088735275227627
baseline,11.916824482784715
baseline,12.662900820153672
baseline,11.74278256872219
baseline,12.550789678686137
baseline,11.024181667661034
baseline,11.692532622119614
baseline,12.576154486587898
baseline,12.897968510503109
baseline,11.51271530979676
baseline,11.44785646347336
baseline,12.285918290235541
baseline,11.596897483055413
baseline,11.797937077483077
baseline,12.47131835947061
baseline,11.641365601798658
baseline,10.866252435664608
baseline,11.22186857269191
baseline,11.958363730919718
baseline,10.920107868999564
baseline,11.781596624075974
baseline,11.172467047174527
baseline,12.94165981919056
baseline,13.275503398551965
baseline,11.35478642210208
baseline,12.102275581868938
baseline,11.40874897161845
baseline,11.77465447157211
baseline,13.04469224873921
baseline,11.685145008795132
baseline,11.787952848298927
baseline,11.418639972763346
baseline,12.635510534077707
baseline,10.203895910419446
baseline,11.698689513424025
baseline,11.92603157349569
baseline,11.575525818646252
baseline,12.463545784416748
baseline,12.669764364087264
baseline,11.161671199952728
baseline,13.229450439357265
baseline,11.15560240314334
baseline,12.723076138262552
baseline,12.03971105167676
baseline,11.66419284206442
baseline,11.717668500567639
baseline,11.93318968292889
baseline,12.073951324969629
baseline,11.431033494658926
baseline,11.817769945723123
baseline,11.514179466578199
baseline,11.26877046329304
baseline,11.488172499726367
baseline,11.304376920120186
baseline,11.711540603109531
baseline,12.205796872563624
baseline,12.022731132465166
baseline,13.15323372559644
baseline,10.73797187148378
baseline,12.227628889150784
baseline,11.956314810379315
baseline,12.434651785165395
baseline,12.374992953422678
baseline,11.857347869062922
baseline,12.053037598220635
baseline,11.529040790910509
baseline,12.31348477573977
baseline,10.911931806222684
baseline,12.411257912358002
baseline,11.93917443562209
baseline,11.673607249129473
baseline,11.818576129830904
baseline,11.860680699316969
baseline,12.728427568336764
baseline,13.981556351988477
baseline,12.680730180459639
baseline,11.629391937868784
baseline,12.32310000542037
baseline,12.349142179628396
baseline,11.428259278980008
baseline,11.243805505935608
baseline,11.915975745580187
baseline,12.429852587424017
baseline,11.054106561469274
baseline,11.542000496639966
baseline,12.28901880424995
baseline,11.976790835054762
baseline,12.802062765639768
baseline,11.162034838197407
baseline,13.39646253886748
baseline,11.093730396396749
baseline,10.832735713715753
baseline,11.918500139274032
baseline,11.312883202862123
baseline,11.930156088474485
baseline,11.909941114647737
baseline,11.839661557740081
baseline,11.474200963140262
baseline,12.205904110828124
baseline,11.770075422998254
baseline,12.60948630367989
baseline,11.848507559705915
baseline,11.406401951718843
baseline,11.013511159071461
baseline,11.853255988491998
baseline,11.239224926944186
baseline,11.195310570888115
baseline,12.262125072437986
baseline,10.965591554009082
baseline,12.79953026149706
baseline,12.045483171738569
baseline,11.927213444570993
baseline,11.367692349579244
baseline,12.403766737463688
baseline,11.950912074302304
baseline,11.561492307908697
baseline,12.068923329921963
baseline,11.016140731087786
baseline,11.041511720286355
baseline,11.320713787136516
baseline,12.156818660214682
baseline,11.950707379657132
baseline,12.576098908766873
baseline,11.43112466125199
baseline,12.290219920443192
baseline,11.88677867175647
baseline,11.41835435865733
baseline,12.177921676929452
baseline,11.914397789522043
baseline,11.59347628011157
baseline,11.97695074904178
baseline,11.877755410124193
baseline,11.863849156303182
baseline,11.715835573037054
baseline,11.219766671433728
baseline,11.995987098749993
baseline,11.49630596620699
baseline,11.375651659901523
baseline,11.813896765463584
baseline,12.385532780033923
baseline,12.060612762577303
baseline,11.648683290230272
baseline,11.625997752223546
baseline,12.326703627140198
baseline,10.641466428993784
baseline,12.423621804388752
baseline,10.914502693337692
baseline,11.159848804703774
baseline,11.658219260925167
baseline,13.278711002955845
baseline,12.965201841367502
baseline,12.369008785715794
baseline,12.160953219799392
baseline,10.920714553420511
baseline,12.043756137949249
baseline,11.638476305274377
baseline,11.488530298631497
baseline,12.042614887178175
baseline,11.682640106506573
baseline,12.467023049347675
baseline,10.881785051970677
baseline,11.996130136884107
baseline,11.453810335591509
baseline,11.717515718576255
baseline,12.130388503987712
baseline,11.322293541781102
baseline,12.048119986571514
baseline,11.830155560666054
baseline,11.575801094885556
baseline,11.682944602235114
baseline,11.863352204175081
baseline,11.515762970125968
baseline,11.956705538985526
baseline,11.792447013064635
baseline,11.603507061914392
baseline,12.910260319830243
baseline,12.195603798723152
baseline,11.732822993488018
baseline,12.03739610181847
baseline,11.372072261686448
baseline,11.70210812656674
baseline,11.768511523638335
baseline,11.2514421206721
baseline,12.179129728379321
baseline,11.663111741560007
baseline,11.748333790507603
baseline,11.62747826151107
baseline,13.796684068892345
baseline,11.574662750442753
baseline,10.812009846870685
baseline,11.060472055244409
baseline,12.400718627795827
baseline,12.752611272376477
baseline,11.563902682883477
baseline,12.71710546904093
baseline,12.390074936242828
baseline,11.843275714253934
baseline,11.802590048790927
baseline,12.05784021848044
baseline,12.471953699944875
baseline,12.184999694994577
baseline,11.566700206712603
baseline,11.852050362097632
baseline,13.157647602383877
baseline,12.099023287334358
baseline,12.467038691835745
baseline,12.269514477343353
baseline,12.11201685109049
baseline,12.015733615004843
baseline,12.484012987936389
baseline,12.376299056785415
baseline,12.106461718718073
baseline,11.557195884530326
baseline,12.17806992453178
baseline,11.913822298660966
baseline,11.775259525716049
baseline,13.61036555611612
baseline,11.093160996603073
baseline,12.521061196587434
baseline,11.462935750767505
baseline,12.028842812398024
baseline,13.537820251088466
baseline,11.407662001032854
baseline,11.540335882470512
baseline,11.942451737549293
baseline,11.47152769545757
baseline,12.475945302217479
baseline,11.646770287717573
baseline,12.337581896111008
baseline,11.206589891091348
baseline,10.950102899006417
baseline,11.820609787391174
baseline,11.077332647096078
baseline,12.86553266246487
baseline,11.098134964770901
baseline,11.366082792168704
baseline,12.194646120433157
baseline,11.617535114621143
baseline,11.104277932714522
baseline,13.195156582117942
baseline,11.385966773763297
baseline,11.839383915835093
baseline,11.831960263964573
baseline,12.37130039803324
baseline,12.223487293605164
baseline,11.48288825312435
baseline,11.76523083207354
baseline,11.821792094075127
baseline,12.394502224700432
baseline,11.29432656151828
baseline,13.18117987212819
baseline,11.520595337139792
baseline,11.947527212665266
baseline,11.298889848783787
baseline,11.223460137317089
baseline,11.456403294047394
baseline,11.403153080332554
baseline,11.7148903810924
baseline,11.398487024276118
baseline,12.362453450065624
baseline,11.507308769252779
baseline,11.445639989194797
baseline,11.726989268011344
baseline,12.541915794887352
baseline,12.077731570692844
baseline,11.894955782388779
baseline,11.15031165840108
baseline,11.308359703580882
baseline,11.23421047769251
baseline,12.734321124871993
baseline,12.26397134669626
baseline,11.463519555703257
baseline,11.629929967703266
baseline,11.483729430276036
baseline,11.450054807195219
baseline,12.222271823584478
baseline,11.787096180221237
baseline,13.221549324795209
baseline,12.699489403492208
baseline,12.735944534990482
baseline,12.347961574528819
baseline,11.710118627355179
baseline,12.304003986407682
baseline,11.752113606297575
baseline,12.935597330476236
baseline,12.189125995726043
baseline,12.10556208230546
baseline,12.02643928529303
baseline,13.0047737836747
baseline,11.149930294775617
baseline,13.066735948897726
baseline,11.845186187484549
baseline,11.1648588630896
baseline,11.524491282655424
baseline,11.033229665435133
baseline,12.337370834764842
baseline,11.365748723299879
baseline,12.050710520305573
baseline,12.62817821591009
baseline,11.569387613734765
baseline,11.798208381160478
baseline,11.220627122948486
baseline,11.729611962562144
baseline,13.541390114728738
baseline,12.411923828548714
baseline,11.800138410232083
baseline,11.603278924897566
baseline,11.927912881532762
baseline,12.028175404676952
baseline,11.712156886600958
baseline,12.263671764322494
baseline,11.412597248245234
baseline,11.409864144272795
baseline,12.169004114370178
baseline,11.294151438514861
baseline,12.382525423064651
baseline,11.944324312058608
baseline,10.93892149359133
baseline,12.016199675311066
baseline,11.014879993860745
baseline,12.361140797975164
baseline,11.809306397227283
baseline,13.074846790417801
baseline,12.58972355454203
baseline,11.353412817486806
baseline,10.837159441921726
baseline,11.52287572465386
baseline,11.265378997870794
baseline,13.058786355660164
baseline,11.946620843681094
baseline,12.505837499605073
baseline,11.788528212255597
baseline,11.848912494808303
baseline,11.933702276428834
baseline,12.611243714088515
baseline,12.134504155886368
baseline,11.355261645153035
baseline,12.930729614725339
baseline,11.784079121917877
baseline,11.691474690327633
baseline,10.420620913603639
baseline,12.325858901691017
baseline,12.011257976997507
baseline,12.010625172212196
baseline,11.721386269610234
baseline,11.623815395805298
baseline,11.740296308690528
baseline,12.223966309432468
baseline,12.328678432755796
baseline,11.819436733156438
baseline,12.515249955616916
baseline,11.906910904906697
baseline,11.663895738921868
baseline,12.068099031818784
baseline,11.190196919774179
baseline,12.088181302280885
baseline,11.091477595012238
baseline,11.371572313836587
baseline,10.838235449421191
baseline,11.85152742269459
baseline,12.922655991410664
baseline,11.884930737633715
baseline,12.331348820702221
baseline,13.396559323450376
baseline,12.188993920065604
baseline,11.517228397766472
baseline,11.594347938396941
baseline,11.952976166060694
baseline,11.591354202053074
baseline,11.633474432245322
baseline,12.537304580941887
baseline,12.562191017889559
baseline,11.035323529345893
baseline,11.487694714713829
baseline,11.686665936872789
baseline,12.304778245243627
baseline,12.633603120065441
baseline,13.625684267463438
baseline,11.685720258087086
baseline,11.714054426455684
baseline,12.29850539632931
baseline,11.563667463469779
baseline,11.871172894717983
baseline,11.714446699184938
baseline,10.526107550932881
baseline,12.024201406101941
baseline,11.847364987120825
baseline,12.712347104962848
baseline,11.955775982835105
baseline,11.247104697031354
baseline,11.803933594933367
baseline,10.800275018909389
baseline,11.271027807756608
baseline,12.326520001608998
baseline,11.810093177264132
baseline,12.49922424384498
baseline,10.865480103212182
baseline,11.812887666262366
baseline,11.680146489357021
baseline,12.51944398812022
baseline,12.34880310744069
baseline,12.330551858909931
baseline,12.879976962981887
baseline,11.741146459245227
baseline,12.751763046667161
baseline,11.362490890714362
baseline,11.342307914011636
baseline,12.396777959837719
baseline,11.111626326496536
baseline,12.289086668933473
baseline,12.011432955327193
baseline,12.590053095741874
baseline,11.918193133602795
baseline,11.985109612678585
baseline,12.25131612752045
baseline,11.574643444995107
baseline,11.55022505609883
baseline,12.230645357377627
baseline,11.935634876251216
baseline,11.718835038163872
baseline,11.904711240421808
baseline,12.913213728439665
baseline,11.698564102623395
baseline,11.682124853228956
baseline,11.00298142958415
baseline,11.928075107572422
baseline,12.339300853776358
baseline,12.447032610885337
baseline,12.015453310200527
baseline,12.519434877970461
baseline,12.38385400929498
baseline,12.61516417222682
baseline,12.536726395090845
baseline,12.897831217884388
baseline,11.85464491471459
baseline,11.207747691370635
baseline,12.343390200887463
baseline,12.413500439715136
baseline,12.897841973163688
baseline,12.7185488062022
baseline,13.13483024796111
baseline,12.317170693171887
baseline,12.085891864047927
baseline,11.176320319125802
baseline,12.132429068600253
baseline,11.636624451725803
baseline,12.075761106539334
baseline,11.984217512701095
baseline,12.229047152541629
baseline,11.896316482089432
baseline,12.50680844928721
baseline,10.474461543132076
baseline,12.063173570298984
baseline,12.670048471872686
baseline,13.086876395596175
baseline,12.38429283282874
baseline,12.969895028207393
baseline,12.050867253989816
baseline,11.954253313362655
baseline,12.263289186155859
baseline,11.950744472944946
baseline,11.50765827305028
baseline,11.657668456986512
baseline,11.325123469236974
baseline,12.262671816772913
baseline,11.959196201124564
baseline,11.745588596128309
baseline,11.628626236687916
baseline,12.248816929830149
baseline,12.413437246407454
baseline,11.315046986467479
baseline,11.229160520798821
baseline,12.518631524504906
baseline,11.181658132617631
baseline,12.274036686178263
baseline,12.927215743340353
baseline,12.928673604317835
baseline,12.387842274727996
baseline,12.370401046027279
baseline,13.331482569801889
baseline,10.673664748517254
baseline,11.68647820747364
baseline,12.45445321089168
baseline,11.758694868255388
baseline,12.692975665690804
baseline,11.929809897943624
baseline,12.029162538320527
baseline,11.794449691205589
baseline,11.65355938413986
baseline,11.639667956157373
baseline,12.110730334263321
baseline,11.512006851283834
baseline,12.517839477657056
baseline,12.337113171630367
baseline,12.60688930458135
baseline,11.31591901731534
baseline,11.007231699193479
baseline,11.950170194754167
baseline,13.756395529018492
baseline,12.709251942858963
baseline,11.635528235734029
baseline,12.201086484423618
baseline,12.381666841723769
baseline,11.18531483677137
baseline,12.773139697084256
baseline,11.855949361422928
baseline,11.900153339174675
baseline,11.96638180342108
baseline,12.63450022397007
baseline,11.522830526551349
baseline,11.003234350724751
baseline,12.141170510062011
baseline,10.825128349799993
baseline,11.77934411845539
baseline,12.660459520705604
baseline,12.292857174482275
baseline,12.572061263354788
baseline,12.317467683367187
baseline,13.434309882315086
baseline,11.616478598586777
baseline,12.185494146829265
baseline,11.701342778121855
baseline,12.520022242561977
baseline,11.916961625229108
baseline,12.991271985390819
baseline,11.648867564592077
baseline,12.796386094190952
baseline,12.301229981255624
baseline,11.933798316037162
baseline,12.271035614518102
baseline,12.10491900630576
baseline,12.160606788585005
baseline,11.833292273153939
baseline,11.552811388000862
baseline,11.759958390458022
baseline,11.01594875605376
baseline,12.450502936090091
baseline,11.257787455472792
baseline,11.827110460961256
baseline,12.334015040294611
baseline,12.448962885336579
baseline,10.967195842601612
baseline,11.899479777277397
baseline,12.221942218489762
baseline,11.982767140629448
baseline,12.757325191263668
baseline,11.485668992045813
baseline,10.822304429648277
baseline,12.431430517923708
baseline,11.645326560320347
baseline,10.975763844293542
baseline,11.861074019985837
baseline,12.687302580120638
baseline,11.242468338449692
baseline,13.385961430915964
baseline,11.476721009547767
baseline,12.003109176572604
baseline,11.266540227891506
baseline,11.976725085015255
baseline,11.875326483228868
baseline,11.11984181692083
baseline,13.707789328051026
baseline,11.668924211692056
baseline,11.669419080043644
baseline,12.52745069469408
baseline,13.051516617315954
baseline,12.62341564432193
baseline,11.276349793173079
baseline,12.077165384423838
baseline,10.91061153389003
baseline,12.486624502581659
baseline,11.041586111526724
baseline,11.496034549899395
baseline,11.950740290235037
baseline,12.213213695232618
baseline,11.802310565767394
baseline,12.86604094766778
baseline,12.379057677086362
baseline,12.33202994341014
baseline,11.260933140201594
baseline,12.979008061784025
baseline,11.496110452935813
baseline,13.003056093226615
baseline,13.18379102728209
baseline,12.253330480019645
baseline,12.565758574245166
baseline,10.293448333102267
baseline,11.84010467536613
baseline,12.608569785752058
baseline,12.500437476514639
baseline,11.266217480800552
baseline,11.783561120368624
baseline,10.569702529371657
baseline,12.194275465474835
baseline,10.90957723090569
baseline,12.62588907315995
baseline,12.657912722091552
baseline,11.6807953655842
baseline,12.2584513376277
baseline,11.82742494137237
baseline,12.093567273782037
baseline,11.305865033857534
baseline,12.318746318040821
baseline,11.038376832448947
baseline,10.937850017537531
baseline,11.882134893850935
baseline,11.830783696347178
baseline,12.111396887855356
baseline,11.58202121465278
baseline,13.096807682607045
baseline,12.046001995207849
baseline,12.088277084628746
baseline,12.067407814402808
baseline,12.548040998581135
baseline,12.29102399904518
baseline,12.211444453458471
baseline,12.38670821250852
baseline,10.94066846109364
baseline,10.960714642409316
baseline,11.908594413768013
baseline,11.838570956045405
baseline,12.293283818601253
baseline,11.964196728605353
baseline,12.29450857319572
baseline,11.252095936763205
baseline,11.94637191472781
baseline,11.200144535204956
baseline,12.178836843271343
baseline,10.912244393589663
baseline,12.156101430161842
baseline,11.130894556577111
baseline,11.732359015455726
baseline,12.482522434939336
baseline,12.085053816751323
baseline,11.035982699092637
baseline,11.56917618456696
baseline,11.113437471185796
baseline,11.009749267667749
baseline,12.020955548842958
baseline,12.281661828298835
baseline,12.210608673193647
baseline,12.30688873751588
baseline,11.945696636367144
baseline,11.795184317804466
baseline,11.346602418526006
baseline,11.700231213361732
baseline,11.210850285777488
baseline,11.472668714958177
baseline,12.004223936898656
baseline,11.88451035178131
baseline,13.867562040185916
baseline,11.197571878730303
baseline,11.880308255214477
baseline,11.155346463808506
baseline,11.729936862490735
baseline,11.75310492458957
baseline,12.452272623080404
baseline,11.69479357439032
baseline,11.842219348609321
baseline,11.705770634141926
baseline,11.16761796811948
baseline,11.580564109662314
baseline,11.733264207860866
baseline,11.995440832220327
baseline,12.280857483212772
baseline,11.817393708228472
baseline,11.807324097726017
baseline,10.99585362797796
baseline,12.269424982226496
baseline,11.555999384930033
baseline,12.39339892719387
baseline,12.740242913197715
baseline,11.844174592986484
baseline,11.374006964987323
baseline,11.94292381663465
baseline,12.156332356526663
baseline,11.771112558131962
baseline,11.630117880706365
baseline,12.28358731120732
baseline,12.244377532381797
baseline,11.753562877662493
baseline,11.031486910018222
baseline,12.219947879590334
baseline,11.51604734465169
baseline,12.077418316238752
baseline,12.040486950914064
baseline,10.906606401039722
baseline,11.999660177092313
baseline,12.254444840193027
baseline,12.327503878835355
baseline,12.020782254088864
baseline,10.86006042695374
baseline,12.715953348156095
baseline,12.193110943518704
baseline,11.275180428782068
baseline,11.504642683047939
baseline,12.087305893363048
baseline,12.353007121412942
baseline,11.673097368968055
baseline,12.440594080823852
baseline,10.957570386633082
baseline,11.363453366256522
baseline,10.814270173559297
baseline,11.443648206708032
baseline,12.859176324698016
baseline,13.206576160630629
baseline,12.08927831020968
baseline,11.588244081680212
baseline,11.824820726594101
baseline,12.229999405250803
baseline,11.080300819087839
baseline,11.62534774627719
baseline,12.813625791170441
baseline,11.361662468154766
baseline,11.5262709813856
baseline,11.960240673653495
baseline,12.117762652146423
baseline,11.595789737441075
baseline,11.997265728481558
baseline,12.3100586888022
baseline,13.145012439879086
baseline,11.879648249742148
baseline,11.928685735161215
baseline,12.87126285646875
baseline,11.63850771542623
baseline,11.209217470184669
baseline,12.098457470820257
baseline,12.59269170486114
baseline,12.163608975024822
baseline,11.896498233571144
baseline,11.1420185607481
baseline,11.918814290311442
baseline,12.68890017357208
baseline,11.258358819204648
baseline,11.811578396901721
baseline,11.730108147564977
baseline,11.55498714964922
baseline,12.097093522022915
baseline,12.212206508323215
baseline,12.206005140455888
baseline,11.399678124951446
baseline,11.035809661703388
baseline,12.105578557864558
baseline,11.662938502258731
baseline,13.066751506062868
baseline,13.096057027269277
baseline,13.163663676976881
baseline,11.419978860280574
baseline,12.287063425096436
baseline,12.46802214889247
baseline,12.400148498379805
baseline,11.748942630650662
baseline,12.71723818145812
baseline,11.95287001876047
baseline,12.027041728260908
baseline,11.093815896111206
baseline,12.332053985093312
baseline,11.802609834010408
baseline,12.224925091104492
baseline,12.089584920202036
baseline,12.057878997124522
baseline,11.92613134973821
baseline,12.417139742536495
baseline,11.837871379323714
baseline,11.13834420968526
baseline,12.286817146972883
baseline,11.492799898136195
baseline,11.209267022091552
baseline,11.37459587213631
baseline,12.117874324153748
baseline,11.896784871404689
baseline,10.77852136320928
baseline,11.73228611181298
baseline,12.649634283011478
baseline,11.69386978898093
baseline,11.857069115652068
baseline,12.572448543046395
baseline,12.422492129357508
baseline,12.559508358690291
baseline,10.449418222032651
baseline,13.000521968758157
baseline,12.327054503943497
baseline,13.467673563368484
baseline,11.507675813173488
baseline,10.973151991578822
baseline,11.956777389145557
baseline,11.794050687215448
baseline,12.337375163693274
baseline,12.591930593441768
baseline,11.902107884499033
baseline,11.813892066943673
baseline,12.25930937483853
baseline,11.804946878982847
baseline,11.757158282265937
baseline,12.568879270614238
baseline,12.705289754747998
baseline,12.597449373111743
baseline,11.855486222170956
baseline,10.774809910791289
baseline,11.86700339645657
baseline,11.52126752734651
baseline,11.877643305070903
baseline,11.569907085291419
baseline,11.940583515248223
baseline,11.365207258813808
baseline,11.232953865555785
baseline,12.682464500322073
baseline,11.403631635773962
baseline,11.952786964948297
baseline,12.518634492931211
baseline,12.494253774818269
baseline,12.422106073218524
baseline,12.129353742327964
baseline,12.379516008033072
baseline,12.775284149859617
baseline,12.201388392626324
baseline,10.933995280307393
baseline,11.650156990201316
baseline,12.362943480902326
baseline,11.594613660360599
baseline,12.929219864772548
baseline,11.916034166555686
baseline,12.002084068470761
baseline,12.62237972807444
baseline,11.847084094317044
conservative,17.989112841188607
conservative,18.70126610823399
conservative,16.448387809211372
conservative,17.545228654603335
conservative,18.631109224241058
conservative,17.88250685774079
conservative,19.28091892356024
conservative,16.35590242948203
conservative,16.254711346957876
conservative,18.571691842676692
conservative,18.667827876944877
conservative,17.63326153713373
conservative,18.20694837999205
conservative,18.54728803327095
conservative,17.048105706521152
conservative,17.147612130193853
conservative,18.002110778112936
conservative,18.706254915640688
conservative,16.72474533939563
conservative,17.628758223269603
conservative,17.58444495497738
conservative,18.224132447921438
conservative,17.811086668726134
conservative,17.298370612568245
conservative,19.05563689715581
conservative,17.30460470434745
conservative,17.538744340237756
conservative,16.342050785722574
conservative,17.141293080006314
conservative,18.32042362591522
conservative,18.12908999891222
conservative,18.402714305338556
conservative,18.354803537431835
conservative,19.934440953317853
conservative,17.10941107895085
conservative,16.317242677623618
conservative,16.830054776483493
conservative,17.150593248266187
conservative,16.899974107620064
conservative,17.909475158238287
conservative,19.059823412614854
conservative,19.355985132506557
conservative,18.308848078030945
conservative,19.991893872472872
conservative,17.47755296163362
conservative,16.305622373360507
conservative,18.8566694322772
conservative,16.123836610621904
conservative,17.102764943169728
conservative,18.324395613636494
conservative,17.72059659564718
conservative,17.635464174577262
conservative,16.711257243328483
conservative,17.809049331168985
conservative,18.806579264447407
conservative,17.83873826615175
conservative,17.03294170505408
conservative,16.650694856148494
conservative,17.05206382958207
conservative,18.199067866776918
conservative,18.15149839807808
conservative,17.060493327974715
conservative,15.800620754772408
conservative,18.226142667274427
conservative,16.970545055402763
conservative,18.491438937414582
conservative,17.101735701374096
conservative,16.8875025498819
conservative,17.966804900345394
conservative,20.225759589811172
conservative,18.551097094222584
conservative,17.950454898944802
conservative,18.166370589776278
conservative,16.20075718491366
conservative,16.76446957134541
conservative,15.544623295270423
conservative,19.554814083106972
conservative,19.343226303903563
conservative,18.199541710192147
conservative,17.94939047239372
conservative,16.377567667843635
conservative,17.608303500347382
conservative,19.620610563224652
conservative,17.94582505980496
conservative,17.280729869877693
conservative,16.194628467445696
conservative,19.190980541041885
conservative,17.75174175779512
conservative,16.195806311381336
conservative,16.94605029015664
conservative,16.623546602228622
conservative,17.692329420072546
conservative,18.019146960360192
conservative,17.338552012891462
conservative,18.57903546466525
conservative,17.895189903193646
conservative,18.865924390485322
conservative,17.476772722836973
conservative,20.987195121865025
conservative,17.28087810409252
conservative,16.965356392916203
conservative,16.852269427860193
conservative,17.61630852035029
conservative,16.228614933566284
conservative,18.103754570434166
conservative,16.065422281402196
conservative,17.975007442186502
conservative,16.557025522770918
conservative,17.453885889018963
conservative,18.407680312195136
conservative,20.167519112851927
conservative,16.80494858740955
conservative,17.674471226430835
conservative,17.131850009799237
conservative,16.99625699729346
conservative,17.14003704849742
conservative,18.626019162568426
conservative,17.352852458407874
conservative,20.108298048327338
conservative,18.222194687906935
conservative,16.86720691540538
conservative,17.467736586741083
conservative,17.05925019387592
conservative,18.602024897564895
conservative,16.30006982892797
conservative,16.566304913528253
conservative,17.255470154481923
conservative,18.485365651366372
conservative,19.039770494380925
conservative,19.191224339301062
conservative,18.33393439224014
conservative,17.739386484245028
conservative,18.59658718921735
conservative,16.74427520151812
conservative,16.118518970238146
conservative,18.24242404202134
conservative,16.87118170546405
conservative,17.75635297473973
conservative,17.934466904014442
conservative,18.058654732357343
conservative,18.740151236462772
conservative,18.634033611743195
conservative,18.007210309633397
conservative,17.396351000950023
conservative,17.923042878572854
conservative,17.25109394769078
conservative,17.63021398872591
conservative,20.510870713417127
conservative,17.99482597880584
conservative,18.25576126013443
conservative,17.148887619435172
conservative,18.8231657883184
conservative,18.562303053570393
conservative,18.569363709262774
conservative,18.026456956703647
conservative,18.837445282708025
conservative,19.079319117197972
conservative,18.092611740183504
conservative,17.70881634157854
conservative,18.696693398845923
conservative,16.964622584675986
conservative,17.137253081513574
conservative,17.76794777634475
conservative,16.209360724894733
conservative,18.629550060895436
conservative,16.91046767231336
conservative,17.368490249334045
conservative,17.614068394173174
conservative,17.857255012089052
conservative,17.489645331658352
conservative,17.75436018329378
conservative,17.761836453757383
conservative,17.391607002896876
conservative,17.085853303299988
conservative,18.885353846073606
conservative,15.892324176374004
conservative,17.62131449614348
conservative,17.370938028714935
conservative,18.224947196078475
conservative,16.464481485896926
conservative,17.34178787972467
conservative,17.720617547442686
conservative,18.873791710192098
conservative,18.140371444137124
conservative,16.708804887317214
conservative,17.353398956032873
conservative,18.68813895001688
conservative,16.693101638748047
conservative,17.743481471426186
conservative,17.810677944541123
conservative,17.449625412646103
conservative,20.596564943069865
conservative,17.42407430520533
conservative,18.25529076488598
conservative,17.092259728777904
conservative,18.331912345951615
conservative,18.672822666493797
conservative,17.2588317371253
conservative,17.766593959850642
conservative,16.972785816403235
conservative,16.744363366561153
conservative,18.840081858464618
conservative,17.29073652625109
conservative,15.62716481051466
conservative,19.592129798385788
conservative,17.059019803220217
conservative,17.582402403827192
conservative,19.461563386842418
conservative,17.682713911547136
conservative,17.661964430886673
conservative,16.668243066730955
conservative,16.303569282762545
conservative,17.65903605634576
conservative,18.170232951433697
conservative,18.114416538561496
conservative,17.359265279547053
conservative,17.83901596969797
conservative,16.125051093407862
conservative,18.26549241055194
conservative,17.974751552885806
conservative,19.812646282976043
conservative,17.82675969819047
conservative,16.929097141254395
conservative,17.770437616923434
conservative,17.504728461004277
conservative,18.240533447411934
conservative,17.84537268580519
conservative,16.639460620152498
conservative,16.302762552162392
conservative,18.07300331605696
conservative,19.193876686540786
conservative,17.89571428916863
conservative,18.615247790621584
conservative,18.81582198524045
conservative,18.076773295656157
conservative,17.047523202813732
conservative,18.007508189238827
conservative,19.013208019827157
conservative,18.33402206209375
conservative,18.550315245451387
conservative,17.37694025333898
conservative,17.624535387605004
conservative,17.70485474693464
conservative,17.769843561235987
conservative,18.973298086781195
conservative,15.68376613247018
conservative,17.84886735712332
conservative,17.74265945304565
conservative,16.538798290574633
conservative,18.474268766495978
conservative,17.1311591697524
conservative,17.476926130159917
conservative,19.68014860853735
conservative,18.812956214659074
conservative,18.377990343897654
conservative,18.18777529775123
conservative,17.660674380250597
conservative,19.84004271591449
conservative,18.60412232397658
conservative,17.107837655296652
conservative,16.51308728843098
conservative,18.370441609983857
conservative,17.765466416925555
conservative,16.4872054327732
conservative,18.234537132350795
conservative,17.560758064718076
conservative,18.3347846283329
conservative,18.247424200340454
conservative,17.239789940185275
conservative,18.435686442847576
conservative,17.343561082068945
conservative,17.40499298977601
conservative,17.311179889018643
conservative,18.935639634049206
conservative,17.549737633669213
conservative,19.18287586598958
conservative,19.611222886722587
conservative,17.117917333456298
conservative,15.201541518527183
conservative,18.847890640402014
conservative,17.491244397519974
conservative,16.999662567588143
conservative,17.258124031320694
conservative,17.422101462578343
conservative,19.105482294409498
conservative,17.9733088322039
conservative,19.091534113927036
conservative,18.298930176165385
conservative,17.5224116652877
conservative,17.445285820731698
conservative,18.365282657936724
conservative,18.622376854461226
conservative,18.799640318956907
conservative,17.567909986902347
conservative,17.988078004849037
conservative,18.387423041913245
conservative,17.451350519862913
conservative,16.752984683509375
conservative,17.0551462250173
conservative,17.587505944634238
conservative,18.46478471529843
conservative,19.066298408075316
conservative,16.552707145862772
conservative,17.2500295957186
conservative,17.47613753187484
conservative,18.59667831002446
conservative,17.31509721506788
conservative,17.40797405731253
conservative,16.502410182531577
conservative,18.288306093743852
conservative,17.66382515183951
conservative,17.19692297995883
conservative,17.569844703872704
conservative,18.93159261492901
conservative,16.87190800729546
conservative,17.02235350154121
conservative,19.059411328157296
conservative,17.892280715738387
conservative,18.47227124883353
conservative,18.208275890739415
conservative,17.78531173599975
conservative,17.485227684622306
conservative,18.633515970786398
conservative,18.967568951869215
conservative,18.888107848156388
conservative,16.707002395500254
conservative,19.113405596336143
conservative,17.476068392980842
conservative,17.102740281590464
conservative,17.656212064549855
conservative,18.633085999859162
conservative,18.34443719834977
conservative,17.573787622317155
conservative,18.63963034989626
conservative,17.953965483193354
conservative,17.272908482340128
conservative,17.146505341400392
conservative,18.216573568139577
conservative,17.739745085681374
conservative,16.53519649120461
conservative,18.649140141800686
conservative,17.36019609694204
conservative,19.410617613095305
conservative,16.510493590046817
conservative,17.645289786841914
conservative,17.154020427120223
conservative,16.89896712904439
conservative,17.354046308461268
conservative,19.59761656471902
conservative,17.95734975554883
conservative,17.06865923250781
conservative,16.132581445657088
conservative,16.227002450955034
conservative,17.30723439344801
conservative,17.215971177114945
conservative,17.603755672634307
conservative,15.747897104408949
conservative,17.730908646286395
conservative,18.83090910064842
conservative,19.442683051929176
conservative,16.07491546611048
conservative,17.05967161393719
conservative,17.010716707286495
conservative,17.959617415489646
conservative,16.675861062698466
conservative,19.504855506293023
conservative,17.86131737272456
conservative,17.700601436684302
conservative,19.411237181323152
conservative,17.80397133961154
conservative,18.206859400765335
conservative,17.106676246842397
conservative,16.539697128779316
conservative,17.237823529409393
conservative,20.04105264881821
conservative,18.435860904428875
conservative,18.084292031320786
conservative,16.898093208999395
conservative,18.71345276536867
conservative,16.55122510070743
conservative,16.363793797028606
conservative,17.286142866432748
conservative,19.792248658720716
conservative,19.73215061118787
conservative,17.387629843403513
conservative,17.178085414195266
conservative,16.298666708428506
conservative,17.89444847189063
conservative,17.975337424754187
conservative,18.591523849052056
conservative,18.7129066485437
conservative,17.629262135265744
conservative,18.359778415290737
conservative,17.15340363757335
conservative,18.341066187046458
conservative,17.33476690618745
conservative,18.26479736125285
conservative,18.18555255111486
conservative,17.885583557885845
conservative,18.596501189086624
conservative,16.36081848815914
conservative,16.816912127277288
conservative,17.55977220528333
conservative,16.474362708715653
conservative,17.429633878662965
conservative,17.46021078470355
conservative,19.11830702202625
conservative,17.95654309730153
conservative,18.832628640686814
conservative,18.11067071672216
conservative,17.307983444405423
conservative,17.948042630219987
conservative,18.531573304102555
conservative,18.999248873361232
conservative,17.6917844489403
conservative,16.292329443141583
conservative,16.230145792175225
conservative,17.50604885959949
conservative,15.691681624185357
conservative,19.623470433057086
conservative,18.400160595817685
conservative,17.214118473719846
conservative,16.776047239744994
conservative,18.831302928569563
conservative,16.77240732080912
conservative,16.85967127858177
conservative,17.092589885383195
conservative,17.929132243685718
conservative,18.423760823040595
conservative,18.998504733114977
conservative,18.848358166170293
conservative,17.82026142089619
conservative,18.823619351632743
conservative,17.181074470752133
conservative,16.13939596546634
conservative,17.180951645647518
conservative,17.05515601274677
conservative,17.217563677806126
conservative,16.913723014856544
conservative,17.378297829667435
conservative,18.422988747557657
conservative,19.5394627921141
conservative,16.223485799918336
conservative,16.614329139768024
conservative,17.06890223502548
conservative,18.567757225497747
conservative,17.622050069824606
conservative,17.13152341536512
conservative,18.5189427131263
conservative,18.758883317813403
conservative,17.80134605069223
conservative,17.0459214536216
conservative,18.0801596151123
conservative,17.59493520473585
conservative,17.587527173026043
conservative,17.329895911280545
conservative,18.727262046402522
conservative,18.060362407080614
conservative,18.838974138564332
conservative,19.145690788343053
conservative,18.264328702207383
conservative,17.335478576217987
conservative,18.843655586029968
conservative,18.270886588000288
conservative,20.49455693510673
conservative,18.118870371870514
conservative,18.5000081074175
conservative,18.09973075041015
conservative,17.723759856617036
conservative,17.570534156932535
conservative,18.10344441281471
conservative,18.325442368933512
conservative,18.95947141619767
conservative,18.11765176022366
conservative,17.376616213543617
conservative,17.505628714544095
conservative,16.582546173157912
conservative,19.48280896590618
conservative,17.302801704450356
conservative,18.770021656300692
conservative,18.086250178836934
conservative,18.112671709565994
conservative,17.706086405854073
conservative,17.072288335785167
conservative,16.9052982442289
conservative,19.553334271700052
conservative,17.9290106004319
conservative,18.929835562088147
conservative,19.195725042310794
conservative,17.42585991130318
conservative,18.229562297246975
conservative,17.862745007508714
conservative,16.732700732492123
conservative,17.640712679070337
conservative,18.39084660796826
conservative,17.342500895036718
conservative,17.507542828443306
conservative,17.652334905382173
conservative,19.959967572885706
conservative,16.127824520169227
conservative,18.30622738843676
conservative,17.575744052173096
conservative,17.209449832714153
conservative,17.552311119911344
conservative,18.469912104709962
conservative,18.526693768988842
conservative,17.99852521389928
conservative,18.896788170713375
conservative,19.07639588417053
conservative,18.618326382440735
conservative,17.298080072710928
conservative,18.299147806217867
conservative,18.303825875897324
conservative,17.046466366984575
conservative,16.361673098859345
conservative,15.963067844495376
conservative,17.886593911002397
conservative,18.107135421231565
conservative,16.71035599331586
conservative,18.849432502616796
conservative,17.965884647699585
conservative,19.159197039845097
conservative,18.177774285888116
conservative,16.815615771591162
conservative,18.263642475906778
conservative,18.472625067434713
conservative,17.296733921514
conservative,16.475411604333917
conservative,17.915858044173056
conservative,16.875617749320202
conservative,18.925381941705304
conservative,17.429338022901135
conservative,19.54927493807295
conservative,15.875252339114349
conservative,17.949082492613737
conservative,19.241656981798137
conservative,16.977379200344316
conservative,17.665936388892813
conservative,17.433263036700488
conservative,17.169148969689225
conservative,18.05526354578933
conservative,16.607383675857683
conservative,17.712324864345256
conservative,18.320343097319277
conservative,17.612331062105618
conservative,16.876205574615224
conservative,18.83339329100136
conservative,18.532400128411314
conservative,16.838630195748518
conservative,16.608570751380718
conservative,16.920577899306718
conservative,18.349176061588505
conservative,18.085300267458493
conservative,18.592049597076524
conservative,17.506298628971614
conservative,16.945618455749493
conservative,18.721089685723847
conservative,17.29125596289951
conservative,17.999038425911067
conservative,16.37905128964758
conservative,17.27587788565347
conservative,18.81237277748465
conservative,17.138824184491426
conservative,18.61645419864192
conservative,15.69755902964674
conservative,17.28566860345303
conservative,17.654266305019046
conservative,19.568126788544312
conservative,16.721920127430092
conservative,18.47350081775097
conservative,18.860472169898436
conservative,17.13396413823657
conservative,17.461261193727974
conservative,17.955670459162775
conservative,16.440145211612677
conservative,17.383974688332376
conservative,19.08385710002257
conservative,18.326898213761993
conservative,17.668289485289137
conservative,17.928154916467648
conservative,18.3843270939152
conservative,18.574409043395555
conservative,17.288467642607234
conservative,19.3508505276175
conservative,19.125153199718536
conservative,18.479717732163657
conservative,17.021149835678933
conservative,16.857840045917044
conservative,17.50586687261051
conservative,17.87786416151573
conservative,16.185449386029056
conservative,18.299395076357843
conservative,19.095497235482398
conservative,18.379952022097232
conservative,17.176353744627953
conservative,17.06615741246804
conservative,18.108898243210216
conservative,17.671601705054783
conservative,18.248699252726
conservative,18.4048933326251
conservative,18.89592453537327
conservative,16.755551406534515
conservative,18.03297134151006
conservative,17.4708049349278
conservative,17.724206558229312
conservative,18.66642571095488
conservative,18.775755010921362
conservative,19.209690155795514
conservative,18.23160330343188
conservative,17.713241681674216
conservative,17.57618423810511
conservative,16.21518380575021
conservative,19.149197395452553
conservative,17.510346388378878
conservative,18.310410284127464
conservative,18.481443837276768
conservative,16.65270827870695
conservative,16.946897566144237
conservative,19.363641377376826
conservative,18.099742050184567
conservative,17.26575797484112
conservative,17.697521344257677
conservative,18.890186543673316
conservative,18.736651334329636
conservative,16.45392628408837
conservative,19.454639781744962
conservative,18.768718574455598
conservative,17.67239773676372
conservative,16.70132305780875
conservative,18.857510785470478
conservative,18.281451394553546
conservative,16.461342075765543
conservative,17.596073827212695
conservative,21.078592705980547
conservative,17.835418072565407
conservative,17.114890740525667
conservative,16.86859592227438
conservative,19.599229133097143
conservative,18.649739193671426
conservative,19.21897595018745
conservative,18.05871847616995
conservative,19.061220442351612
conservative,17.016188332434236
conservative,17.9758956301836
conservative,18.096454791658125
conservative,19.193188280109457
conservative,18.127377493478264
conservative,17.22362762629977
conservative,17.881041139049078
conservative,16.26673214053299
conservative,15.70614698066886
conservative,18.63329912365766
conservative,17.460102940242514
conservative,17.56802577277978
conservative,18.632904084642483
conservative,19.20821104809376
conservative,18.338549821632967
conservative,19.764173352469907
conservative,18.307255711347334
conservative,18.111194742740786
conservative,18.051158596409074
conservative,16.616352759523345
conservative,18.758488654902706
conservative,15.600099507950045
conservative,17.260437812453727
conservative,17.841576440005568
conservative,17.070465463365927
conservative,17.387139145298537
conservative,19.670204545425783
conservative,18.908244872130904
conservative,17.16722563769667
conservative,17.3703079619106
conservative,16.624029526072082
conservative,18.507269216027957
conservative,17.579181507248503
conservative,16.012049553747772
conservative,17.916327121705127
conservative,18.244718155339488
conservative,18.765687083290036
conservative,17.748585013895305
conservative,17.462070905376308
conservative,19.826068725435647
conservative,17.825893740283004
conservative,18.521756806079733
conservative,17.304339190232827
conservative,18.49228039482317
conservative,16.46328479068721
conservative,17.377392585588407
conservative,16.686293744331945
conservative,17.242875265434932
conservative,19.057586395331867
conservative,17.23598233199562
conservative,18.52045784591861
conservative,19.332711220133692
conservative,17.792814326868974
conservative,18.79658510334162
conservative,18.335199253334054
conservative,17.93139464297917
conservative,18.552378177207096
conservative,19.67079908432609
conservative,17.212618965821687
conservative,16.913882920082603
conservative,16.85995757721438
conservative,18.797252398446457
conservative,18.93400522666631
conservative,17.306694380751306
conservative,15.865015297367169
conservative,17.17756441324468
conservative,18.351719948621998
conservative,17.75498561913369
conservative,17.993045987209463
conservative,17.319585442473795
conservative,18.817115761816318
conservative,18.151098256562868
conservative,18.38981624727645
conservative,17.972492680721064
conservative,18.328584820385636
conservative,18.263927412964446
conservative,16.942540170550366
conservative,18.180241758466117
conservative,18.59347320858582
conservative,18.960238946844907
conservative,18.22231985520239
conservative,16.90831876351048
conservative,17.050466285807122
conservative,17.402848316231815
conservative,18.001857215730247
conservative,17.70147741858359
conservative,16.76320062488521
conservative,16.757741887005466
conservative,15.897412982719734
conservative,15.038192969927717
conservative,17.692292580146134
conservative,20.185075744254135
conservative,19.625236649242392
conservative,16.896385678235575
conservative,17.963651313200927
conservative,16.45527094576871
conservative,16.592315438885187
conservative,16.69610029625279
conservative,17.602369773837477
conservative,17.643609930381764
conservative,18.0630995616153
conservative,18.465785708568124
conservative,17.496087024554843
conservative,17.854296953861205
conservative,16.790502287040553
conservative,16.56311013153241
conservative,16.424513343097985
conservative,18.45193625189539
conservative,17.495110087896556
conservative,16.09532891083337
conservative,17.758494161017502
conservative,16.649533014695326
conservative,19.481934901974594
conservative,17.26741423485364
conservative,18.48393512507098
conservative,18.892953128741006
conservative,16.91781361336715
conservative,17.892542352491663
conservative,18.357254149007556
conservative,17.930536879063357
conservative,18.168565230958944
conservative,16.576510621750028
conservative,18.357814510160626
conservative,17.35463755355354
conservative,18.15720127850367
conservative,18.72223851516206
conservative,18.471333063172683
conservative,18.156487951632318
conservative,18.444881484972417
conservative,18.490791933129643
conservative,19.310118887893644
conservative,17.786553226575933
conservative,17.97721440828532
conservative,18.734389246723953
conservative,17.350652332175237
conservative,16.571427642645805
conservative,18.297957251393854
conservative,17.621018896326092
conservative,16.68697158721631
conservative,18.305144523608476
conservative,19.24345618079381
conservative,16.308085450828333
conservative,18.82544260602682
conservative,15.522526943735668
conservative,17.435869240442678
conservative,19.67140981120865
conservative,17.504229480115963
conservative,17.905895269073433
conservative,18.56488938323355
conservative,16.23131908045273
conservative,17.888745039642036
conservative,17.881174839872305
conservative,19.69447051834316
conservative,16.66138323877577
conservative,17.45365250573432
conservative,16.942281094774355
conservative,16.844836477753244
conservative,18.93200676914895
conservative,17.845142150165163
conservative,17.289263909262797
conservative,17.32476480265671
conservative,17.282063745687505
conservative,17.366306653051566
conservative,16.635389474895074
conservative,17.570593396676635
conservative,17.47486022845973
conservative,17.1001667192799
conservative,17.968613542030873
conservative,18.05067451491762
conservative,17.28824852956684
conservative,17.680414267844956
conservative,20.01054285423725
conservative,19.969519756487472
conservative,16.82681722348522
conservative,16.95510146710481
conservative,16.821955378389458
conservative,18.860595936993466
conservative,17.43753543860187
conservative,18.05046586047788
conservative,19.837473725696675
conservative,17.809376211427484
conservative,18.508516772451408
conservative,18.32469926121834
conservative,17.25859399391082
conservative,18.86273160907362
conservative,17.014910899526807
conservative,19.149346299946465
conservative,17.25931327917847
conservative,17.362374353123467
conservative,16.795365698058255
conservative,16.946056070002953
conservative,17.41078377329621
conservative,15.612089024952109
conservative,17.59487384984463
conservative,17.33406733442643
conservative,18.591978078975604
conservative,18.229048256947486
conservative,17.146876329404385
conservative,17.380716046820023
conservative,17.59364388577059
conservative,19.300219399178612
conservative,17.040280951384226
conservative,17.13557526250003
conservative,16.758777242030888
conservative,16.439649309575397
conservative,18.115854704017742
conservative,18.014855009023993
conservative,19.0906758987503
conservative,18.8447516625913
conservative,20.26864822622804
conservative,17.748085183899207
conservative,17.56887378834384
conservative,16.60304387703554
conservative,18.49890526791094
conservative,17.933414431073697
conservative,18.453936895058565
conservative,16.7491724289149
conservative,18.159300926601883
conservative,18.017076782069815
conservative,17.953169513121747
conservative,17.169617440385522
conservative,18.995088436015305
conservative,19.89441276502356
conservative,16.775411785840912
conservative,18.522634448288525
conservative,15.237282245043518
conservative,18.471136065842856
conservative,16.096174542248743
conservative,17.31805700845775
conservative,16.59148952127802
conservative,17.611835225298424
conservative,18.640759608674646
conservative,16.107424107933483
conservative,17.474600827121826
conservative,17.32898319974893
conservative,19.39907541273158
conservative,18.237646698190147
conservative,16.71450519605539
conservative,17.368675970746963
conservative,19.37309448555648
conservative,18.516587682326143
conservative,16.951610736598973
conservative,17.56262642807537
conservative,17.593174087387492
conservative,17.30580505115342
conservative,16.2368490299205
conservative,17.17488831705945
conservative,19.200152147057977
conservative,17.45402722534202
conservative,17.719756320360737
conservative,17.95460675249766
conservative,20.07464394753584
conservative,17.828111916726932
conservative,18.89801045787951
conservative,17.24924618565289
conservative,17.56995357772373
conservative,17.831636095865548
conservative,17.084981293521338
conservative,17.623228312851825
conservative,18.690146349992908
conservative,17.060625579790145
conservative,17.819598077177105
conservative,18.510987240436982
conservative,17.038278062440128
conservative,18.899501262178223
conservative,17.889502722987537
conservative,17.6602494405267
conservative,15.975777840915404
conservative,17.46117717242884
conservative,18.17880581048023
conservative,19.5710758449163
conservative,18.371478806888117
conservative,18.93080011059922
conservative,16.685540140574634
conservative,17.69706382530607
conservative,19.02717951549534
conservative,16.979753037900778
conservative,18.76778560078594
conservative,18.53544733599716
conservative,18.084475413504386
conservative,17.503869158827225
conservative,16.8889770468824
conservative,19.602683815829405
conservative,18.43471382850589
conservative,18.1485875351733
conservative,17.42396223175951
conservative,17.855897925745506
conservative,17.977948437871564
conservative,18.206441153317833
conservative,18.53646529748349
conservative,17.07723528639469
conservative,16.4534651522451
conservative,17.900455775517653
conservative,16.204193654999596
conservative,17.508668280962667
conservative,17.332921556472435
conservative,18.296500845670234
conservative,19.822161912553803
conservative,16.031118938242678
conservative,20.13519213581737
conservative,17.59511989365228
conservative,18.15559957868364
conservative,16.499861344762113
conservative,18.79971998281932
conservative,17.85935118856715
conservative,17.76005986330372
conservative,16.0374049836925
conservative,17.890380202906428
conservative,18.647804689378038
conservative,17.592055399874194
conservative,18.979660370547155
conservative,18.93759356001715
conservative,17.209037612129272
conservative,19.413740458568853
conservative,17.863017624755045
conservative,17.867287250541413
conservative,17.914593022860874
conservative,17.88607546519637
conservative,15.444106361518608
conservative,17.64068733587998
conservative,16.54559619732374
conservative,19.4463337342973
conservative,19.404323150561353
conservative,18.65392595156851
conservative,17.589961863912368
conservative,16.869037856968344
conservative,17.193616492448864
conservative,19.77965140238803
conservative,17.161279987026123
conservative,15.676580214299593
conservative,18.833373168174834
conservative,19.315308858063062
conservative,19.480717456761212
conservative,18.841653222598215
conservative,19.00753675292411
conservative,17.87034725380048
conservative,15.916650215442774
conservative,17.846320486425324
conservative,18.424528090068296
conservative,17.688937403061832
conservative,17.645167441357096
conservative,16.9093602271437
conservative,16.874797123930158
conservative,19.66890772097818
conservative,19.70720002232602
conservative,17.816947418571015
conservative,18.09108108817345
conservative,16.893972071727728
conservative,18.445323898455733
conservative,19.58612309281307
conservative,16.397500352089054
conservative,18.269138548239823
conservative,18.343016521300083
conservative,18.331773046017332
conservative,19.463561855666196
conservative,19.879143224436753
conservative,17.59472906895714
conservative,18.47566445054244
conservative,17.90041045401934
conservative,17.217443624042875
conservative,18.08067871848646
conservative,18.47400314054227
conservative,18.028429544096014
conservative,16.985804941782668
conservative,17.37598176083442
conservative,17.383214491809806
conservative,17.02162741959768
conservative,18.12221495674431
conservative,18.22428219539271
conservative,18.782202738982818
conservative,17.007582190614194
conservative,17.26867538828694
conservative,19.371497069082004
conservative,17.6608512170886
conservative,17.848476977774077
conservative,17.650667960290956
conservative,18.93773155788236
conservative,18.977223005056768
conservative,18.91757598957953
conservative,17.845061755935685
conservative,16.99388559163253
conservative,19.76113660800846
conservative,18.658305885509982
conservative,17.38250409102055
conservative,19.23589593439979
conservative,17.308038368510186
conservative,19.222346710999883
conservative,19.29226587853294
conservative,16.94861532710684
conservative,18.385169342894763
conservative,18.584169802862167
conservative,20.50727286819825
conservative,17.114583105343893
conservative,19.244914233174867
conservative,17.836226722751903
conservative,16.656287760452074
conservative,17.70364201684173
conservative,17.8218998847589
conservative,16.822424825068815
conservative,18.120885529385042
conservative,18.7603132539102
conservative,18.049037399483307
conservative,17.302170858805173
conservative,17.676244695848496
conservative,17.81511067884763
conservative,18.02881000386157
conservative,18.914144092180848
conservative,18.081771757129843
conservative,16.510757060355314
conservative,17.282915220344822
conservative,17.9792072786824
conservative,18.928673005016712
conservative,19.106152903023123
conservative,19.601952923709042
conservative,17.94505252437946
conservative,18.56533112211472
conservative,16.46433035971395
conservative,18.235805841196832
conservative,16.807449913994887
conservative,17.7590249712183
conservative,20.96973240785692
conservative,18.11249895103158
conservative,17.001856812888715
conservative,18.214180753765444
conservative,17.325490904629852
conservative,16.912463372125803
conservative,19.95097115273344
conservative,18.8704851390426
conservative,18.153384249732895
conservative,17.443895138078165
conservative,17.52092658773544
conservative,19.358920853148465
conservative,18.115440150417815
conservative,15.068240441358704
conservative,20.294612104670698
conservative,17.99566934094899
conservative,18.15127100449921
conservative,18.89065122032599
conservative,18.270629606986933
conservative,18.54898336589379
conservative,17.413662913802273
conservative,16.666772313737212
conservative,18.08982695818892
conservative,19.243954127089623
conservative,17.20276187110502
conservative,17.127876570436086
conservative,19.02745838313908
conservative,17.381949992753178
conservative,17.426131877377102
conservative,17.461621687470057
conservative,17.756667459707028
conservative,16.357935904779463
conservative,17.30452694826047
conservative,18.041446546174328
conservative,18.03453934970621
conservative,18.963143657838554
conservative,19.670222149081475
conservative,19.327745221150376
conservative,18.716872426468992
conservative,17.675992392787993
conservative,17.225915664651815
conservative,17.836736699246497
conservative,18.388942409967406
conservative,18.623889543548408
conservative,18.426025403474036
conservative,17.702498242941616
conservative,18.588833703058388
conservative,19.06823952733242
conservative,18.682226212339966
conservative,17.78852381312364
conservative,17.029586098477424
conservative,17.007632988596278
conservative,17.171530062347724
conservative,18.067342513686885
conservative,18.324092008523948
conservative,16.500130465602844
conservative,17.337818456944934
conservative,18.053966969600893
conservative,16.968724595743637
conservative,18.239746080770487
conservative,17.524129054430382
conservative,17.13216529479265
conservative,17.870607674369275
conservative,18.199015649246263
conservative,17.01599535865918
conservative,17.585998004879745
conservative,18.27286275264557
conservative,17.096174399235984
conservative,16.283250414940216
conservative,16.390951538990063
conservative,17.41903510872985
conservative,16.586622542821438
conservative,17.48577649605473
conservative,19.48671279437942
conservative,16.532414512986616
conservative,17.547798268615754
conservative,19.98226249702322
conservative,18.21451441750268
conservative,17.46676959882638
conservative,17.668163309154767
conservative,18.23529746379801
conservative,19.519017320454466
conservative,17.3125146023001
conservative,17.100340087484017
conservative,16.5322253507033
conservative,17.91855221873597
conservative,16.508071201885723
conservative,17.375772016939383
conservative,16.96041756654424
conservative,18.87789828111076
conservative,17.33366942104368
conservative,18.20356130051256
conservative,16.330857970739206
conservative,17.94591272019729
conservative,16.690935849023187
conservative,17.41184020068032
conservative,20.06716015637655
conservative,18.734497498688697
conservative,17.69553390287895
conservative,21.161199683214758
conservative,16.95443097774955
conservative,18.970503559068767
conservative,16.394428832367502
conservative,17.58474505918278
conservative,16.560143787611917
conservative,18.067537274938243
conservative,17.87326126955298
conservative,17.523903695762893
conservative,18.896093542748144
conservative,17.27842535939616
conservative,18.135176199508216
conservative,18.622506205051113
conservative,16.438592534767036
conservative,17.108894200588384
conservative,17.87123680189614
conservative,18.433021613402552
conservative,19.233228728189708
conservative,17.61157829928851
conservative,17.51551464975652
conservative,16.993737667609093
conservative,18.13822732643105
conservative,17.53395649719763
conservative,17.55597962893945
conservative,17.728781240589754
conservative,18.3554401877516
conservative,17.28159059050995
conservative,17.08681631562889
conservative,18.237610630490032
conservative,15.115130961127054
conservative,17.24408973310451
conservative,16.73807520082486
conservative,19.009312075809667
conservative,17.397375051853096
conservative,17.284423680795467
conservative,17.772467309469324
conservative,17.251880096180074
conservative,17.43363042669841
conservative,17.91279325207468
conservative,17.415256645282
conservative,17.408461446832405
conservative,16.867072049205287
conservative,16.735822782389775
conservative,17.877741078187064
conservative,18.11546250053673
conservative,16.48790636309686
conservative,18.5619730228968
conservative,18.566067549703376
conservative,18.77733176685558
conservative,18.108933976006014
conservative,18.43988281694387
conservative,20.0389527574206
conservative,17.5297582219466
conservative,16.834505456407204
conservative,16.393193289768302
conservative,19.581940172698857
conservative,19.595741987266212
conservative,16.945742409684186
conservative,17.128531570013415
conservative,17.508354073861792
conservative,19.03076810094779
conservative,16.614719940433474
conservative,16.01191621447599
conservative,20.020105189391302
conservative,18.121079850812805
conservative,18.259848735299247
conservative,17.621898143703326
conservative,18.27100456394342
conservative,16.41090819828348
conservative,17.023037712909808
conservative,17.9205364264964
conservative,15.749005071156287
conservative,17.528808880234713
conservative,17.470150060465684
conservative,17.528644355840417
conservative,17.293481484947062
conservative,16.880164136469073
conservative,16.13837230902179
conservative,17.958677643680254
conservative,17.531090432668577
conservative,16.53539761567146
conservative,17.879561986596375
conservative,17.536022984662193
conservative,17.378378745238955
conservative,15.846999577254234
conservative,18.485187643747885
conservative,16.663821081365928
conservative,17.880269503834594
conservative,17.053293691454584
conservative,17.44683276567038
conservative,18.957337343177013
conservative,18.335723409398938
conservative,18.934689082160805
conservative,18.138618358368046
conservative,18.20279213133728
conservative,16.17431662588849
conservative,17.514510897002843
conservative,17.60293422878715
conservative,19.0301628201087
conservative,17.335712160210562
conservative,18.074897414257354
conservative,18.03697969603132
conservative,18.9628198210988
conservative,17.690405092192496
conservative,18.629741869383807
conservative,16.241572930812218
conservative,16.322040667745156
conservative,15.73833620873584
conservative,18.587957782504404
conservative,18.476153963548665
conservative,18.698959862533048
conservative,17.175131046573995
conservative,17.28176247006687
conservative,17.702621278176526
conservative,19.256452225282462
conservative,19.516978899887718
conservative,18.59577077546916
conservative,18.139236220058073
conservative,19.144720413026068
conservative,17.57335185558245
conservative,17.44473153361799
conservative,17.69494746325306
conservative,16.895941866302337
conservative,17.650758514772676
conservative,16.768967631920003
conservative,18.828155864176942
conservative,18.3476132727824
conservative,19.24183246954376
conservative,16.308493332789602
conservative,19.73618282711479
conservative,16.35897058054429
conservative,16.69534158211743
conservative,17.22802117488197
conservative,19.116290856310954
conservative,18.036801608142536
conservative,17.58483446507665
conservative,17.067805812383266
conservative,16.534809734526426
conservative,18.937321072435008
conservative,18.600596698718686
conservative,19.162282878239843
conservative,18.2034516038662
conservative,15.434049349104743
conservative,16.653371857505586
conservative,18.27010802983972
conservative,17.464876117416555
conservative,17.286185313518104
conservative,16.78190699857057
conservative,18.75001717217722
conservative,18.261593849844086
conservative,18.30578290014524
conservative,17.21605144442289
conservative,17.989123200847022
conservative,16.569176571844185
conservative,17.69417217036205
conservative,15.530248167710623
conservative,16.362850496196693
conservative,17.509952757715926
conservative,20.24470117805474
conservative,16.15707497752815
conservative,16.654279834965823
conservative,18.028280546040914
conservative,19.596411256266588
conservative,18.014147948094493
conservative,18.50443436681311
conservative,17.495399376986693
conservative,17.331572124058138
conservative,17.89844050086269
conservative,17.19295415240339
conservative,18.526440752323218
conservative,16.328921433903957
conservative,18.692090221980507
conservative,17.857280128447137
conservative,17.61268811017797
conservative,16.296341550163827
conservative,16.894954681189173
conservative,19.004608239337834
conservative,17.618551668724344
conservative,18.088044936215685
conservative,16.987328517500504
conservative,17.791385258168614
conservative,16.538212716012954
conservative,17.91545990405544
conservative,18.17787682323958
conservative,18.129102433366043
conservative,16.965121258989736
conservative,17.49116917927698
conservative,18.3412155426576
conservative,17.61583260487861
conservative,17.543313864221172
conservative,19.738060634387704
conservative,16.921438642411655
conservative,18.884283109049065
conservative,16.735006345407065
conservative,18.45742109590862
conservative,18.51040957525431
conservative,17.331813805270755
conservative,16.67794342426709
conservative,16.008594127381365
conservative,17.233369691516607
conservative,18.33040659325004
conservative,16.805288938651486
conservative,17.91263757636273
conservative,16.444666750283403
conservative,17.59434208383445
conservative,16.741959080276267
conservative,17.74412182571916
conservative,17.340567539753106
conservative,16.702555203270318
conservative,17.192408053169846
conservative,16.936936608072706
conservative,16.59067726458845
conservative,18.886644242523733
conservative,17.473940292306015
conservative,15.807959744168102
conservative,17.22571731912368
conservative,18.716932077101248
conservative,17.09685457083022
conservative,19.312445732527024
conservative,17.008470450624326
conservative,18.307962628717963
conservative,18.83992311939087
conservative,18.255711210753695
conservative,16.53610602113034
conservative,16.92928200108478
conservative,18.97545156723748
conservative,17.05668563794391
conservative,18.778327731959784
conservative,17.40745118128005
conservative,17.955485841663577
conservative,16.525663137347145
conservative,17.23978660906824
conservative,16.991232900293603
conservative,18.03682694225403
conservative,17.909029593354926
conservative,18.26792834298794
conservative,17.350525061605254
conservative,16.940554150110476
conservative,17.995347252323786
conservative,16.8492556709429
conservative,18.88225843724821
conservative,17.70890297070759
conservative,17.50631301061944
conservative,18.26746301122413
conservative,17.7456809249818
conservative,16.282989202967336
conservative,16.82010124508196
conservative,18.86125933558591
conservative,17.900074616300657
conservative,16.262171210636524
conservative,18.15979626242166
conservative,17.28579347117167
conservative,16.991978121501077
conservative,16.74393631002678
conservative,18.802808355950226
conservative,16.012892978382958
conservative,17.026175063288147
conservative,17.93494824398795
conservative,19.396276524430338
conservative,18.357638977497913
conservative,17.01831304041616
conservative,19.345271033193207
conservative,16.553538960667446
conservative,18.075360126328793
conservative,18.29260627649272
conservative,16.98586556667448
conservative,18.499913719533385
conservative,17.328491916751688
conservative,18.497478722724125
conservative,16.122958436283508
conservative,18.14309095571589
conservative,17.424666275335934
conservative,18.95470120020964
conservative,17.77695309118289
conservative,19.056316395858133
conservative,18.312097678465893
conservative,17.696403800861475
conservative,18.58963957288412
conservative,18.5960204683996
conservative,18.277016254291254
conservative,15.730667163688214
conservative,16.892407899597533
conservative,19.194898918734705
conservative,16.643082103755656
conservative,18.68453525653918
conservative,18.508719516273583
conservative,17.129992639302163
conservative,15.987008960182443
conservative,17.276721373817168
conservative,19.924054413765706
conservative,17.0023523676769
conservative,17.06629296870504
conservative,16.878612203350897
conservative,19.02108637233371
conservative,17.58570795981516
conservative,17.22325814042537
conservative,19.225208160615683
conservative,18.382933586832888
conservative,16.95063647594117
conservative,16.67240425748179
conservative,18.9633238807264
conservative,17.835692394304004
conservative,16.379818311886083
conservative,16.17257731578053
conservative,16.770216610590488
conservative,16.657990742719402
conservative,15.942842207984327
conservative,16.78530266178957
conservative,16.950829778710514
conservative,17.37681264632895
conservative,19.51601620274143
conservative,17.56284345571665
conservative,17.657894884457313
conservative,18.313713319379875
conservative,17.59106117405496
conservative,18.20671228945431
conservative,18.09019818290893
conservative,17.93731954420039
conservative,20.67499046501817
conservative,18.713327156297854
conservative,16.80154743710709
conservative,18.177468042217356
conservative,17.0686325283812
conservative,18.251845310011557
conservative,16.535482281684214
conservative,16.77775193216218
conservative,18.151796028634205
conservative,18.800525424556664
conservative,18.307211674765917
conservative,18.656109455694597
conservative,18.180979425339792
conservative,17.98546045143517
conservative,17.338103028680028
conservative,18.614952271983707
conservative,18.82802581042842
conservative,17.758468344289366
conservative,17.706588777468667
conservative,19.409873184169477
conservative,17.799737752754424
conservative,17.892195239209332
conservative,18.289110181197838
conservative,17.725005254161918
conservative,17.042101478050952
conservative,18.18502928662385
conservative,17.78200456052608
conservative,19.673242505239866
conservative,18.590417688325058
conservative,17.251777032221984
conservative,18.531208877548053
conservative,18.116693607868523
conservative,19.118042564188407
conservative,17.318540251587425
conservative,18.001095635019038
conservative,17.723764619702663
conservative,17.87566984071261
conservative,16.982093804343872
conservative,18.37939675288839
conservative,18.224137509074545
conservative,19.093200843065215
conservative,17.80980123116107
conservative,17.424919413194978
conservative,18.591262331653844
conservative,17.06634212560892
conservative,18.888915722154078
conservative,18.886741816752583
conservative,19.064558651948783
conservative,18.183718050428308
conservative,17.35432406711001
conservative,17.92441515243367
conservative,18.187083676766477
conservative,17.284963643267627
conservative,19.14238951930481
conservative,18.383516223385428
conservative,16.975607748916353
conservative,19.716231628557622
conservative,17.913061515801893
conservative,16.790236959980557
conservative,17.032915542523284
conservative,19.302113978942234
conservative,19.655001015019064
conservative,18.81246244769881
conservative,19.128195179983507
conservative,19.022957431780426
conservative,18.36065438495985
conservative,18.137309400454455
conservative,18.34384505815372
conservative,18.53813326242182
conservative,17.115237533915057
conservative,18.534094219705107
conservative,19.27189139225164
conservative,17.620684769284605
conservative,17.518584741713745
conservative,18.28156805217365
conservative,17.20102660150361
conservative,16.588065862778144
conservative,18.95268033953569
conservative,17.38789994225189
conservative,17.83728283357949
conservative,17.23804531073607
conservative,19.084516101419673
conservative,18.655166303347894
conservative,17.58778891343293
conservative,16.71206866204573
conservative,17.48652962537418
conservative,18.373712501569265
conservative,18.00105653567005
conservative,17.92432882439295
conservative,18.023366522172445
conservative,18.56083126329957
conservative,17.779003703193
conservative,18.25553421009006
conservative,16.888403827277227
conservative,20.44009071757308
conservative,17.546601368778134
conservative,18.01552227707283
conservative,18.370074091961406
conservative,17.425913370309992
conservative,17.82709422165678
conservative,17.81532244209353
conservative,16.9554790594782
conservative,18.244336527284396
conservative,16.290812825409485
conservative,19.578820343587672
conservative,18.5949341392731
conservative,18.441903693974435
conservative,16.213519146005712
conservative,17.067897484602337
conservative,19.20030255712369
conservative,22.272711306011903
conservative,19.00056673074108
conservative,18.840231621662472
conservative,18.329181461349716
conservative,17.016950156965297
conservative,18.798005800458526
conservative,16.783750383136727
conservative,16.6841964530502
conservative,16.62717174294249
conservative,18.778374267179466
conservative,17.763974238524646
conservative,17.916398811206196
conservative,17.80459442539629
conservative,16.76139134635718
conservative,17.181325535781145
conservative,17.228391561780935
conservative,16.50844469844454
conservative,17.33761576828015
conservative,16.801927166185646
conservative,18.38113818202297
conservative,18.463558827368413
conservative,16.608993953838294
conservative,17.534419671254046
conservative,19.68784610113365
conservative,16.89405950705062
conservative,18.23262910741863
conservative,17.920886789725042
conservative,18.896936624491925
conservative,18.10463354131977
conservative,17.406494464410386
conservative,17.8836247052115
conservative,17.897657706854982
conservative,17.73089554776175
conservative,16.585997149071577
conservative,19.050030722689257
conservative,18.870101518549863
conservative,16.835881201940943
conservative,17.53051692981395
conservative,17.602765070611877
conservative,16.733333278480984
conservative,16.099115843767006
conservative,17.181454713764985
conservative,17.477525131966427
conservative,16.47618207135831
conservative,17.989789827620122
conservative,18.968098542393843
conservative,18.64408666091375
conservative,17.697195496177763
conservative,16.1222424902491
conservative,18.51791752007946
conservative,17.960264362022794
conservative,18.23038998063664
conservative,19.77270281085543
conservative,17.03795784264131
conservative,15.239798876262627
conservative,16.827398946538313
conservative,18.29089723597368
conservative,17.845405115960148
conservative,16.67961333823256
conservative,16.495477228781876
conservative,17.47922949397391
conservative,16.65200253180723
conservative,18.32490857658245
conservative,17.425310376764198
conservative,17.222123325110868
conservative,17.099720624118085
conservative,18.073211540844504
conservative,17.860441409130384
conservative,18.013939727368964
conservative,17.99283503961288
conservative,17.74970371737461
conservative,16.84601033941325
conservative,17.125682063749963
conservative,17.441190503984696
conservative,19.910334177758422
conservative,16.559201066125585
conservative,17.41815837687299
conservative,17.91390595819842
conservative,17.528031974623033
conservative,18.87774214137185
conservative,17.52310986329796
conservative,17.593717200532154
conservative,18.616578889138452
conservative,19.639933180948695
conservative,19.21903713781063
conservative,17.68760653588852
conservative,17.771605675841194
conservative,17.864383974469764
conservative,17.960850079410296
conservative,17.01708812789738
conservative,18.738945553754323
conservative,18.018440690148847
conservative,17.776106963542748
conservative,16.629327968061112
conservative,17.879324626776377
conservative,16.075994610438393
conservative,17.264759305397913
conservative,17.28218532710076
conservative,18.096398108848476
conservative,19.713028684163344
conservative,18.37544431373065
conservative,19.261318094407088
conservative,18.44793698700714
conservative,18.929617683924292
conservative,19.688975358733014
conservative,17.124325424525388
conservative,17.063650687352194
conservative,18.47133543733548
conservative,17.815948425686784
conservative,18.031746158952867
conservative,17.58020959551721
conservative,17.251048636387168
conservative,19.440513961555133
conservative,16.784979361358186
conservative,18.488786983444076
conservative,18.328447120203947
conservative,16.35315333436418
conservative,17.032428106507982
conservative,17.188839650759196
conservative,18.36821784268832
conservative,17.467423222069574
conservative,17.736782291000804
conservative,16.461477309874866
conservative,20.19123927533247
conservative,17.887881235281665
conservative,18.30362949151115
conservative,17.303317448031752
conservative,17.198248858160472
conservative,19.747838319902915
conservative,16.05544528468435
conservative,18.088286441139807
conservative,16.68336273178324
conservative,17.431399985334195
conservative,17.21184623155954
conservative,16.88926866516784
conservative,17.853568035810817
conservative,15.496393805421015
conservative,17.5164504637355
conservative,17.73225026250943
conservative,16.54979971636296
conservative,19.328508746217512
conservative,17.252737645130846
conservative,17.590902235378696
conservative,17.25483861199663
conservative,17.740662951045604
conservative,19.116725686157924
conservative,20.351488703417974
conservative,18.547718642447375
conservative,18.89196943539596
conservative,19.54069153658427
conservative,18.05938361096227
conservative,19.387824639452447
conservative,18.594365067217055
conservative,17.957944973124516
conservative,18.158069024124146
conservative,16.13891219943438
conservative,18.101378851012743
conservative,16.384556302563883
conservative,16.312054653824813
conservative,18.00515889030662
conservative,16.772004616939924
conservative,17.812621219582702
conservative,17.952590525463975
conservative,17.995657012715327
conservative,16.964626182543157
conservative,18.700822998795125
conservative,17.733267169851214
conservative,18.246772934027618
conservative,16.69703841716441
conservative,17.647574321121756
conservative,18.901410769654706
conservative,18.772781689145756
conservative,17.0634759947414
conservative,17.29867670294362
conservative,16.886780387071
conservative,17.1947086988228
conservative,16.514016773787276
conservative,17.68614291035916
conservative,18.435977207118146
conservative,17.074838096856432
conservative,17.731945311850478
conservative,17.60715613210269
conservative,18.85863534518993
conservative,17.23667037338342
conservative,17.270800229293144
conservative,17.018316268010704
conservative,16.750643495923725
conservative,18.333327291885663
conservative,17.689090574642748
conservative,17.87214750900433
conservative,19.082349167484555
conservative,19.141324586940048
conservative,16.293460740678274
conservative,18.450535757711716
conservative,18.036872736666858
conservative,17.37784289843
conservative,18.135986517329375
conservative,16.222570765238505
conservative,19.2760597792152
conservative,18.319309798757555
conservative,17.00057665202516
conservative,17.261228746063573
conservative,16.243091593321854
conservative,17.517908944237824
conservative,17.3578768683111
conservative,16.580585824711616
conservative,18.578691806815826
conservative,19.084559546796026
conservative,17.793024077896494
conservative,17.52582657491043
conservative,18.240804559413487
conservative,17.80049533979745
conservative,16.801129607541853
conservative,17.19820147827942
conservative,17.534606311230277
conservative,18.058719747058767
conservative,17.828556734510933
conservative,18.022079795483645
conservative,16.401428171982158
conservative,18.467770850197372
conservative,17.822821495589665
conservative,20.438836596964666
conservative,17.44786890410214
conservative,18.131871511682316
conservative,20.74483790387523
conservative,18.006331801653737
conservative,17.75410969775177
conservative,16.888401359189146
conservative,19.344141205463927
conservative,16.730982715145863
conservative,18.233102189539345
conservative,17.366540714900363
conservative,17.63701426698335
conservative,16.491695621203597
conservative,19.152687441610453
conservative,17.552385945089434
conservative,16.680109131333577
conservative,19.059859958232362
conservative,17.337684858185934
conservative,18.142731595974105
conservative,18.64338587747747
conservative,18.27910171837169
conservative,15.812768741936898
conservative,18.497691616910245
conservative,17.722299828378347
conservative,17.503558816559686
conservative,17.714148771568237
conservative,16.325580935487256
conservative,18.00447450921945
conservative,16.54519578493738
conservative,17.544712024448494
conservative,17.969789110969685
conservative,18.877810640160536
conservative,17.0427754467671
conservative,19.26461456693413
conservative,18.749275573684947
conservative,17.40827942273602
conservative,16.77686694666983
conservative,16.47386732117228
conservative,18.081591227903957
conservative,17.11925324886617
conservative,19.00532836038196
conservative,17.173111832065064
conservative,16.967809995840845
conservative,18.044603908410156
conservative,17.16702101874746
conservative,17.82779711798476
conservative,18.78873343756663
conservative,17.932157727701632
conservative,17.935755108463226
conservative,18.017025586805815
conservative,16.251972699025487
conservative,18.198583060696823
conservative,17.973328462823797
conservative,18.69501258639651
conservative,18.408936410862474
conservative,17.624923620717794
conservative,18.83562674548301
conservative,17.538234777839197
conservative,18.05772131380245
conservative,17.520583672468895
conservative,18.267053080615778
conservative,17.45844545492273
conservative,19.468512942941693
conservative,19.859225812043203
conservative,18.67598313219201
conservative,19.3576881662061
conservative,16.388597159380485
conservative,16.49398744606146
conservative,17.510668062054055
conservative,17.859119501325335
conservative,17.628509216165856
conservative,16.297094523323025
conservative,18.95662368053031
conservative,20.0057847811313
conservative,19.08885639975439
conservative,18.889462382745805
conservative,18.0373306173869
conservative,17.02111511755234
conservative,17.889161260402293
conservative,19.95359627336335
conservative,17.4817206776532
conservative,17.384112667757737
conservative,18.911576574509564
conservative,18.979137022131866
conservative,17.01657570644951
conservative,17.567961471998963
conservative,17.339788656283826
conservative,17.886434351623848
conservative,18.90790235159561
conservative,17.057227314401445
conservative,18.893665395777873
conservative,17.91716197378822
conservative,20.19154354381829
conservative,18.127365659016984
conservative,17.725860749582584
conservative,18.378215195604227
conservative,17.495834619693923
conservative,16.161883925096056
conservative,17.587997739324933
conservative,17.572920775195286
conservative,16.34132196271824
conservative,17.74889343090063
conservative,15.92460713072986
conservative,17.485809830876736
conservative,18.05426805971236
conservative,17.912683362524998
conservative,17.42564904083073
conservative,17.73683957792922
conservative,17.075755970983842
conservative,17.82997359477882
conservative,17.875292559611584
conservative,16.96819850786908
conservative,18.077654208558116
conservative,18.07159057209804
conservative,17.659205380580747
conservative,20.2947304600233
conservative,17.683713544427004
conservative,17.55101459804449
conservative,17.41492267142965
conservative,16.903088217315222
conservative,18.48829551144689
conservative,17.166834201101445
conservative,17.277627499875827
conservative,17.305560720189707
conservative,16.89021865126672
conservative,16.200785855522682
conservative,17.376568315180492
conservative,18.675378272077452
conservative,18.009124972156624
conservative,19.377748721542318
conservative,18.553016675803146
conservative,18.32818774950915
conservative,19.71599363550273
conservative,17.725641953114152
conservative,17.880082663692058
conservative,17.808408328355544
conservative,19.360278070279954
conservative,17.821948870261405
conservative,17.202317683777473
conservative,18.391013494947707
conservative,17.045883830466057
conservative,18.337548680604353
conservative,18.22010205695927
conservative,17.636950587100465
conservative,18.369428863907274
conservative,16.434507538875284
conservative,17.976253927553095
conservative,17.376733183356592
conservative,20.781713319044822
conservative,17.96936510705852
conservative,17.250923555481897
conservative,16.532681293963748
conservative,19.113914064806664
conservative,17.48357951964704
conservative,17.06898967112732
conservative,18.144380275352738
conservative,18.452403094754168
conservative,18.436783806372496
conservative,17.83852991339714
conservative,17.972612804272295
conservative,18.04306381223149
conservative,18.144474851053236
conservative,18.230912929300764
conservative,18.89852557022474
conservative,17.873688028839958
conservative,17.04538003731885
conservative,17.680262812691844
conservative,18.555831679268692
conservative,16.16957525443544
conservative,16.174657001804505
conservative,18.72051611367914
conservative,19.335679585856532
conservative,16.63470659795566
conservative,17.916015072942745
conservative,17.436572284482207
conservative,17.568586682678106
conservative,18.114421987152337
conservative,16.609688614609468
conservative,16.77826474577771
conservative,17.5300159869913
conservative,17.679220898936908
conservative,16.761173856307376
conservative,18.591615145239768
conservative,17.41949913336257
conservative,17.415467661350412
conservative,18.092184076197533
conservative,17.695056992245924
conservative,18.63944106340508
conservative,16.937613043501294
conservative,16.51552684476991
conservative,17.521881132522672
conservative,17.877356352764966
conservative,16.656838828755365
conservative,16.52418329950952
conservative,17.994930429947782
conservative,17.100181728072656
conservative,16.466076752565176
conservative,18.767905232424585
conservative,17.21774382289408
conservative,18.954810989406607
conservative,17.846885704128784
conservative,18.103945158367477
conservative,17.615773075895852
conservative,15.423083306308563
conservative,16.751302251016448
conservative,17.698134825042857
conservative,18.172106121325314
conservative,16.166807888313794
conservative,17.767656650372448
conservative,16.764539129382314
conservative,18.045567036336365
conservative,17.800725846486987
conservative,18.545589135696158
conservative,18.870496192390817
conservative,18.26433765881614
conservative,18.662400113789612
conservative,17.483285044931087
conservative,20.738035942653415
conservative,16.67672583834757
conservative,17.31543124852229
conservative,18.703511543565
conservative,18.554775682499677
conservative,18.29221758070143
conservative,18.47779321288398
conservative,15.910362657220443
conservative,19.407675930312866
conservative,17.623062371445275
conservative,19.052902168571322
conservative,15.953732820364216
conservative,18.066850861301212
conservative,17.28180511550895
conservative,18.375654228719842
conservative,18.12565184190551
conservative,18.173393157867523
conservative,16.822377708966076
conservative,17.764403968980076
conservative,17.64580936012727
conservative,18.300001419940415
conservative,18.792072123494705
conservative,17.964203746875633
conservative,16.624781570248757
conservative,17.9228664675422
conservative,20.50304895642349
conservative,19.46689559371681
conservative,15.157417531144002
conservative,17.88033950299712
conservative,18.734442297987346
conservative,17.643737133988544
conservative,17.379260474247623
conservative,17.562727961039567
conservative,18.355993695352353
conservative,16.740660525418154
conservative,18.99443945447411
conservative,17.76534677939037
conservative,16.936137611461525
conservative,18.92890248471704
conservative,16.383323318348957
conservative,17.28959964961453
conservative,17.274126227096403
conservative,19.994762087932582
conservative,17.167978976699832
conservative,15.848663576923709
conservative,17.264603670974246
conservative,18.260963891874876
conservative,18.586060408145226
conservative,20.137740071047826
conservative,19.21841680118624
conservative,18.000367153241655
conservative,16.97635326804521
conservative,19.44392218970629
conservative,17.46597156426068
conservative,17.193077714109602
conservative,17.41996059379808
conservative,16.6463935882294
conservative,17.374602835137992
conservative,17.595088159191377
conservative,18.532797955885865
conservative,17.44743821258204
conservative,16.632662535912328
conservative,16.33114212918261
conservative,18.021305863517256
conservative,17.889255218053066
conservative,17.29044338893881
conservative,17.372301135319624
conservative,18.195308222724996
conservative,19.201541586870476
conservative,17.07939651435997
conservative,17.904899497343905
conservative,18.760777983590806
conservative,17.08314043260474
conservative,17.804373548242264
conservative,17.782738763871965
conservative,16.593050385836115
conservative,17.981599861348943
conservative,17.84983201814118
conservative,18.358847911409445
conservative,16.70571673651435
conservative,17.82916343588083
conservative,19.192453232155426
conservative,19.92350283164241
conservative,19.087976122082175
conservative,16.714637573558957
conservative,18.256553194461336
conservative,17.357485540493297
conservative,18.093390735453575
conservative,17.086761846350257
conservative,16.233968471728637
conservative,17.488823721795416
conservative,18.524782315508155
conservative,18.09737446401075
conservative,18.209445492353332
conservative,18.027869568756774
conservative,18.21099042215924
conservative,18.333649059974853
conservative,17.555359956313158
conservative,17.899119324097835
conservative,19.56888177211191
conservative,17.9560583555131
conservative,17.86039754982673
conservative,17.918348671469104
conservative,17.60963573068189
conservative,17.402651595442133
conservative,18.020443324004095
conservative,17.33619682677151
conservative,17.679086968320497
conservative,17.06976699461654
conservative,17.923283239556216
conservative,18.387575663255692
conservative,17.615375478807373
conservative,15.975577369412786
conservative,18.393676822491607
conservative,17.935003219035014
conservative,16.882606847969885
conservative,18.575267190149056
conservative,16.514593801922075
conservative,18.848799945466066
conservative,17.76402005242243
conservative,15.750741266176789
conservative,17.991095921014182
conservative,17.430270923606408
conservative,17.288058552785092
conservative,17.118842114925155
conservative,17.6966853991335
conservative,17.355558178354435
conservative,16.107970098636148
conservative,19.079711372054422
conservative,17.584329241488874
conservative,17.12423398937196
conservative,16.7589235144204
conservative,18.572734877663084
conservative,16.604664483196075
conservative,17.94830335644668
conservative,17.262882018540008
conservative,17.317631055719705
conservative,16.78160326059812
conservative,17.228491597362172
conservative,17.82805145310724
conservative,18.04623775940548
conservative,17.074337017033695
conservative,17.73162897834475
conservative,18.690551448792387
conservative,16.27893540918688
conservative,17.81343935924546
conservative,16.921627466987708
conservative,16.828104061519678
conservative,18.071162424704678
conservative,17.298965234536578
conservative,16.678554613395338
conservative,19.13330782149783
conservative,18.722339757704297
conservative,16.041837483224537
conservative,16.446457462392843
conservative,18.396725425734214
conservative,17.545633470782946
conservative,19.315383087732037
conservative,18.419346817463957
conservative,18.10852203743238
conservative,16.856337548692636
conservative,18.29619827677666
conservative,16.62515082590349
conservative,19.113748061235484
conservative,18.22822376174141
conservative,17.03794028605567
conservative,18.60663057697271
conservative,20.099884629149514
conservative,17.609914760808437
conservative,18.354242501802702
conservative,17.40598918512858
conservative,17.90148572208399
conservative,16.417132931193855
conservative,17.818998827623034
conservative,17.861369992602178
conservative,19.627575867510263
conservative,16.162121343778274
conservative,17.54944079763847
conservative,19.096169136385868
conservative,17.58680208076668
conservative,17.654278891989833
conservative,17.03013222949663
conservative,16.93836581358269
conservative,16.135016946688616
conservative,17.220159146714813
conservative,16.886166581874296
conservative,17.932937314371635
conservative,17.072409673019816
conservative,17.360841852416797
conservative,17.386714192501188
conservative,17.77290919605163
conservative,17.314709553764818
conservative,16.819775391453522
conservative,17.901883950107635
conservative,18.871165539167645
conservative,17.942982379031864
conservative,17.2383308513421
conservative,17.70060132524434
conservative,15.938890735370945
conservative,17.684963167129176
conservative,17.435805017534193
conservative,16.937578204121163
conservative,17.105466804301532
conservative,17.42644023121898
conservative,18.79526360926215
conservative,18.89609698557161
conservative,16.942493606523087
conservative,17.324546735150754
conservative,17.348574554292405
conservative,18.611496639629472
conservative,17.959410168383226
conservative,17.908637465761824
conservative,18.34029789685951
conservative,17.25090351880578
conservative,19.174059668300007
conservative,17.817821647279914
conservative,17.00916386201301
conservative,17.5984063745504
conservative,19.038612717506332
conservative,17.412319631972018
conservative,18.75199967478044
conservative,17.223783060302008
conservative,17.092852248203833
conservative,18.462196591202332
conservative,16.992465502633387
conservative,18.62449223711967
conservative,18.15932219772878
conservative,16.992815412792268
conservative,17.750430212429396
conservative,17.295651623370425
conservative,18.156738399733072
conservative,19.721449328068793
conservative,17.463938276235925
conservative,18.337848848304816
conservative,17.843023556278226
conservative,17.842656624660172
conservative,17.660170167812105
conservative,17.007771718531643
conservative,18.143250623378623
conservative,17.541943766707167
conservative,16.964000016864844
conservative,18.817200810015542
conservative,17.914620345909004
conservative,17.599881254939422
conservative,19.149528215632046
conservative,16.126041119083197
conservative,19.080483130905495
conservative,16.986722528526325
conservative,18.023205630191455
conservative,17.258738149172707
conservative,16.947215875469805
conservative,19.122624098505717
conservative,19.68801185223052
conservative,17.606459921181486
conservative,18.14357681795606
conservative,17.87424129411046
conservative,19.555479105286718
conservative,15.88476413429179
conservative,18.18420680832143
conservative,17.128712745755685
conservative,15.6762657165225
conservative,17.473602769932892
conservative,19.67937340089723
conservative,17.195048813623444
conservative,18.59273149233237
conservative,19.004629397401263
conservative,17.807215154945887
conservative,17.935264989127617
conservative,16.231474149234792
conservative,17.138927366310888
conservative,18.70918791854928
conservative,17.87778159327382
conservative,18.174655867155945
conservative,17.947503608667773
conservative,20.046468287593047
conservative,17.40722863717305
conservative,19.42448283343335
conservative,17.947836760215722
conservative,19.51736778186538
conservative,16.671139979161243
conservative,17.997205924541746
conservative,17.442127647301028
conservative,17.953591140758444
conservative,19.028845537270055
conservative,18.185853653800574
conservative,19.02680770357475
conservative,17.181801885059325
conservative,17.039789997872454
conservative,17.835038132938298
conservative,17.782103977565335
conservative,17.64034878415474
conservative,16.91440651378517
conservative,19.004608358501553
conservative,17.47141084797763
conservative,19.238230902078957
conservative,17.831818654618804
conservative,18.451124689538602
conservative,18.361436915781198
conservative,17.038455334036104
conservative,18.17452065544618
conservative,19.76444958863764
conservative,18.062042461903243
conservative,18.70342931709919
conservative,18.49562028533779
conservative,18.115899493360846
conservative,17.998971401302892
conservative,18.351189048147493
conservative,18.56530456708115
conservative,16.55620388719475
conservative,18.057862697478747
conservative,17.64205756406719
conservative,17.44417632883003
conservative,19.1042211913487
conservative,17.123106048334712
conservative,16.517878574512846
conservative,18.597676446050585
conservative,16.494870236884722
conservative,16.0456458676186
conservative,18.7104543174143
conservative,17.97216120200335
conservative,18.277811037868435
conservative,17.39596099048755
conservative,16.52719242748875
conservative,16.706715621039375
conservative,17.557739361428915
conservative,16.62819057145035
conservative,18.11590265415785
conservative,17.377023692877057
conservative,17.99757692371226
conservative,17.968711847966762
conservative,18.19365932970687
conservative,18.304102981991438
conservative,17.489410137016677
conservative,17.996545848938688
conservative,18.046912230143896
conservative,15.614177673129749
conservative,18.449238628089883
conservative,17.963688839903405
conservative,18.367689787543625
conservative,16.615134405983504
conservative,17.516179310075728
conservative,16.79258738749841
conservative,18.54668471422586
conservative,16.50858380470123
conservative,16.942005595425883
conservative,18.33837860790892
conservative,17.22000998592458
conservative,16.942248968000953
conservative,18.70889828737638
conservative,18.750140241170786
conservative,18.524253459560605
conservative,18.65069109474611
conservative,17.59655105679552
conservative,17.622389707748646
conservative,17.20250112864017
conservative,17.980856652455017
conservative,17.315297025708958
conservative,17.404818532807376
conservative,18.403093320167436
conservative,18.990205880699655
conservative,18.204861592854872
conservative,19.622638971552327
conservative,17.148855050399785
conservative,16.12438028672305
conservative,18.516848836307954
conservative,17.08711789160178
conservative,17.55630421051654
conservative,16.18430060848444
conservative,16.969158036844807
conservative,16.421605283600027
conservative,17.403647796619026
conservative,17.441307545630167
conservative,17.905916439525402
conservative,19.04658663259012
conservative,18.47936897083047
conservative,16.31480538854661
conservative,18.41111642813984
conservative,17.926886304398128
conservative,17.724985810218655
conservative,17.797533596925106
conservative,18.016450565435907
conservative,17.16156985759578
conservative,17.64371425897125
conservative,18.98959366457839
conservative,17.15035639495309
conservative,16.848981598623105
conservative,17.759828180405112
conservative,16.756970415780998
conservative,16.225748408999642
conservative,17.488871328296216
conservative,19.261545559994108
conservative,17.78215046365746
conservative,17.991335065798037
conservative,15.87007924455686
conservative,18.243881931981203
conservative,17.909191443046566
conservative,17.186760632544953
conservative,17.992758728665205
conservative,17.98316708012536
conservative,16.821877927775677
conservative,18.14004872995979
conservative,19.003060494127492
conservative,17.60003195864298
conservative,16.998361064326474
conservative,17.648291572505208
conservative,18.656606376617578
conservative,16.66992424072744
conservative,18.38200960001489
conservative,17.17452149858444
conservative,18.052781781885372
conservative,17.281026062997793
conservative,17.27850242301952
conservative,19.338767337656332
conservative,16.505019031927258
conservative,18.290230306223997
conservative,19.5563381495406
conservative,18.48792268688417
conservative,16.575187343079346
conservative,16.61989169058235
conservative,17.105906796117566
conservative,17.971375231979962
conservative,18.03715924371783
conservative,16.628829416215922
conservative,16.993588473607524
conservative,17.050313139237904
conservative,17.645253126262055
conservative,19.824397078146895
conservative,16.937829958376742
conservative,16.897556084748597
conservative,16.75462470900391
conservative,18.438360039970057
conservative,17.779504045109086
conservative,16.971911881954522
conservative,17.471450384708163
conservative,17.068842786244062
conservative,18.1050462455881
conservative,20.583977275755764
conservative,18.354687325407035
conservative,17.72964877810103
conservative,17.186703937772354
conservative,16.564098459795094
conservative,18.53581757327662
conservative,18.481798879322707
conservative,17.37358163893117
conservative,19.019604261148913
conservative,17.83982945813422
conservative,18.57675440244484
conservative,18.105343519254724
conservative,17.64871780880517
conservative,16.917853952444034
conservative,17.679066145252783
conservative,18.644021087133847
conservative,17.33391569493335
conservative,18.245465360374425
conservative,16.8006209263917
conservative,18.582041311548718
conservative,18.121632700814494
conservative,16.691888719862604
conservative,17.60379030546778
conservative,18.733759381346985
conservative,16.64028803046887
conservative,16.811393912772992
conservative,17.752308165607595
conservative,19.98336438615171
conservative,17.179599714048226
conservative,18.299965994485717
conservative,18.070312156925407
conservative,17.257371566758284
conservative,17.97448851073001
conservative,17.390846951332673
conservative,17.47619236922603
conservative,16.28013691893425
conservative,17.795853187260953
conservative,18.70123599406424
conservative,17.874658395838015
conservative,18.89452097072613
conservative,18.383756438530355
conservative,17.761919819231625
conservative,17.22136691795609
conservative,17.354543634749707
conservative,16.44996279165971
conservative,17.56261845266658
conservative,17.959884905181738
conservative,19.5396349608498
conservative,18.332475880550287
conservative,17.00089449499102
conservative,16.47785373772868
conservative,17.620512642792534
conservative,18.613715072533914
conservative,17.60704323331867
conservative,18.345934893788865
conservative,17.64488985955706
conservative,18.519208729123886
conservative,16.336930492728428
conservative,19.423201384133865
conservative,16.77345983742301
conservative,18.59569470187035
conservative,17.557744043902517
conservative,17.70764600973939
conservative,17.587442386668485
conservative,18.065915596904514
conservative,18.262900252616525
conservative,18.861920775806663
conservative,19.219502306870346
conservative,18.14001737855037
conservative,19.537801116307854
conservative,17.90881315991087
conservative,18.881262215661707
conservative,18.234667883832895
conservative,17.295246882479663
conservative,17.99390255436461
conservative,18.307730391033573
conservative,17.788344818686845
conservative,18.219138756666002
conservative,18.66738240142844
conservative,17.79688180127934
conservative,15.182611670349655
conservative,19.50067132468695
conservative,17.533504730852727
conservative,17.03937691223739
conservative,16.762855771487622
conservative,17.496500886256705
conservative,17.282514141462183
conservative,17.11950898195893
conservative,17.170681571729737
conservative,18.333876593077537
conservative,19.873103820184916
conservative,18.622522867968204
conservative,18.927121055977764
conservative,17.457571869793327
conservative,17.92006243448453
conservative,18.232476918937678
conservative,17.191768172557975
conservative,17.411762969892603
conservative,18.656545008211673
conservative,18.89430274077428
conservative,17.88424527818259
conservative,16.698203152505236
conservative,17.53541104645176
conservative,16.476094416053627
conservative,17.891730704815743
conservative,18.065720118410344
conservative,17.55915088987606
conservative,18.05244064419284
conservative,18.223097045099315
conservative,18.067135684465267
conservative,16.692415741495772
conservative,17.575815488916263
conservative,18.21619017610665
conservative,19.39663991139908
conservative,17.557990586189426
conservative,18.354663462804478
conservative,18.680210748234007
conservative,17.630023444055652
conservative,18.953381555284327
conservative,19.008204725500992
conservative,19.191061997846894
conservative,18.263790553110617
conservative,20.228409656128257
conservative,17.233210746420546
conservative,19.97343073680628
conservative,18.570308243126984
conservative,19.149868453402966
conservative,17.512118046668775
conservative,18.646448848711078
conservative,19.239157042485708
conservative,16.79639723798686
conservative,17.66197434164088
conservative,15.860493233882346
conservative,17.647569120413756
conservative,17.046117089881694
conservative,17.609770573698103
conservative,20.850384064094754
conservative,19.54213628229904
conservative,16.47778269186676
conservative,18.359492863655223
conservative,18.600888272197185
conservative,17.495120325162983
conservative,17.99107467983
conservative,18.085697831152107
conservative,16.561205301048005
conservative,16.84766077394591
conservative,17.98526787022735
conservative,17.914998354865
conservative,17.146013534660568
conservative,17.066182710980417
conservative,17.732742662164167
conservative,18.688238934569295
conservative,17.745563918995433
conservative,19.44256771000017
conservative,17.157898945770345
conservative,18.005382369701238
conservative,17.479527541377404
conservative,18.391295425580385
conservative,17.078055969129917
conservative,19.76345645303046
conservative,16.254171370568386
conservative,19.53969705076567
conservative,17.905943419876166
conservative,18.356225481928714
conservative,19.143838178476116
conservative,18.65966148788408
conservative,17.12601105351469
conservative,18.40328025983347
conservative,19.699924222237154
conservative,16.98016106327103
conservative,19.96736865139196
conservative,18.19258736355815
conservative,17.404665624272443
conservative,16.974623209891128
conservative,17.604486608800393
conservative,16.021799547021796
conservative,17.421693491965105
conservative,17.566583480223585
conservative,16.808227377126574
conservative,18.549916537956886
conservative,17.608814451005628
conservative,17.21399908601119
conservative,17.507075666288458
conservative,18.16271797487096
conservative,17.88982719060323
conservative,17.15309000062766
conservative,17.940272222636967
conservative,17.770483197376784
conservative,16.7488626856849
conservative,17.542169878662357
conservative,18.382779737850843
conservative,18.375672101226666
conservative,17.59809626486983
conservative,18.479236491658273
conservative,16.894801389530976
conservative,16.923280543881123
conservative,17.57773585054262
conservative,19.312261312808886
conservative,17.976533419638116
conservative,17.554706692531823
conservative,19.36064345003753
conservative,17.543663898468047
conservative,20.092550278833983
conservative,17.330948662996278
conservative,16.865630862866123
conservative,17.6590593781592
conservative,17.579810640369498
conservative,17.05380236561113
conservative,20.493021943345937
conservative,18.127166744227292
conservative,18.269497948749212
conservative,17.37757049811149
conservative,17.268496310668873
conservative,18.828712695009468
conservative,16.267237835381763
conservative,16.74576537444823
conservative,17.58150811463827
conservative,19.160838521423436
conservative,17.46031837431842
conservative,18.22236331814136
conservative,17.846174465070256
conservative,19.104522968985002
conservative,16.348074647190828
conservative,18.538081244932197
conservative,17.627846413787317
conservative,18.727162402106448
conservative,17.04308229171013
conservative,17.8429779725811
conservative,17.720475939254502
conservative,16.874157684184656
conservative,16.620947169179313
conservative,17.265921629680285
conservative,17.944394056796526
conservative,17.10098927626117
conservative,17.502564390545874
conservative,16.08248138231902
conservative,17.463990203411452
conservative,18.82671852088047
conservative,18.50745465374104
conservative,17.735497698368572
conservative,18.0543230691636
conservative,17.03476249648025
conservative,19.44435181935162
conservative,19.9130810038892
conservative,17.97805112913108
conservative,20.480593556768525
conservative,17.172496827762668
conservative,16.647488319458276
conservative,17.14502420687206
conservative,17.60812130156216
conservative,20.176222347218825
conservative,17.54917774845418
conservative,17.005701411595837
conservative,16.969851498440573
conservative,18.944845393594726
conservative,18.800154416803956
conservative,17.355284957402183
conservative,16.091245323113156
conservative,16.75876867998393
conservative,19.545748897201968
conservative,18.491186068022717
conservative,17.882373588901157
conservative,19.701362992226795
conservative,19.796327945519174
conservative,17.78472668051258
conservative,17.80249606962457
conservative,17.264386266662342
conservative,17.545891579895876
conservative,16.435817277643757
conservative,16.43218644778231
conservative,16.225858091657948
conservative,18.888258687355233
conservative,16.36882791713614
conservative,19.78743311702787
conservative,17.125684145797116
conservative,19.562670453403012
conservative,17.46930465307691
conservative,16.36456799690679
conservative,19.0917190053565
conservative,19.213222046554172
conservative,16.962845947209818
conservative,17.50106200427265
conservative,16.96308125736859
conservative,17.70312270000766
conservative,17.923107424858415
conservative,17.4822958344881
conservative,16.141129917158498
conservative,17.265482265751697
conservative,18.505802975167775
conservative,17.618263760367963
conservative,17.505070330302857
conservative,16.940050667187904
conservative,17.23811437170439
conservative,19.220534087903452
conservative,16.748577517361923
conservative,18.52301164179507
conservative,17.864706300521814
conservative,18.055445866541053
conservative,17.12384168443044
conservative,17.481921008694002
conservative,17.813970867777194
conservative,17.322107293382516
conservative,18.139637967781137
conservative,18.262816360293673
conservative,20.025691662726736
conservative,18.08784245309261
conservative,16.059358294568707
conservative,18.968264409496456
conservative,17.62308183956907
conservative,19.853424406187898
conservative,19.28463872683796
conservative,17.336618996026488
conservative,18.524085893123356
conservative,17.25320978190006
conservative,17.822118931278915
conservative,18.47845438099503
conservative,18.91736471853269
conservative,18.69733098917948
conservative,17.891526260402845
conservative,20.362875177541657
conservative,17.469336889316768
conservative,16.328096452726044
conservative,16.499980594767536
conservative,19.287833492149943
conservative,17.74540265054299
conservative,17.97248478056873
conservative,17.301531272365867
conservative,17.386244232778978
conservative,17.072941080687304
conservative,18.27627100965899
conservative,17.72541612679684
conservative,18.240824913226778
conservative,18.147439613445396
conservative,17.411622217060465
conservative,16.460507305386407
conservative,16.382727360015565
conservative,20.96614092214177
conservative,19.292150678849104
conservative,19.149657792503337
conservative,17.17770447295281
conservative,17.828722385564074
conservative,17.046715416575946
conservative,16.592340200586676
conservative,17.258072025352234
conservative,19.135262750817056
conservative,18.642713909618276
conservative,16.903907555213628
conservative,17.517090932204514
conservative,18.551189944787406
conservative,17.274787239660416
conservative,17.895943368556214
conservative,18.208369320219322
conservative,18.197696374649137
conservative,18.064499907994165
conservative,17.19724829961684
conservative,17.29358231585983
conservative,16.754160355714703
conservative,16.36888635790692
conservative,17.708685027531676
conservative,18.618210045628018
conservative,16.530900154706263
conservative,18.082775412682835
conservative,18.586606176440075
conservative,16.12546889133599
conservative,17.559274360099273
conservative,19.46710987542968
conservative,18.3557487288549
conservative,16.095909605087495
conservative,18.460949187188454
conservative,17.109524626869543
conservative,18.493668331057673
conservative,17.163254535379515
conservative,17.76820657683166
conservative,17.30621833575976
conservative,17.822571340038998
conservative,17.27825510515083
conservative,17.604246192299502
conservative,16.715970880870948
conservative,18.295431110594162
conservative,17.988154662771514
conservative,16.319809661823403
conservative,18.795726418433773
conservative,17.64953148550165
conservative,17.975095743982784
conservative,18.56658018151198
conservative,18.13653057670847
conservative,18.970490082811324
conservative,17.537600795594507
conservative,18.83768742688325
conservative,17.9376432670801
conservative,18.312117997992225
conservative,18.210111828829056
conservative,19.047617407596505
conservative,18.523597944095588
conservative,17.395471089229233
conservative,17.208876964516655
conservative,17.77137384411422
conservative,17.09802353025219
conservative,16.828554353883618
conservative,15.871889203000267
conservative,16.37964122573412
conservative,19.825154365510073
conservative,17.19462703796439
conservative,19.738052882946743
conservative,18.209647686481567
conservative,17.771370100948214
conservative,16.42305457207223
conservative,17.82403570014777
conservative,19.726097063190693
conservative,19.374689660263115
conservative,18.084004367277636
conservative,16.74047988144435
conservative,16.91575553724724
conservative,17.01223586036676
conservative,19.0859516402144
conservative,19.451960553998678
conservative,18.008073706009615
conservative,17.528272453836667
conservative,19.365400244925183
conservative,16.896071279018635
conservative,17.869281318742644
conservative,18.268238493243942
conservative,17.002793155364788
conservative,17.213887055371313
conservative,17.141188952938332
conservative,19.228568191456652
conservative,19.74962381521636
conservative,17.929811184509557
conservative,17.56153014122798
conservative,17.247688300571077
conservative,17.821203760971194
conservative,17.29429030595963
conservative,17.72575312428173
conservative,18.219506983835068
conservative,17.43110445758432
conservative,17.63677280231412
conservative,17.64073712888234
conservative,17.514474288116418
conservative,17.396887751355237
conservative,18.564221673558574
conservative,16.183473384896942
conservative,19.392021871511915
conservative,17.94978990116089
conservative,18.413096437315165
conservative,18.527245270354523
conservative,17.146483076815667
conservative,16.955183546454407
conservative,16.84679951220206
conservative,17.58173800199382
conservative,18.501515257500333
conservative,17.262775917818818
conservative,18.411033563628784
conservative,15.666068818892457
conservative,17.449830228392802
conservative,18.972461348141593
conservative,17.654634290146863
conservative,17.033944253327693
conservative,17.194306338720896
conservative,15.113240674888427
conservative,16.865563679071276
conservative,18.860785838904107
conservative,17.263864202872785
conservative,17.375052303882036
conservative,15.696882091539232
conservative,16.307113794274784
conservative,18.99582778532673
conservative,18.420294312603893
conservative,16.605561330891984
conservative,17.218888301507203
conservative,17.791271400966696
conservative,16.69732166796545
conservative,15.979258569023862
conservative,17.66592731021475
conservative,18.376136285300216
conservative,18.39514475470135
conservative,18.677286464504796
conservative,16.37581505755749
conservative,17.875115452383486
conservative,17.561307867503157
conservative,17.735209623584876
conservative,17.615503082309655
conservative,17.190935852233366
conservative,15.121660436580408
conservative,18.967051795065668
conservative,18.138233242758123
conservative,16.437637004416803
conservative,18.278215524960178
conservative,17.39134802384185
conservative,17.41816234245299
conservative,17.090295280031473
conservative,18.340955795336914
conservative,17.06112753308951
conservative,16.787742538217472
conservative,18.936423301278296
conservative,17.647042890003853
conservative,17.677192036347634
conservative,18.494817863549848
conservative,17.184263568308424
conservative,17.37164298938589
conservative,18.114601249643037
conservative,16.386668779110114
conservative,18.032467840615883
conservative,17.10210603527546
conservative,18.657467643344056
conservative,18.3505461828035
conservative,18.22079433711186
conservative,16.328311399207294
conservative,17.719619740567364
conservative,16.7144602419902
conservative,17.783832960415594
conservative,15.71101000818178
conservative,16.387154912460737
conservative,18.994791451630473
conservative,18.176326804954016
conservative,17.479983367831604
conservative,16.960362330853407
conservative,16.79923382335299
conservative,18.012196953156064
conservative,17.489665271147658
conservative,19.363253622029603
conservative,17.641399696609408
conservative,17.87590126207326
conservative,16.523509255704496
conservative,17.473442076545815
conservative,17.989803006676073
conservative,17.46196214063801
conservative,17.355143068673527
conservative,18.135232571942325
conservative,19.33017506105407
conservative,17.95889206587671
conservative,18.94908383068436
conservative,18.424557387805393
conservative,18.888275295122384
conservative,17.23842507700271
conservative,17.620152979761993
conservative,17.624133092894354
conservative,18.350165647960747
conservative,18.594376742899836
conservative,17.939696772510562
conservative,18.67876051740995
conservative,17.28196563192045
conservative,18.687462565053774
conservative,18.818854775947315
conservative,18.47995468228605
conservative,17.948479250579187
conservative,18.51555136491517
conservative,16.97396307149707
conservative,18.01046210979046
conservative,18.109538334436312
conservative,16.576613170698547
conservative,18.279641619555186
conservative,16.64953537485066
conservative,17.409691290584473
conservative,17.857709705618287
conservative,17.125350268625265
conservative,17.89879584809832
conservative,17.883425777175727
conservative,17.04224855100716
conservative,18.37156298166885
conservative,17.094253346869007
conservative,20.150117926263743
conservative,17.71375979363569
conservative,16.719890835085874
conservative,16.890771442767484
conservative,18.95253925046174
conservative,17.42746635783888
conservative,16.54576059778259
conservative,18.655704012939506
conservative,17.421381426207738
conservative,18.456071288981544
conservative,18.737911026859283
conservative,18.084222783644012
conservative,20.267331055136776
conservative,16.224018891313523
conservative,17.044316971182813
conservative,17.57324909190915
conservative,20.12111848363499
conservative,19.626526250288276
conservative,19.0967576486454
conservative,17.066416785986792
conservative,17.174988232653472
conservative,17.034484902946982
conservative,17.076348039219827
conservative,19.307217825404592
conservative,17.584893867549706
conservative,17.71181506057974
conservative,18.57638126583325
conservative,16.278138896284055
conservative,17.870070623996853
conservative,16.78770871501772
conservative,17.536533379475813
conservative,17.26028027807692
conservative,17.211952674985866
conservative,18.03680965733316
conservative,18.03257858769949
conservative,17.60780505201599
conservative,18.177919239140863
conservative,16.997417821828492
conservative,18.484014435361708
conservative,17.620850906807693
conservative,17.356997582253204
conservative,17.065827545648837
conservative,17.58715975513509
conservative,19.703274969981862
conservative,17.758277096207877
conservative,16.744363617842307
conservative,18.721062109601665
conservative,17.368077135074472
conservative,18.093253149621596
conservative,17.24223088189719
conservative,19.088636572135407
conservative,17.25620805540689
conservative,19.20908573769912
conservative,16.83123786018229
conservative,17.537971876615487
conservative,19.211292064836307
conservative,17.98128642876053
conservative,20.132250266072056
conservative,17.56064989203312
conservative,18.06731112785277
conservative,19.73984422423156
conservative,16.411160547256024
conservative,16.300982873796205
conservative,17.06513206592433
conservative,18.615323120157534
conservative,16.325742229890295
conservative,18.40027506630236
conservative,18.33088709776904
conservative,19.856054088115307
conservative,18.848878224705288
conservative,18.17144353842042
conservative,19.169163572794634
conservative,18.342899969275585
conservative,17.37928019298693
conservative,16.744179428417187
conservative,17.276295779754786
conservative,17.780729538718994
conservative,17.987896919790863
conservative,15.865721412086184
conservative,17.608054216811954
conservative,17.846992068194183
conservative,18.351407752492566
conservative,19.446819763494712
conservative,17.998173771145805
conservative,16.959606379938787
conservative,16.141843014280653
conservative,18.48940141602465
conservative,16.996980746609673
conservative,18.66886050796977
conservative,19.208633909744933
conservative,16.384264626579068
conservative,18.357672859015167
conservative,19.100791544767617
conservative,18.822120198374222
conservative,15.899266218793219
conservative,17.011254973469978
conservative,16.621157376027664
conservative,18.327703370136785
conservative,18.219598771942334
conservative,15.387258090654871
conservative,17.530415900343165
conservative,18.60267556800749
conservative,17.961792090043623
conservative,17.96014355399074
conservative,17.469362270592523
conservative,16.82237839258564
conservative,17.802995450844136
conservative,17.869540538760795
conservative,18.418276506278936
conservative,18.498827522965314
conservative,17.9019752584329
conservative,18.898988122810675
conservative,17.459931305828693
conservative,16.473680578154838
conservative,18.282066233791415
conservative,17.94097178718334
conservative,18.301595222439897
conservative,16.63538404211109
conservative,19.61892832425353
conservative,18.512746080740772
conservative,17.542654246609214
conservative,16.935742579788815
conservative,18.880971166762293
conservative,16.783236948999566
conservative,20.121325324015736
conservative,17.23515841702325
conservative,19.54497322910648
conservative,17.6416778036402
conservative,19.398760680777674
conservative,17.121502348836994
conservative,17.83765431070982
conservative,18.606702439796354
conservative,18.464655780360555
conservative,18.904931756896474
conservative,17.35340330048599
conservative,17.9009628952897
conservative,19.055455492813795
conservative,17.14909759228263
conservative,18.376069661647744
conservative,17.608437270615266
conservative,18.017729436098712
conservative,17.900714721203826
conservative,17.071838724012785
conservative,17.56871747812509
conservative,17.958856266578277
conservative,17.720266590546576
conservative,19.390413382156645
conservative,18.812937930225434
conservative,18.099299744726967
conservative,17.095192612527235
conservative,17.03868852108946
conservative,19.812806122448325
conservative,16.86732179511652
conservative,17.928912908896415
conservative,18.168416867260664
conservative,17.52041769776702
conservative,16.874370336223727
conservative,17.07498316732957
conservative,17.297786072564094
conservative,17.14514624286771
conservative,19.13684124512948
conservative,17.81067257902008
conservative,17.319155336565345
conservative,17.922268976975502
conservative,18.470487177514585
conservative,17.488726280047302
conservative,18.704137184113062
conservative,16.629326703705143
conservative,18.976708130826694
conservative,17.810840735640703
conservative,17.773056876872946
conservative,17.160517583668508
conservative,16.66853583487621
conservative,16.275354945721183
conservative,17.09553615153046
conservative,18.391011205842965
conservative,16.911971907296138
conservative,16.380367065072292
conservative,16.960065327070165
conservative,17.450526588912762
conservative,17.487888020543366
conservative,17.695071777567613
conservative,18.835842724510254
conservative,19.05634189149236
conservative,19.846531076756577
conservative,16.31237574862339
conservative,17.00919024986971
conservative,18.500800215797554
conservative,17.38498806902655
conservative,18.662793967234357
conservative,18.01892870213128
conservative,19.397153099381928
conservative,18.84607491097892
conservative,18.86461124020383
conservative,17.42488899788416
conservative,17.725338133384575
conservative,17.52620149557284
conservative,16.41833185130176
conservative,19.285514023996235
conservative,18.547467688668643
conservative,17.488338849565665
conservative,19.113078545016062
conservative,17.219080020954053
conservative,16.124240075243428
conservative,18.810324910810266
conservative,16.6226223175485
conservative,17.63084039869016
conservative,18.01797031778892
conservative,18.192355656766996
conservative,18.65038191406867
conservative,18.38427383189253
conservative,18.353729228402102
conservative,17.069546913355268
conservative,18.10344413339168
conservative,16.418637462495308
conservative,19.379375436608722
conservative,16.510875438676933
conservative,17.486995507363446
conservative,16.58621116559382
conservative,17.125881224101835
conservative,17.832474673814943
conservative,17.314487497426512
conservative,18.949144881935357
conservative,18.038087589320284
conservative,17.37659679234294
conservative,17.69056105816868
conservative,19.026110374142842
conservative,18.711060572918207
conservative,16.74949431387446
conservative,17.17205852761249
conservative,18.27984344341311
conservative,18.16101986003629
conservative,16.830211722689278
conservative,18.55119335005435
conservative,16.976853070828415
conservative,19.112292301095984
conservative,18.33358741452249
conservative,16.755732746750322
conservative,17.31418752239566
conservative,17.2978278254666
conservative,17.97327551384695
conservative,17.622980024142255
conservative,16.74337514203739
conservative,16.518336746268492
conservative,18.35287240477066
conservative,18.095661108607487
conservative,17.92090182573517
conservative,18.080598803638864
conservative,17.229803568222053
conservative,17.996568166572995
conservative,20.423241298091728
conservative,18.98003535790357
conservative,17.542261678695315
conservative,17.31955970376891
conservative,15.251728622967057
conservative,18.872393154861612
conservative,18.58857720629749
conservative,17.30030437507061
conservative,16.484721755203086
conservative,16.734472242202344
conservative,18.250029019318053
conservative,17.73316545403759
conservative,18.493951525339302
conservative,17.90253452831002
conservative,18.769334398698728
conservative,18.176836359795434
conservative,18.630751035177212
conservative,15.905060019424344
conservative,16.66264776330608
conservative,17.46997213651248
conservative,18.88342116860548
conservative,19.713748643815222
conservative,17.661100961773805
conservative,17.236681408584285
conservative,16.022069597034484
conservative,18.665578374947113
conservative,17.294319625673136
conservative,20.889296979496127
conservative,17.117279864381512
conservative,19.953260740824952
conservative,18.55043684860963
conservative,16.850469506730366
conservative,18.043167218871684
conservative,18.57338180600858
conservative,17.60260569021852
conservative,18.639947587593266
conservative,18.61790756924187
conservative,18.39957283219297
conservative,17.803559233514363
conservative,16.716575445487106
conservative,17.745274855855772
conservative,17.988907669777934
conservative,16.0910117882691
conservative,17.982311129736505
conservative,17.725973803548186
conservative,16.606295654384652
conservative,17.499773442970792
conservative,17.519919752224645
conservative,19.766320463346386
conservative,18.031518114538184
conservative,18.839322644273736
conservative,17.70573268847275
conservative,16.092880436615506
conservative,18.47483898502509
conservative,17.19305013832501
conservative,17.497305548193076
conservative,16.827841310430657
conservative,17.88939164894466
conservative,18.86882916018785
conservative,18.735064823262498
conservative,19.40443419779974
conservative,19.552802755569292
conservative,15.943018077677792
conservative,16.699598852295093
conservative,16.150528852785605
conservative,18.434781053725057
conservative,17.160454629076984
conservative,17.351791428669248
conservative,17.61089111654955
conservative,18.189527574610633
conservative,16.436714896522133
conservative,16.640441068152295
conservative,17.820767653697377
conservative,19.004704681400597
conservative,17.794923242891386
conservative,17.068704097768023
conservative,15.854491277921746
conservative,18.755140498159555
conservative,17.120512466835436
conservative,16.741601200763885
conservative,16.23233309305169
conservative,16.47809348201049
conservative,16.912030960283094
conservative,17.589597186104637
conservative,16.685869472892204
conservative,17.998226452373682
conservative,17.58233099361472
conservative,20.07879849926493
conservative,16.241945826330436
conservative,17.974822586936767
conservative,17.9869179517073
conservative,16.84836814734484
conservative,17.91100597444673
conservative,18.57159991702041
conservative,17.91219786713532
conservative,19.195267109340147
conservative,15.829080481528418
conservative,17.021822324385003
conservative,19.28891983637491
conservative,18.714232363992263
conservative,18.344484026586585
conservative,19.039929171032995
conservative,16.05558830829589
conservative,18.597570992518143
conservative,18.868009975821344
conservative,17.19257009119028
conservative,20.523069896222932
conservative,18.008514844851618
conservative,15.816095953883242
conservative,18.18825889683422
conservative,17.135482666716452
conservative,18.97027822781943
conservative,18.351808518111447
conservative,17.24948828928042
conservative,19.317331295739745
conservative,18.74182213991735
conservative,17.035077864293246
conservative,17.67281107856699
conservative,18.32125090294475
conservative,17.470056118033604
conservative,17.49844797384144
conservative,17.854798478197203
conservative,16.816105076430976
conservative,15.781711853137313
conservative,18.04994298452245
conservative,15.99251746256525
conservative,16.88278383182425
conservative,16.18272824780027
conservative,16.291501802931442
conservative,18.232352330009064
conservative,17.605423649260544
conservative,17.57090780044214
conservative,16.588893147057014
conservative,17.19523592752505
conservative,18.1835541510133
conservative,17.769119687024645
conservative,18.62462610433579
conservative,18.76765391898645
conservative,17.576813667617742
conservative,16.11186251124603
conservative,17.101237893029218
conservative,17.725117984932787
conservative,17.082794123477072
conservative,16.826328493762436
conservative,17.88649477554255
conservative,20.304827914514878
conservative,17.352727715320082
conservative,17.81679366929964
conservative,16.592381914022372
conservative,19.05035048445857
conservative,18.676790512997965
conservative,18.607686740075938
conservative,19.16984623849145
conservative,17.41023748122842
conservative,17.52890399575034
conservative,19.533816995804557
conservative,18.435570922703228
conservative,15.793346656264715
conservative,18.260248550625402
conservative,17.264713567518445
conservative,18.70031013006122
conservative,18.214573492093272
conservative,16.21007883636318
conservative,18.078752280657113
conservative,18.02232984651098
conservative,18.170869933200994
conservative,18.379018848668856
conservative,19.310601098508986
conservative,18.220149082946936
conservative,17.841545885133865
conservative,18.952933364146354
conservative,20.101197900869995
conservative,18.717293063417493
conservative,18.018050716871617
conservative,18.2384004982421
conservative,18.06634171004561
conservative,17.837349730101387
conservative,20.017584065425584
conservative,17.108299631675294
conservative,18.95999893900553
conservative,17.69799290837278
conservative,16.44109839896602
conservative,17.637991013422265
conservative,17.29753131992645
conservative,18.38104112296883
conservative,17.907204857103377
conservative,16.856187037375133
conservative,19.28472519866788
conservative,18.89414161114915
conservative,19.404294522912572
conservative,18.04783934923459
conservative,17.784926387031273
conservative,18.50584444425142
conservative,17.268678830254203
conservative,17.9445178191229
conservative,17.65011693140565
conservative,16.458444670438556
conservative,17.94200849533872
conservative,17.397342765063968
conservative,17.586055583627502
conservative,18.171184629281704
conservative,19.08018825850383
conservative,17.015772171062174
conservative,17.496394035407466
conservative,17.093392337159983
conservative,17.032983660480543
conservative,17.252633909142244
conservative,17.630193512409296
conservative,18.38923169541944
conservative,18.12893792203245
conservative,16.82428522619612
conservative,19.102369729234553
conservative,18.74681731867872
conservative,16.96733505610584
conservative,19.030618857082224
conservative,18.1352606102534
conservative,17.668573826988254
conservative,18.1656178810241
conservative,17.794561993366884
conservative,18.34898436279874
conservative,17.999780302805718
conservative,17.495568424392413
conservative,15.96041799982499
conservative,18.33135560262826
conservative,17.46113650090484
conservative,18.57993366563564
conservative,18.286604650420877
conservative,17.485831341650364
conservative,18.82611328872759
conservative,18.01673042339368
conservative,17.97691111625067
conservative,17.68620559390361
conservative,19.50621001225847
conservative,17.14162787583206
conservative,17.509607441666798
conservative,16.659938428644217
conservative,18.528890644301537
conservative,17.26429020138678
conservative,17.36986490415189
conservative,17.32562144208574
conservative,17.87974298511086
conservative,16.64777777483067
conservative,15.772714721085725
conservative,18.263076316993484
conservative,15.884412136340154
conservative,18.65612994860462
conservative,19.375617162558882
conservative,17.66111246422409
conservative,19.107843004369634
conservative,17.79602716655788
conservative,19.41804590025938
conservative,17.382921057667485
conservative,15.668660152152931
conservative,17.74225876551118
conservative,19.531806892840667
conservative,18.33902296082357
conservative,17.32714156356611
conservative,18.13717242388105
conservative,18.773736902005705
conservative,17.736756608179657
conservative,20.519929970565908
conservative,17.32516797210196
conservative,18.80541572592567
conservative,18.563963044964982
conservative,17.15416060103803
conservative,17.41298419106858
conservative,18.821169111230617
conservative,17.95871703253215
conservative,18.146107647008304
conservative,16.302563830480523
conservative,18.458628226248123
conservative,18.096691284184825
conservative,17.75770141762124
conservative,18.168361392748846
conservative,17.42740375913195
conservative,17.25513574263307
conservative,17.586693034491983
conservative,17.37537466121127
conservative,20.03411168516817
conservative,18.714075941073602
conservative,16.905359365503422
conservative,19.879439957124777
conservative,17.405016898237395
conservative,17.847829365027717
conservative,18.69955211059716
conservative,16.00898143438142
conservative,17.591340682388765
conservative,17.272568098893675
conservative,18.016961115847234
conservative,18.177299633023434
conservative,17.744817552574442
conservative,17.700119274769563
conservative,18.868781531540485
conservative,18.11048708964116
conservative,17.859305606561115
conservative,17.9616904191579
conservative,19.666519947195937
conservative,17.985632265048373
conservative,17.327965768634133
conservative,16.06219260894133
conservative,16.48272245768586
conservative,17.372707879338904
conservative,17.714821147829365
conservative,17.28921289227221
conservative,18.158852091135458
conservative,17.277101456257807
conservative,16.955063011064148
conservative,18.41569399127472
conservative,19.179734223682598
conservative,16.7783102860216
conservative,18.054384289934617
conservative,16.065683730031147
conservative,16.446359047926926
conservative,17.258079244620145
conservative,18.939643853129084
conservative,17.080732757652118
conservative,17.046031541111375
conservative,17.854186988500842
conservative,17.855142307107588
conservative,17.074765100980198
conservative,19.82602279629173
conservative,17.564256748469404
conservative,17.928648478260552
conservative,17.43445387702675
conservative,18.245690912514885
conservative,19.041711225925983
conservative,19.485373583101005
conservative,17.09601123649395
conservative,18.90496561852211
conservative,18.353520530258848
conservative,18.77717791587868
conservative,17.730718079743422
conservative,17.639215687218122
conservative,18.738060619976498
conservative,18.75717260397404
conservative,19.38310623896704
conservative,18.0106413340558
conservative,17.716229556123302
conservative,15.587890007692522
conservative,16.32449057678845
conservative,17.44159195946109
conservative,16.783885859667123
conservative,18.616080952636768
conservative,16.594200552894332
conservative,17.340355510666015
conservative,17.377431377781374
conservative,19.010828478845106
conservative,17.239813633347474
conservative,18.257886231099768
conservative,18.007893137663544
conservative,18.705450589506334
conservative,18.652199292722294
conservative,17.787143696344195
conservative,16.249147611716527
conservative,17.596396435234475
conservative,17.800188860595117
conservative,18.095439885307876
conservative,17.119000954869144
conservative,18.945739997172826
conservative,17.832657586712493
conservative,16.949523694793783
conservative,17.381021247527354
conservative,19.764672298787886
conservative,18.46693777647026
conservative,18.851887350673223
conservative,16.838264048690682
conservative,17.16442322655601
conservative,17.171338927125255
conservative,17.99695610541322
conservative,17.651725473729407
conservative,17.351495079848217
conservative,17.470240094715773
conservative,17.06649916257074
conservative,17.64612382851633
conservative,18.917583594407255
conservative,16.411860358532742
conservative,18.154303485533834
conservative,19.19076090245749
conservative,17.642912052272468
conservative,17.314376461303517
conservative,18.726505813801975
conservative,16.89088158010476
conservative,17.79754133796849
conservative,16.83986027720856
conservative,16.0962215226287
conservative,17.672869516168333
conservative,16.63633986108922
conservative,17.808208787853943
conservative,18.91942719897552
conservative,19.685937330341822
conservative,17.90934862090034
conservative,18.822298663639724
conservative,18.20554837533271
conservative,17.452158471195148
conservative,16.0484106833673
conservative,19.446497377567102
conservative,16.831382862119728
conservative,19.193522349102242
conservative,18.3408347823075
conservative,16.898424626463125
conservative,18.120714967050148
conservative,19.982913745742884
conservative,19.351819127803605
conservative,17.329601104180732
conservative,17.142826705062763
conservative,17.915773349788864
conservative,17.659873841175486
conservative,19.0057169318723
conservative,18.54169212190323
conservative,16.25273077954428
conservative,18.264029006804194
conservative,17.646841826390006
conservative,17.85516582314737
conservative,18.05945338293736
conservative,19.004687395777268
conservative,18.780462772195403
conservative,17.107658254250666
conservative,17.76281731045712
conservative,17.3901975462306
conservative,16.261925117438242
conservative,17.71386411343634
conservative,19.675890275503264
conservative,16.235231511417492
conservative,17.796215477632444
conservative,17.765206577137796
conservative,18.097117596019118
conservative,16.9106414357957
conservative,16.490638581044617
conservative,16.532415170279712
conservative,19.14014515997345
conservative,16.892292612726784
conservative,17.34199831443177
conservative,19.952571875487006
conservative,17.12207299355849
conservative,18.15032599405788
conservative,18.86744391989805
conservative,18.818764546728143
conservative,16.574755172599744
conservative,17.141547968765074
conservative,18.111341146063346
conservative,19.765176546307018
conservative,17.096713220331168
conservative,17.347609476192545
conservative,18.225713578163408
conservative,18.422633521413015
conservative,18.482692167584442
conservative,17.018006457376643
conservative,17.311390067875568
conservative,18.027047472301767
conservative,19.06971347692198
conservative,17.58994594453206
conservative,17.797918359789094
conservative,16.852610501002157
conservative,19.695429128625673
conservative,17.967857670358306
conservative,18.88158112737373
conservative,17.848252860636162
conservative,17.901403859579705
conservative,16.42331922052812
conservative,15.852288832171034
conservative,19.05905579422172
conservative,17.894474888234836
conservative,18.018265535624966
conservative,16.64932253010085
conservative,16.965601656885358
conservative,18.865913866607826
conservative,19.565607275640783
conservative,17.227597277173412
conservative,18.473987025634436
conservative,18.002399615898103
conservative,17.70312053852854
conservative,19.683508484854507
conservative,17.38577231880551
conservative,19.04759930769243
conservative,18.188406714418303
conservative,17.803156612623894
conservative,19.18243683780088
conservative,18.099449441171583
conservative,17.726333999939982
conservative,19.19009022478548
conservative,19.05634989273446
conservative,19.007989765820657
conservative,14.422113312554586
conservative,18.24589186732378
conservative,18.023771549556685
conservative,17.785767473161243
conservative,18.41286111424639
conservative,18.070721187195907
conservative,18.4802634577079
conservative,17.56177533726387
conservative,19.312898900625836
conservative,18.58092929013886
conservative,18.346469382804614
conservative,18.298424136427986
conservative,18.96241861115604
conservative,18.824798226910293
conservative,17.71058834693567
conservative,18.793095132169793
conservative,17.986963595353124
conservative,19.752340126032212
conservative,18.901850764577066
conservative,17.223536232848765
conservative,20.196447022461882
conservative,15.89437013832562
conservative,18.44015285463163
conservative,17.15750072748915
conservative,19.715497084158113
conservative,18.063200543549158
conservative,17.066721660767172
conservative,17.56317631769279
conservative,17.141008223200032
conservative,17.52570259994509
conservative,17.503921515016632
conservative,17.106343573139718
conservative,18.079950113826992
conservative,18.19798334280528
conservative,16.879783627347106
conservative,16.28279693840344
conservative,18.11970100086522
conservative,18.336021172683196
conservative,18.532360111972448
conservative,18.354992916148674
conservative,19.39039340691134
conservative,18.799918240501835
conservative,20.578946209805515
conservative,21.049692836247296
conservative,16.19460033743251
conservative,15.812335881399582
conservative,17.81235243295391
conservative,18.308773271360035
conservative,17.746143557615643
conservative,18.505864288102547
conservative,17.55959805092567
conservative,17.159643697960806
conservative,17.301186006090024
conservative,17.62662974179807
conservative,18.645484971913923
conservative,17.354093511346658
conservative,17.541727294423367
conservative,18.373775803724378
conservative,17.62794468762564
conservative,18.921135681098278
conservative,16.950437357887843
conservative,16.751687418375013
conservative,18.113544506163002
conservative,18.21075664934442
conservative,17.000796936743605
conservative,19.15316917909648
conservative,19.760843266452156
conservative,17.221433728940223
conservative,19.301613184912192
conservative,15.653958517203694
conservative,18.87991519554226
conservative,17.00745230486758
conservative,18.7787273613473
conservative,16.91197414825001
conservative,17.75328247211531
conservative,17.051580665653628
conservative,17.61349271525473
conservative,19.660217790100507
conservative,17.715244027023253
conservative,19.958650841786305
conservative,17.44959742079
conservative,19.30624289573582
conservative,16.311678884991647
conservative,17.544073496639083
conservative,17.30756677161296
conservative,19.353953773091185
conservative,17.997782548963855
conservative,15.906444953761941
conservative,16.594102442706053
conservative,16.864774568847924
conservative,18.736385439945078
conservative,18.60696045478767
conservative,17.530827868446014
conservative,17.295900390673737
conservative,18.518599771017897
conservative,16.757921394624038
conservative,18.263041927325215
conservative,18.179709519586684
conservative,17.555447618510495
conservative,18.204292266925513
conservative,17.91758833982089
conservative,18.302074901171633
conservative,16.57247796311289
conservative,18.41753204921987
conservative,18.82976763799312
conservative,18.129430261528896
conservative,18.40439360269662
conservative,17.713335556327927
conservative,18.693441278977126
conservative,17.88216784067671
conservative,16.74114193147766
conservative,18.622167317696665
conservative,16.304179022815244
conservative,18.092301603638056
conservative,17.451105863834808
conservative,17.390571682174723
conservative,17.984970408295112
conservative,17.145337084787823
conservative,18.316615904521043
conservative,17.874054481129498
conservative,17.23132638976582
conservative,19.147597256665037
conservative,18.016673285714273
conservative,18.433662712603024
conservative,19.2284255012259
conservative,19.211480683941204
conservative,18.383221275233904
conservative,17.52867488479412
conservative,16.486518793792744
conservative,18.018519626971305
conservative,18.898659137386588
conservative,18.16194477613402
conservative,14.774382990133777
conservative,18.672095042252177
conservative,18.733817994950794
conservative,17.53004360944565
conservative,18.791127971038474
conservative,18.4308554503877
conservative,17.167525217599238
conservative,19.07892544536828
conservative,16.632646539419476
conservative,17.764137833251308
conservative,17.668048341452856
conservative,17.03737731345555
conservative,18.112732057429614
conservative,19.119010706847693
conservative,19.054793477139917
conservative,18.525838590261237
conservative,16.249476468290982
conservative,16.57081034498041
conservative,17.97935024935403
conservative,17.786374962233683
conservative,17.34339627906167
conservative,19.740028700583238
conservative,17.921212299892144
conservative,18.346357195899234
conservative,18.790655777220504
conservative,17.872290123517026
conservative,20.481007777116677
conservative,16.93121222423164
conservative,17.241845479969612
conservative,16.928953171605052
conservative,19.37991747489576
conservative,18.604040622759467
conservative,17.299999619987254
conservative,17.001798415678298
conservative,19.195708091285468
conservative,18.169137987231053
conservative,19.222051942677638
conservative,17.761332636175247
conservative,18.315956097565216
conservative,18.109263263070112
conservative,17.224939343900196
conservative,17.68040464706935
conservative,16.70806408827626
conservative,18.298818825846134
conservative,18.56327653106162
conservative,18.792944531290868
conservative,18.469087366528033
conservative,17.695728681866907
conservative,19.368792514658494
conservative,18.694421267953
conservative,19.199478578990835
conservative,19.264303381425105
conservative,17.698240485943977
conservative,18.19471458468451
conservative,18.576559274159692
conservative,16.740048818621972
conservative,16.76024575562499
conservative,16.60386997580906
conservative,17.715087710420267
conservative,17.49947782941752
conservative,16.481168466638124
conservative,17.963125478727978
conservative,17.727113346094587
conservative,18.987860578652228
conservative,19.854548535469
conservative,18.26184661106068
conservative,17.15714318952352
conservative,18.449435463371408
conservative,17.828524378681458
conservative,17.588376367347617
conservative,17.00390236282052
conservative,17.3753587305447
conservative,17.64808916061561
conservative,18.6060498681363
conservative,18.315454644191526
conservative,19.65562540543487
conservative,18.476820014735928
conservative,18.2303349685512
conservative,17.525270550848973
conservative,16.842041297080854
conservative,17.275799894572582
conservative,17.15415011726278
conservative,15.502401531728822
conservative,16.868471921669222
conservative,19.421143226025844
conservative,18.175884622607022
conservative,17.45841310918917
conservative,18.205076277213326
conservative,16.023433065651197
conservative,18.09163890764232
conservative,19.085272195407004
conservative,17.702555535007455
conservative,16.182369776282552
conservative,17.422928792707523
conservative,19.087086796269116
conservative,18.068850906986555
conservative,16.496740043763854
conservative,20.236555380144992
conservative,16.64501710018945
conservative,17.58569947842782
conservative,16.84211181379723
conservative,16.843379629671094
conservative,17.386765508617163
conservative,18.4389598030605
conservative,19.098646037149145
conservative,17.449260006849222
conservative,16.86708500211442
conservative,18.283623283380464
conservative,18.31244272286939
conservative,18.051146490924797
conservative,18.085462390887383
conservative,17.710786334282844
conservative,17.91379416439708
conservative,17.644385537308963
conservative,18.87396418926228
conservative,20.08577761876063
conservative,17.99237480401348
conservative,17.81314564360453
conservative,18.066164739565806
conservative,17.193297843482036
conservative,18.56699575580507
conservative,18.246871650280674
conservative,17.416743686490346
conservative,18.70422311177349
conservative,17.83780124639966
conservative,16.90389961479759
conservative,18.15930117666309
conservative,18.04786633313386
conservative,18.762942557069653
conservative,18.63350488836269
conservative,17.714002972451876
conservative,17.367927442175173
conservative,17.821201277277677
conservative,18.170720026367917
conservative,18.2886470017347
conservative,18.110415383484355
conservative,17.731795241776023
conservative,18.79966489365316
conservative,17.177989310537843
conservative,20.358476042228613
conservative,18.56509299166409
conservative,16.759778809693962
conservative,17.997763744293177
conservative,18.574681790156937
conservative,17.48421041115469
conservative,16.42793417513499
conservative,16.840574844007584
conservative,18.34604207239207
conservative,16.19767208366574
conservative,16.46891386133963
conservative,18.340861495858114
conservative,17.605192902891172
conservative,17.157936416616202
conservative,17.346553768365485
conservative,16.44969135203801
conservative,18.289333678822988
conservative,17.054893484882612
conservative,17.30790352504929
conservative,18.15460155511133
conservative,17.57260171179966
conservative,17.149659210411976
conservative,15.992048920522585
conservative,18.174738256299523
conservative,17.895373198077586
conservative,17.32519670561188
conservative,16.842099809435677
conservative,17.831836957750085
conservative,18.285422844643225
conservative,17.913417077635938
conservative,19.45859300007171
conservative,18.507051230745272
conservative,17.71587464261727
conservative,18.540387100984226
conservative,17.86624814723963
conservative,17.862919576244632
conservative,19.10463112994706
conservative,16.9702215788337
conservative,17.841939860541892
conservative,18.995481668397368
conservative,18.11778798655595
conservative,17.465506742977738
conservative,16.240429045722006
conservative,15.749471236891374
conservative,19.92209117234053
conservative,18.117322157707697
conservative,17.262483862874312
conservative,18.15720680371574
conservative,16.92448973078739
conservative,17.50149117879512
conservative,16.93068911201304
conservative,16.501260288193805
conservative,15.891823295971205
conservative,16.336575560168164
conservative,18.824393713576804
conservative,16.88843803927505
conservative,18.338947909834673
conservative,18.75914241679292
conservative,17.83549271186377
conservative,17.532574474044512
conservative,17.947373817565413
conservative,17.420390110203847
conservative,19.009976929796885
conservative,19.709516497586264
conservative,19.26277698555249
conservative,15.85159761699361
conservative,17.401070589272425
conservative,17.823541721110814
conservative,18.26832872325302
conservative,16.221748850825655
conservative,16.20752076408001
conservative,19.11533482125346
conservative,17.2859246015684
conservative,16.434850478160826
conservative,16.781529074677938
conservative,18.197250790757717
conservative,17.04005575179772
conservative,18.052357672641527
conservative,16.895929926289526
conservative,16.206853761211356
conservative,19.236476029833195
conservative,18.204792814943303
conservative,17.49906505769421
conservative,17.321452877737542
conservative,19.27839835461101
conservative,18.394821400792658
conservative,18.951757915783563
conservative,17.262841017958205
conservative,17.86817126814776
conservative,18.208713039779052
conservative,17.294433858795458
conservative,17.72719701390214
conservative,17.262918312650562
conservative,18.205642778640314
conservative,16.5839378297861
conservative,18.375506052097847
conservative,18.11946428252586
conservative,17.623620469090913
conservative,18.255047594903584
conservative,17.469412827474326
conservative,17.18188630778649
conservative,18.347651473065184
conservative,18.390360039895203
conservative,17.33473093464933
conservative,17.254056889519347
conservative,17.643116969680115
conservative,17.292612717201507
conservative,19.34087058191146
conservative,18.125072888636048
conservative,17.8335968889406
conservative,16.938255641376003
conservative,18.541094873762585
conservative,17.236658128815105
conservative,17.19813664198281
conservative,18.574613091830606
conservative,18.19417054793255
conservative,15.550953331398635
conservative,17.667310154492462
conservative,17.940143260348453
conservative,17.493504080416557
conservative,17.973745540441975
conservative,16.149214036450537
conservative,15.276169432424165
conservative,16.89892510978292
conservative,18.091784076020033
conservative,14.952091923574956
conservative,17.0206071993087
conservative,16.050170529582584
conservative,17.5859867286263
conservative,19.79587373104787
conservative,17.61033712265749
conservative,17.71566297084818
conservative,18.64119742293625
conservative,17.840020701480547
conservative,17.612428684060774
conservative,18.728934721340035
conservative,18.276993819698973
conservative,18.09798291919787
conservative,17.685561835534948
conservative,17.487352210143904
conservative,18.719404717236365
conservative,17.49648498167044
conservative,19.037921895618613
conservative,16.833173410258365
conservative,19.246197046123527
conservative,18.27714394637904
conservative,16.905298683206258
conservative,18.313441121692925
conservative,17.20042294554152
conservative,17.851637471093603
conservative,17.354200675496923
conservative,17.691205285906502
conservative,18.743815104730718
conservative,18.32282037639801
conservative,16.761711480860008
conservative,16.814003534597436
conservative,18.080641288007822
conservative,18.15109369928231
conservative,17.17785564532226
conservative,19.409778986284216
conservative,18.615445358841917
conservative,17.223567097752266
conservative,17.133250710392453
conservative,17.60015470084493
conservative,17.500869641065634
conservative,19.063410157179526
conservative,18.78725351925671
conservative,17.853211166306767
conservative,18.480360877960674
conservative,18.62492739997143
conservative,17.875459900907853
conservative,18.20912355653779
conservative,18.39744724131588
conservative,18.2924304878228
conservative,17.080641911119574
conservative,17.174806086004825
conservative,17.542084063807433
conservative,17.147783805632937
conservative,16.447645212282637
conservative,18.478421773042236
conservative,18.154233959998827
conservative,16.56773309005574
conservative,17.587619485690585
conservative,17.641858105632863
conservative,17.99458894706739
conservative,16.80136424689031
conservative,16.5545557370102
conservative,18.324014004033526
conservative,16.393280569416717
conservative,17.595513738062916
conservative,17.506368148585178
conservative,17.700468598830383
conservative,18.063114743984485
conservative,19.41734635197409
conservative,16.334945005253488
conservative,18.678635104648304
conservative,15.54358362429878
conservative,19.20480672235296
conservative,15.945624929497157
conservative,20.311475932803198
conservative,17.44584491258783
conservative,19.098493791324838
conservative,18.888075050860163
conservative,17.401579346863763
conservative,17.474344725946263
conservative,17.026520556112725
conservative,18.58934087038112
conservative,17.41390471810945
conservative,17.043359040485328
conservative,18.3412961904274
conservative,16.971035117119133
conservative,17.5036029827401
conservative,17.922411253728313
conservative,17.20778913998807
conservative,17.349556902966114
conservative,19.351123185595444
conservative,17.62273251996286
conservative,17.474460893165993
conservative,17.650647406763685
conservative,18.25988961439586
conservative,16.84533865957383
conservative,18.2331947154999
conservative,18.066124788477467
conservative,16.167703859662296
conservative,19.62257543590053
conservative,19.274165969280645
conservative,17.060441525749127
conservative,16.76439100161276
conservative,18.03920214685087
conservative,16.489963392622606
conservative,19.174467983064382
conservative,17.371359071476746
conservative,19.441602623446244
conservative,17.038336141763892
conservative,17.711137197156894
conservative,19.07473534192121
conservative,17.509069580161
conservative,18.081919355709466
conservative,18.896704361401714
conservative,17.28881239036814
conservative,16.63783843966158
conservative,16.46052523968494
conservative,18.386822918991236
conservative,18.195593044720102
conservative,18.865266453133327
conservative,17.55596773849751
conservative,16.485591981788676
conservative,15.679005735592291
conservative,20.788079640656495
conservative,18.33110008290955
conservative,17.951006762764433
conservative,18.08827934162423
conservative,16.485052411756026
conservative,17.065722503139828
conservative,19.56895721526921
conservative,18.46095694479078
conservative,17.0947728831043
conservative,16.669474066918674
conservative,17.32679211462227
conservative,17.51650554840942
conservative,19.893171106186593
conservative,17.638039316708245
conservative,16.703295049914193
conservative,17.762826585650622
conservative,18.074391629866696
conservative,16.620826416252214
conservative,18.208680393968553
conservative,19.015090642479514
conservative,17.952818797471007
conservative,17.06368714106024
conservative,17.314381725966392
conservative,16.28229449807153
conservative,17.690317418574274
conservative,18.11952924471128
conservative,16.971537098861337
conservative,19.776525127620506
conservative,18.594243577833506
conservative,16.164078584698615
conservative,16.182129402140475
conservative,16.891063544135466
conservative,19.390881625608507
conservative,18.693028726325785
conservative,19.443592873370815
conservative,17.829392176014625
conservative,17.617698785738813
conservative,16.65072109807422
conservative,18.157428205571737
conservative,17.630463948567602
conservative,17.593592083099605
conservative,19.43767959923149
conservative,17.697522699328697
conservative,19.14019419374753
conservative,16.34509415443022
conservative,20.58811023310075
conservative,17.461501873185743
conservative,18.509446629165346
conservative,18.668294864222013
conservative,17.344078246718993
conservative,18.620980944749906
conservative,18.673038900207647
conservative,17.141741817720426
conservative,17.15278670874386
conservative,17.863029001124957
conservative,17.707967534092152
conservative,19.204207224116267
conservative,18.50495751360512
conservative,17.751413830874785
conservative,18.40920057149927
conservative,15.942342467969592
conservative,17.2331846366069
conservative,18.097200732043518
conservative,18.9197685702138
conservative,18.011823154514577
conservative,19.271500179153897
conservative,18.669966525027018
conservative,17.352594325765438
conservative,17.684359423344823
conservative,18.21479968766695
conservative,17.3900895934687
conservative,19.34728406725788
conservative,16.77688805480758
conservative,18.124713434889017
conservative,18.537567056512017
conservative,17.518394988023655
conservative,17.305035830991
conservative,17.74595416974276
conservative,18.61394910142244
conservative,17.341728794000904
conservative,16.813249314459238
conservative,18.95559829574847
conservative,18.205874786842298
conservative,18.810817693272483
conservative,18.5613651530472
conservative,20.033422431492852
conservative,18.91936866888176
conservative,17.131551049524266
conservative,18.27540442008995
conservative,17.28745742734561
conservative,17.384898310020194
conservative,16.50195432605998
conservative,17.544451140558323
conservative,18.348940638571463
conservative,17.75566274873756
conservative,16.78542918319972
conservative,16.403041974967696
conservative,19.960307148870275
conservative,18.133529264485844
conservative,17.038645823496587
conservative,18.26707825083921
conservative,20.04343305725566
conservative,18.423429239510057
conservative,15.312757300051697
conservative,20.548514035946752
conservative,16.114494941057366
conservative,17.621030143655496
conservative,16.754384122570116
conservative,17.116723024806422
conservative,18.093885443142913
conservative,15.921216738597842
conservative,17.732293059019515
conservative,18.952296893044647
conservative,17.020890217786857
conservative,16.521908003931376
conservative,17.685057060252873
conservative,17.49469757077267
conservative,17.25201590287099
conservative,16.7043905068894
conservative,18.32348263391943
conservative,18.398510484278855
conservative,16.8162439620415
conservative,16.943296683721123
conservative,17.95071778193529
conservative,16.908575206536362
conservative,17.991417086706193
conservative,19.28165722062053
conservative,17.76164809562684
conservative,16.68144586827904
conservative,18.198842807682208
conservative,17.648219931447418
conservative,17.674625380349845
conservative,18.280366804929592
conservative,18.493400597652695
conservative,17.85362598045132
conservative,17.76081990292737
conservative,19.90856496681976
conservative,19.006550718701323
conservative,18.63550597198979
conservative,17.945622620530397
conservative,16.871122228066458
conservative,18.93199014979253
conservative,17.958240846421273
conservative,17.268966193623086
conservative,17.58549306521762
conservative,16.907461671367383
conservative,18.860874665070796
conservative,18.485455300783414
conservative,17.994287466056175
conservative,17.778108269377277
conservative,17.17204249988585
conservative,15.870144626090712
conservative,16.501571484206526
conservative,17.114262726014232
conservative,16.974921403385085
conservative,18.098697205643983
conservative,18.61344441424038
conservative,17.695508275767544
conservative,19.220501899962557
conservative,17.07683947358808
conservative,17.688680546158277
conservative,17.770182507017005
conservative,18.89622479769984
conservative,17.9212382171718
conservative,17.94790007925249
conservative,16.285831719812517
conservative,16.96851529192285
conservative,18.900047974302446
conservative,15.91747588645874
conservative,19.152548977603207
conservative,18.30428187172356
conservative,17.10972511263683
conservative,17.03125299159984
conservative,19.730094978967315
conservative,19.2230721023263
conservative,17.70416796531496
conservative,17.94888597116126
conservative,17.20427857778654
conservative,17.94907128556819
conservative,17.178361305477676
conservative,17.743579143083657
conservative,19.63952977609404
conservative,17.727118040092506
conservative,16.832371856402396
conservative,16.54341329242976
conservative,17.941683059774483
conservative,17.09728551230853
conservative,18.057184086327386
conservative,16.317172240762154
conservative,18.492618591637623
conservative,16.8212585803424
conservative,17.863979141713788
conservative,17.49473397854763
conservative,19.54275100870812
conservative,17.984487885757552
conservative,19.782659425112556
conservative,18.36442809468218
conservative,19.23753615171601
conservative,17.618360835403372
conservative,18.153351514571668
conservative,19.02503017044804
conservative,18.70713013482164
conservative,18.335107983048083
conservative,17.504599935160012
conservative,17.666344079569996
conservative,18.94244356424396
conservative,19.155552269695875
conservative,17.25423475293951
conservative,17.113226267988544
conservative,16.964614759077996
conservative,18.631656976744118
conservative,16.941249824451045
conservative,18.619553990767912
conservative,18.349587214511477
conservative,17.29911539412091
conservative,19.38116804760856
conservative,16.457348324455353
conservative,19.481049160269862
conservative,18.127419185693814
conservative,15.919100666717707
conservative,19.410367311598403
conservative,18.774833821489946
conservative,17.40941354981764
conservative,16.908806117323664
conservative,16.362004344971776
conservative,20.288622910031307
conservative,16.946864863162034
conservative,16.63616476244757
conservative,18.07786772995587
conservative,16.300855677357177
conservative,16.893337778429732
conservative,18.797798906898002
conservative,18.269459701032094
conservative,17.44906854772092
conservative,17.837146902623545
conservative,17.395920357238463
conservative,17.759547714760277
conservative,17.096433615996933
conservative,17.266083163993134
conservative,17.237526839210997
conservative,17.12989157267846
conservative,18.84728463146628
conservative,18.57212167414329
conservative,16.938588854769534
conservative,16.698896517590068
conservative,17.667784811575462
conservative,20.00695590723629
conservative,16.85098200526017
conservative,17.663992921516616
conservative,17.904724089583404
conservative,17.714565593529937
conservative,17.381038226419147
conservative,18.96017631215275
conservative,18.25989317878615
conservative,18.647781650760678
conservative,18.392697202224635
conservative,18.69606805296198
conservative,19.40257473000047
conservative,19.14025848417469
conservative,20.19003735168938
conservative,19.02369919267007
conservative,17.18252540172155
conservative,18.649290954407665
conservative,18.512679223915832
conservative,19.75591514333235
conservative,16.906564253213293
conservative,18.361675026211483
conservative,17.171667594709305
conservative,18.316949500457174
conservative,17.612663406741728
conservative,18.284437863966545
conservative,16.503895361861783
conservative,18.59518943624756
conservative,18.017908846806293
conservative,17.965860268462496
conservative,19.78771593917779
conservative,17.452756541079502
conservative,18.15019520154893
conservative,17.9158336391659
conservative,18.010149589078797
conservative,20.07859523980346
conservative,17.880784994126287
conservative,17.27825545695233
conservative,19.703553975936988
conservative,17.52388085949821
conservative,16.329893052356155
conservative,17.11593963484729
conservative,16.651556157756602
conservative,16.15775853001529
conservative,17.471241932362492
conservative,17.751614198985767
conservative,18.98611408526879
conservative,18.432277282174503
conservative,18.38721949488233
conservative,16.97469649186612
conservative,18.687016582951784
conservative,19.202249868010785
conservative,18.20125466773969
conservative,18.22859476043823
conservative,16.63516601585334
conservative,18.85794351244691
conservative,19.608426197709907
conservative,18.131378676773476
conservative,17.252832494609752
conservative,17.66325296743075
conservative,17.416790559598354
conservative,17.473679202980293
conservative,18.4506828166245
conservative,18.08908018053584
conservative,18.806856194006496
conservative,18.178132270266914
conservative,17.001602761343985
conservative,17.340932885248677
conservative,17.28242651207176
conservative,17.639763039119597
conservative,19.623058415439722
conservative,19.792683289892043
conservative,18.638564399228976
conservative,17.933635515311735
conservative,16.547661179819155
conservative,18.031411552754705
conservative,17.07023804153362
conservative,19.450707989160048
conservative,16.32906907969183
conservative,18.191397158203756
conservative,16.992218926040064
conservative,17.810295712771865
conservative,18.46861447202037
conservative,18.825082287157873
conservative,17.76081035825583
conservative,18.563244427936485
conservative,17.18904573009163
conservative,18.056151539466534
conservative,18.805109330351552
conservative,18.14028815533471
conservative,17.313936141985042
conservative,17.551197710992632
conservative,18.818699722796648
conservative,16.792299537515294
conservative,16.927581895608792
conservative,18.40476223783599
conservative,17.399067717773658
conservative,16.465587268889305
conservative,19.16060316551487
conservative,16.785217481822396
conservative,17.627337395841156
conservative,17.229239995476444
conservative,17.533416968296176
conservative,16.9826290238039
conservative,18.516502069187045
conservative,17.925989850230817
conservative,18.786376156587828
conservative,17.23894227722969
conservative,19.983032623629583
conservative,16.065994798277746
conservative,16.347708339745147
conservative,19.579216311529127
conservative,18.27910892143911
conservative,18.149338039467114
conservative,18.23717094934937
conservative,18.374753257579105
conservative,18.108815940916003
conservative,16.90771737867323
conservative,18.620141587663657
conservative,18.463268400524544
conservative,19.240663062819642
conservative,19.59095601125292
conservative,18.138706604236003
conservative,16.668808841730197
conservative,19.599675582297206
conservative,16.859741728673008
conservative,18.14600284781491
conservative,17.57250005748014
conservative,17.407128758489343
conservative,18.566319341786947
conservative,18.05510544924191
conservative,18.317634623712255
conservative,17.04641551152935
conservative,17.651655282856936
conservative,17.089253996308567
conservative,17.627680927610392
conservative,17.704821137918554
conservative,19.675414270393937
conservative,17.5699638438273
conservative,15.874008802936746
conservative,19.20623100611973
conservative,18.254794861035933
conservative,17.693034629765602
conservative,17.400892126076602
conservative,16.925178704991392
conservative,19.774769667646623
conservative,17.869302009345184
conservative,16.212540925376135
conservative,18.136041400511466
conservative,19.012287560194657
conservative,17.96995339982615
conservative,16.96695872633981
conservative,16.884587702206833
conservative,16.952453904699798
conservative,19.33727444217044
conservative,17.750216629258652
conservative,16.264686960200947
conservative,18.191054804391623
conservative,17.95509961777216
conservative,17.389843814265568
conservative,16.857672396477998
conservative,16.817846318378695
conservative,18.890589320122544
conservative,18.058066327115203
conservative,18.283627553148172
conservative,18.05539558513232
conservative,18.135991404913153
conservative,17.3714148720094
conservative,17.621205084357534
conservative,18.970193165789613
conservative,19.226361025654178
conservative,16.673757279146724
conservative,17.618877537268993
conservative,18.641251913035248
conservative,19.71539055530815
conservative,19.60961573824125
conservative,17.06490038552375
conservative,19.082764317491172
conservative,17.875820440965324
conservative,18.84779657648336
conservative,18.590248061357045
conservative,16.635824992128974
conservative,18.353809501784898
conservative,18.808634333574
conservative,17.79999568382674
conservative,17.582456529847896
conservative,16.35969277815356
conservative,18.48603162674006
conservative,18.02051091807102
conservative,16.947969040078696
conservative,17.506593931139854
conservative,17.968089551726592
conservative,17.286379124269434
conservative,17.822105657616675
conservative,16.20180008785939
conservative,19.159165215991777
conservative,17.83485061228582
conservative,16.785442783433883
conservative,15.588012781879945
conservative,18.832330572864706
conservative,18.361813562707383
conservative,18.022385971111863
conservative,18.665662834421877
conservative,18.662906172282387
conservative,18.006666823175546
conservative,17.574907743231282
conservative,17.41989637457815
conservative,18.227052344940127
conservative,19.208232708453025
conservative,17.72009396625931
conservative,19.290392852290864
conservative,18.180329029486618
conservative,18.187691323663234
conservative,20.27735597074463
conservative,19.473876135995308
conservative,19.501026609361347
conservative,17.063178137495697
conservative,20.0466606345662
conservative,17.740035349068986
conservative,17.600462880289143
conservative,15.844970306953583
conservative,18.13462987472789
conservative,16.800056146445648
conservative,18.214635474993873
conservative,16.728740975016574
conservative,19.626207115558913
conservative,18.355386852192105
conservative,20.141345989887736
conservative,16.855272871126736
conservative,19.365887952766602
conservative,16.155343962152404
conservative,18.019859708508516
conservative,17.217904451337553
conservative,17.390731700552344
conservative,17.32603619133119
conservative,16.95485376753159
conservative,16.639694489840803
conservative,17.39596171682667
conservative,17.93100123689632
conservative,18.968952517852316
conservative,18.10452031787996
conservative,18.97185271915124
conservative,16.443103960168454
conservative,17.404910146658317
conservative,18.513245769856887
conservative,18.151097236906715
conservative,17.00429632352814
conservative,18.736404158167566
conservative,17.312119605079516
conservative,17.08197984219604
conservative,18.291784062081025
conservative,17.82548980699344
conservative,17.319992390116017
conservative,17.288040471199654
conservative,16.812448613205877
conservative,17.440172594180446
conservative,18.904167663770444
conservative,18.055193556760152
conservative,18.76110418087617
conservative,18.320416207913578
conservative,17.236057018443017
conservative,16.29088422501969
conservative,16.943664621012854
conservative,17.180853784961016
conservative,17.108737396157135
conservative,18.783718550476642
conservative,18.77319599074787
conservative,20.06789027526796
conservative,17.094658056186645
conservative,19.416175546707063
conservative,19.40972864124209
conservative,17.59589617631834
conservative,18.27863152536297
conservative,19.047620399468325
conservative,17.76251536479874
conservative,17.68785860407195
conservative,17.22191771873033
conservative,15.67279031387405
conservative,17.88718574891959
conservative,17.144795238804114
conservative,16.80737264781884
conservative,18.228275709430267
conservative,16.46715117871536
conservative,18.608032325600288
conservative,18.288494687875275
conservative,17.43595781040887
conservative,17.758280492156494
conservative,16.70268697300283
conservative,18.552401111237177
conservative,17.999827397316448
conservative,18.071976177116465
conservative,18.30647032656847
conservative,17.20780231141033
conservative,16.40657685441859
conservative,18.75981857397625
conservative,18.491097204145984
conservative,17.30827377357291
conservative,18.215473265124707
conservative,19.065270000829685
conservative,18.943500719046646
conservative,17.28081221729472
conservative,16.433639373038595
conservative,16.587708081608795
conservative,17.520034387006724
conservative,19.275722992236116
conservative,17.12748404086461
conservative,17.250983779058625
conservative,17.231685145768346
conservative,17.31168880644974
conservative,17.808638356655152
conservative,16.621275207988873
conservative,18.88828197329991
conservative,17.679753933730158
conservative,20.358181873218356
conservative,16.71782033289217
conservative,19.40826765811191
conservative,19.20236598944703
conservative,17.42506675029687
conservative,17.44082470816163
conservative,16.948785816192487
conservative,16.959367902961045
conservative,17.81892477710168
conservative,17.839435752756724
conservative,16.332400982251137
conservative,20.15610783118911
conservative,17.56984123345414
conservative,17.882518505612797
conservative,17.22294793272069
conservative,17.562684679007173
conservative,17.476122694170236
conservative,17.816672999173566
conservative,17.805382430060835
conservative,18.606819394942985
conservative,18.03839654527188
conservative,18.506562667404154
conservative,17.81000944458577
conservative,18.042303617011385
conservative,17.58724751950077
conservative,18.80602287193716
conservative,18.13105736063597
conservative,17.6670180482607
conservative,17.638381920229573
conservative,17.71399044168494
conservative,17.848776890883904
conservative,17.764991228900445
conservative,17.286185606535597
conservative,18.56691814930409
conservative,18.630031118097133
conservative,19.611614837384362
conservative,17.24413517879367
conservative,18.468982045625573
conservative,16.06207181182397
conservative,18.630998908807324
conservative,16.462431228158177
conservative,16.890781238062292
conservative,18.14041076786269
conservative,17.227386467466545
conservative,17.09964891924498
conservative,17.355909881819
conservative,18.53177204448488
conservative,16.93810325133795
conservative,17.767122300064322
conservative,17.456388880515878
conservative,18.621841842047527
conservative,18.64990174788334
conservative,16.126742785622433
conservative,18.84849801419684
conservative,17.237453940037966
conservative,18.047187559245845
conservative,16.932559983298308
conservative,18.1783588319475
conservative,20.437342701226378
conservative,17.94172912073782
conservative,17.37949031161597
conservative,17.595994264768144
conservative,16.45128768023632
conservative,19.261898854253626
conservative,18.12157602919865
conservative,16.83156987352898
conservative,16.861421392268348
conservative,17.834250192068573
conservative,18.734317377518515
conservative,16.73836616124392
conservative,18.91778050156347
conservative,17.730954961418284
conservative,16.9405418836044
conservative,17.37208011757505
conservative,19.574450390806035
conservative,16.52377003349025
conservative,17.124273158351883
conservative,18.75504781036843
conservative,18.0279728950946
conservative,17.069092941604147
conservative,18.767352710723582
conservative,18.815303051456674
conservative,18.13959760010347
conservative,17.235916066591628
conservative,17.380948679244472
conservative,18.09414430242256
conservative,16.592478319919906
conservative,19.136907544654985
conservative,19.523671265817306
conservative,17.59236511401385
conservative,18.163690569792223
conservative,18.991494192522715
conservative,19.793386546837063
conservative,19.37400743381907
conservative,16.21449351565986
conservative,17.516388358077624
conservative,18.305288383549748
conservative,17.347039419379502
conservative,19.61046620454292
conservative,19.449509651645013
conservative,17.046189447988564
conservative,17.662863861269134
conservative,17.10783372702716
conservative,17.63146066191096
conservative,17.60243326258084
conservative,18.756734722040772
conservative,16.979077896382616
conservative,15.455359732637605
conservative,16.33045722943166
conservative,16.850435401495517
conservative,17.19538320620782
conservative,17.999643883562943
conservative,16.80330947742587
conservative,16.683728712309964
conservative,16.941275258667886
conservative,16.77056752884111
conservative,17.29027317487081
conservative,17.25008364492877
conservative,18.4914333137
conservative,16.886006476848873
conservative,17.476390181163918
conservative,17.299180457954975
conservative,18.61083629982583
conservative,17.67066438305815
conservative,18.854156104158285
conservative,16.737109580008703
conservative,17.77174829514439
conservative,17.270166378771567
conservative,16.670171544582395
conservative,17.75422504803521
conservative,19.558022935352938
conservative,17.011942606940252
conservative,17.696455255011152
conservative,16.59220524984515
conservative,16.46006215819134
conservative,17.07279580126649
conservative,17.388815450549423
conservative,17.430848449845826
conservative,17.601866035519766
conservative,16.29160089650125
conservative,17.223220692273628
conservative,18.30634063141481
conservative,16.550728314986724
conservative,17.478719420966854
conservative,18.102083196778413
conservative,17.07742530842071
conservative,18.149472861202693
conservative,16.404731256339858
conservative,18.690546571393984
conservative,18.173152011498896
conservative,17.872968663854696
conservative,18.929378243318244
conservative,17.503253913440805
conservative,17.230799625317626
conservative,19.182980061172916
conservative,19.67167393732551
conservative,17.160122478037774
conservative,17.70965318540457
conservative,18.848430301791375
conservative,17.743963125857984
conservative,18.397843450733102
conservative,18.582385928609806
conservative,17.2829307242819
conservative,18.2254201537352
conservative,17.813513234886127
conservative,16.678495222135894
conservative,16.885893274249256
conservative,17.198445640995097
conservative,18.73082009647267
conservative,18.763890018970386
conservative,18.55197691088583
conservative,18.245827265470872
conservative,18.219109194661282
conservative,18.087230869256228
conservative,18.21399297796108
conservative,18.280405794245436
conservative,16.509207375348566
conservative,17.070015379056716
conservative,16.84986718466443
conservative,18.91141539752723
conservative,19.475363904556772
conservative,15.836523696132586
conservative,19.38216281191099
conservative,17.902802032215867
conservative,18.815731689945363
conservative,18.310970954284585
conservative,19.253034118572874
conservative,18.021472996332157
conservative,16.546039020694245
conservative,17.71742376584782
conservative,18.320010323226487
conservative,17.611500444967742
conservative,18.460346571394076
conservative,17.755975836539392
conservative,17.251751671443376
conservative,16.797658232993474
conservative,17.443902638784216
conservative,18.0164691638271
conservative,16.01821414326077
conservative,17.079459836896465
conservative,15.985738677380464
conservative,17.231531696010517
conservative,19.003243547976894
conservative,16.706416503943878
conservative,18.50544611257366
conservative,20.766708943487863
conservative,19.266633691787895
conservative,17.947846551393514
conservative,18.66043625557588
conservative,16.54043423027528
conservative,16.35813474216162
conservative,17.84710357112515
conservative,18.205204111872153
conservative,18.898476365651327
conservative,17.276862728440406
conservative,18.005658621109333
conservative,17.97253695800736
conservative,17.692665547320114
conservative,17.74943414360978
conservative,17.010281306379692
conservative,18.089316544669156
conservative,18.007258579459076
conservative,17.398246352359592
conservative,18.468322901945427
conservative,18.831012091806713
conservative,18.47983551979848
conservative,16.83747980464111
conservative,17.91523237578449
conservative,16.957882840595598
conservative,17.912258723522775
conservative,16.96147537548079
conservative,19.084934949284165
conservative,18.585308594733675
conservative,18.958046987789338
conservative,18.855194646724165
conservative,17.55925659061902
conservative,17.41187689523092
conservative,19.567268379082286
conservative,17.66025223779504
conservative,16.554027688714392
conservative,18.810422905714866
conservative,17.957740815946202
conservative,19.32095598244165
conservative,18.05366078394745
conservative,17.800144495174774
conservative,19.341911485092858
conservative,16.389264160155474
conservative,17.26127372429019
conservative,16.980095256259332
conservative,15.814107433058851
conservative,18.67521888506849
conservative,17.28752352178077
conservative,18.70754022420348
conservative,18.195894142747942
conservative,18.41025317578175
conservative,17.38369462938061
conservative,17.094168153731147
conservative,17.905724565145526
conservative,18.721413196088026
conservative,17.77076720713181
conservative,17.15219336185706
conservative,16.69469682871363
conservative,18.016073782771286
conservative,17.290673915495372
conservative,17.750142770162192
conservative,17.589664090152837
conservative,17.394065994768766
conservative,18.10301634083481
conservative,18.358275836807085
conservative,19.803724956578588
conservative,18.56000526791292
conservative,19.41224736612797
conservative,17.043714190790958
conservative,16.33365425186269
conservative,17.805536985156742
conservative,18.660028087899658
conservative,18.50346020497353
conservative,19.01760947558849
conservative,15.522968044525935
conservative,19.06015311003177
conservative,18.143565050819358
conservative,16.38431937097653
conservative,18.525703887530696
conservative,17.98254991917859
conservative,18.188217185760166
conservative,18.80197981036948
conservative,18.23619153786178
conservative,16.447891686805075
conservative,17.681479310868703
conservative,16.31882155399517
conservative,18.45175198741305
conservative,19.209201592559292
conservative,16.65620823371768
conservative,17.180640807890928
conservative,16.98470741355963
conservative,17.38510713000087
conservative,18.218714708726075
conservative,17.395354135043213
conservative,18.455189690466433
conservative,18.869033311781045
conservative,18.90594473602443
conservative,16.76826256441982
conservative,19.196779036622885
conservative,19.279612187827045
conservative,19.369530624585327
conservative,17.667267834530538
conservative,17.10570483771173
conservative,16.890863836529366
conservative,16.78322772512709
conservative,17.83081036564139
conservative,18.649831725321217
conservative,19.115097285354977
conservative,17.355210467829668
conservative,17.782069087161915
conservative,17.71885657407733
conservative,17.214480530764288
conservative,18.53786848025789
conservative,18.17027049615585
conservative,17.95585792009926
conservative,18.165837784918754
conservative,18.4184711259156
conservative,18.408566828283654
conservative,17.02528811790078
conservative,18.698458628727018
conservative,18.06568422587454
conservative,17.403351654387336
conservative,18.045188613153936
conservative,18.152351638943518
conservative,18.885668084883104
conservative,16.83408049893847
conservative,19.1340285584512
conservative,17.841802565947273
conservative,17.33578387730376
conservative,17.30695679840289
conservative,16.875137614527034
conservative,16.209750670833714
conservative,18.47985892977518
conservative,19.820339991271037
conservative,16.318848028919447
conservative,16.92195513184094
conservative,18.553641412130155
conservative,17.775352434694216
conservative,18.63638000063562
conservative,17.72123342243235
conservative,17.26571869567121
conservative,17.602041087277687
conservative,15.653994933778968
conservative,16.745200789214532
conservative,18.75071195654631
conservative,18.99771643506467
conservative,19.217661528989563
conservative,18.24657072472017
conservative,15.761712439732095
conservative,17.214736773296128
conservative,19.133690701780292
conservative,19.44290554578968
conservative,19.172783590737108
conservative,17.592080433025032
conservative,16.59731051315134
conservative,17.780190390639728
conservative,17.833794927813386
conservative,19.382944049507486
conservative,18.03895006848151
conservative,17.835589923050883
conservative,17.890090374726892
conservative,18.206424671893483
conservative,18.429345500253522
conservative,17.13112447362467
conservative,16.823586684587728
conservative,19.180933679891368
conservative,16.298064441954722
conservative,19.45826048003281
conservative,16.060724860590554
conservative,17.262044547798382
conservative,18.774472230376723
conservative,17.819843053384524
conservative,16.588374285378407
conservative,18.232423794911938
conservative,17.883855414891705
conservative,17.61141695650179
conservative,17.22511642269638
conservative,17.786016238730962
conservative,17.264503687250897
conservative,20.309443634130417
conservative,17.58847974919158
conservative,17.461039964285707
conservative,17.30236650919055
conservative,19.604339120533552
conservative,16.299815137125155
conservative,18.166937353447704
conservative,17.589175193526238
conservative,16.492173032793474
conservative,17.043273024861705
conservative,18.125538472816025
conservative,17.00132052088101
conservative,18.069757552980466
conservative,19.554056919425985
conservative,17.9836297521598
conservative,16.46518037757271
conservative,17.01759886273365
conservative,17.545126026716307
conservative,17.481485881513564
conservative,17.965687526847017
conservative,18.1211476412627
conservative,19.5555012937552
conservative,17.815908507701554
conservative,16.737269556810336
conservative,18.95887888759003
conservative,19.070444204607323
conservative,18.04345725393809
conservative,17.58238199160851
conservative,18.425491636464546
conservative,17.616175297325363
conservative,15.934489074500975
conservative,18.367122943782675
conservative,18.69436401816421
conservative,19.253750095775
conservative,17.125329725170236
conservative,18.037374897604927
conservative,18.05834437984659
conservative,17.901514891990878
conservative,17.929872336324603
conservative,17.855192555708477
conservative,18.02341554127327
conservative,18.542779624205785
conservative,19.02671043076771
conservative,17.101528507488236
conservative,17.65335758957392
conservative,17.414719064978943
conservative,17.279765849053135
conservative,16.320254250052447
conservative,17.842814489787497
conservative,18.28429209419916
conservative,17.669876105294364
conservative,17.810835354888667
conservative,18.224600143907264
conservative,19.22277662392689
conservative,17.417412021638896
conservative,16.719601668025007
conservative,17.732105481957337
conservative,19.716960060169942
conservative,16.72934568505655
conservative,18.45281626294897
conservative,18.96306234136211
conservative,15.668103885990735
conservative,18.216561513641
conservative,18.40656334242298
conservative,17.562373691850514
conservative,17.204037946027164
conservative,17.256299458981434
conservative,17.503996819400953
conservative,17.529210701610904
conservative,17.350284908384644
conservative,17.488863648724152
conservative,18.996585650387548
conservative,16.680708743378304
conservative,16.202570684856525
conservative,19.012914079701858
conservative,17.634443003468352
conservative,17.44730163766408
conservative,17.712085705215156
conservative,18.021022243778592
conservative,17.318919771338315
conservative,18.310443788103196
conservative,16.911066708460456
conservative,17.529467911437248
conservative,15.797236323016255
conservative,18.97765980571691
conservative,17.649723666347942
conservative,18.47261851570699
conservative,18.281595815323595
conservative,18.353651601106154
conservative,17.81198033595346
conservative,18.195054592418288
conservative,16.911966397410318
conservative,16.719995954821723
conservative,17.721825595128024
conservative,17.172875975494645
conservative,19.237596355813913
conservative,18.182274135008804
conservative,17.138631415179756
conservative,17.558358444217408
conservative,17.947358069743384
conservative,17.753750212935472
conservative,18.081583635304987
conservative,17.885440364713162
conservative,16.521573958682062
conservative,15.852165746389266
conservative,17.461180397871846
conservative,18.364181804452105
conservative,17.471855618945998
conservative,19.043354724229506
conservative,17.774144637341937
conservative,19.16716901846842
conservative,18.95694113835654
conservative,18.85475382211851
conservative,16.69061689440385
conservative,17.836030030846587
conservative,19.029251607439818
conservative,18.082165030966145
conservative,18.358133671131032
conservative,16.524063083938557
conservative,19.754317637589686
conservative,17.06896893752821
conservative,15.98771049046318
conservative,17.48254044686074
conservative,15.598386573651226
conservative,16.79843779198277
conservative,20.445211437366062
conservative,17.455074762231853
conservative,16.488237747830514
conservative,17.843844995509432
conservative,16.97045613169816
conservative,18.66653635426952
conservative,16.9780805198893
conservative,18.080600601205816
conservative,16.74194530020003
conservative,20.489777731596057
conservative,18.308174697170227
conservative,17.679095746297165
conservative,17.537922417719432
conservative,17.29111353857458
conservative,17.09726847326865
conservative,17.071733276973635
conservative,19.500732826081823
conservative,17.292040701527014
conservative,15.870709157828676
conservative,16.724735519750833
conservative,18.73001998401816
conservative,17.57671408460309
conservative,17.690080455556885
conservative,18.97519006013918
conservative,17.082162826943637
conservative,18.43526358198539
conservative,17.18398653689058
conservative,18.379362170875517
conservative,17.444547776316607
conservative,17.587014676129424
conservative,18.622084796433775
conservative,18.550095503109276
conservative,17.659956171930876
conservative,17.36836496893912
conservative,19.417948276188266
conservative,18.392648658794734
conservative,17.444541555732577
conservative,17.197821414622865
conservative,18.828044293068782
conservative,17.930396207778287
conservative,17.661756628207364
conservative,17.929987054012607
conservative,18.145839783817408
conservative,17.76467438081047
conservative,19.009749812762315
conservative,19.066668156849293
conservative,18.335989232565343
conservative,19.185221405783206
conservative,17.827745528708025
conservative,18.49269891998709
conservative,18.807381250194954
conservative,18.822119141517067
conservative,18.718226521251207
conservative,18.434047137589953
conservative,19.79505349572751
conservative,17.30419226250801
conservative,17.669759822419042
conservative,17.61288959248231
conservative,17.466443018066432
conservative,15.992628758935878
conservative,19.18537169854112
conservative,16.852507822685105
conservative,17.982870870097187
conservative,16.493553702489265
conservative,18.423679966544814
conservative,17.07451943122262
conservative,16.75205354917697
conservative,18.006575335276203
conservative,17.15331435319912
conservative,17.271792982823072
conservative,17.98477806983676
conservative,18.60194576147142
conservative,17.04389946700816
conservative,16.884479168026118
conservative,17.842106597443617
conservative,18.343243454695116
conservative,19.27617664712048
conservative,16.81104704197356
conservative,17.514089863668154
conservative,18.981278218808722
conservative,19.812043352660748
conservative,16.882735812305974
conservative,17.117830959827383
conservative,18.18809097281907
conservative,17.268427048390286
conservative,17.09883222658445
conservative,18.055116122437475
conservative,19.366138402730698
conservative,16.594686780373063
conservative,19.31305814947956
conservative,17.271219944086003
conservative,18.153633158257183
conservative,19.409294324039436
conservative,18.1336878543403
conservative,17.533600432313555
conservative,18.52037776205689
conservative,17.65252749083297
conservative,18.325614909294266
conservative,17.62230536617911
conservative,18.663161308987167
conservative,16.518361414502056
conservative,16.863986324678123
conservative,16.505161036898755
conservative,17.76492523289074
conservative,16.39722611482914
conservative,17.16162138968728
conservative,16.777999092488958
conservative,19.29370834619365
conservative,16.88494946389878
conservative,16.6154036338391
conservative,18.0588671074221
conservative,19.509632627694835
conservative,17.707415735667077
conservative,17.782039078449046
conservative,19.098877936916633
conservative,18.68028844001402
conservative,18.231431684527053
conservative,17.264110208028537
conservative,18.26136362304648
conservative,16.54844261714825
conservative,17.22534755024904
conservative,19.243796977349987
conservative,19.11040921777833
conservative,18.243254055146217
conservative,16.04441440980466
conservative,16.686341585898532
conservative,17.173159835970694
conservative,17.65393573511078
conservative,16.64809329571391
conservative,17.582459114646113
conservative,19.594171138623835
conservative,18.207380090059164
conservative,18.030267271768604
conservative,16.86028689630247
conservative,16.299887930589218
conservative,16.668221868687493
conservative,16.26409878818764
conservative,17.891570103408576
conservative,18.19081238963071
conservative,16.90828249984223
conservative,17.961737442891334
conservative,19.28263855187614
conservative,19.795658957644783
conservative,18.572413928812598
conservative,17.650920571345118
conservative,18.540213309481594
conservative,19.161623627680054
conservative,15.976577268936524
conservative,19.296188801568576
conservative,17.29959048168663
conservative,17.308646351984766
conservative,17.47892634779859
conservative,18.12858582757524
conservative,16.774581292382734
conservative,17.54569051999406
conservative,18.329479736123663
conservative,18.0300199835193
conservative,18.187812006779307
conservative,17.50837532767471
conservative,18.496055531772402
conservative,18.8599497303558
conservative,18.7992834584428
conservative,18.23358137227879
conservative,18.741259677428605
conservative,18.673096482317643
conservative,20.57527436714457
conservative,19.024440947924095
conservative,17.733740674601663
conservative,16.95765437077758
conservative,17.568290416945185
conservative,17.500935830685982
conservative,18.315845175114436
conservative,17.153760567099162
conservative,18.997999470701963
conservative,16.52255695010644
conservative,16.305616967395192
conservative,17.689085562270748
conservative,17.021520874526868
conservative,16.641010958478653
conservative,17.212805198722815
conservative,17.09673630633743
conservative,17.82932040843664
conservative,17.22834979332289
conservative,17.30472056466496
conservative,17.814798448814294
conservative,18.81726985812225
conservative,19.284453284199543
conservative,17.961591035744725
conservative,18.036772181294012
conservative,17.642912130232816
conservative,18.286185817448533
conservative,18.197001294030297
conservative,19.134916028229956
conservative,16.079937720317606
conservative,17.593758962337393
conservative,18.147197398438866
conservative,17.79406553154071
conservative,16.932316595538996
conservative,16.603820272086725
conservative,18.608274747552056
conservative,17.100976603872834
conservative,16.19742180232778
conservative,18.658570362524507
conservative,18.26433079321149
conservative,17.707601532368116
conservative,16.955005541739094
conservative,17.709943780100375
conservative,19.021907052588656
conservative,16.321437011722203
conservative,16.366534779568628
conservative,17.22151697586284
conservative,17.7937175173462
conservative,17.34508256046961
conservative,18.44556338695302
conservative,18.89282212070119
conservative,18.088404673772438
conservative,18.36412226666989
conservative,18.081926938980946
conservative,17.828720812640718
conservative,16.60906661088858
conservative,16.85071942467936
conservative,16.557325675624465
conservative,17.676213243057212
conservative,18.043297303046145
conservative,16.46898749045732
conservative,17.889225622199607
conservative,16.991316116031918
conservative,16.81299495096768
conservative,17.223779666110744
conservative,16.76616919838306
conservative,18.409775224557812
conservative,17.657482454186283
conservative,18.61716443590641
conservative,17.39495001930179
conservative,17.430750804244678
conservative,19.706179560514457
conservative,16.314014749396883
conservative,19.09243938147711
conservative,19.47580750313248
conservative,18.567832644319875
conservative,17.502186659295674
conservative,19.23908252726108
conservative,17.5104768804984
conservative,17.14860323892848
conservative,17.447267434935256
conservative,17.275517782279188
conservative,16.925457191310386
conservative,18.914324008998587
conservative,17.08561738776875
conservative,17.79081228556806
conservative,16.47390701370443
conservative,17.84912843940623
conservative,16.73387278536835
conservative,16.711533760089537
conservative,17.713943664206294
conservative,18.860513186761445
conservative,18.246124182180985
conservative,18.313580551522424
conservative,17.694086356744258
conservative,17.49726736304732
conservative,18.593106141123748
conservative,17.282110654984173
conservative,18.63639492861311
conservative,19.042723340232104
conservative,17.022606095875446
conservative,17.159182031232472
conservative,17.298547532245525
conservative,16.45313787639334
conservative,17.370462661273525
conservative,19.10985180222986
conservative,16.83461163028288
conservative,19.134246230696093
conservative,17.404460551381202
conservative,19.962655887401155
conservative,17.17097403629499
conservative,17.680560579924137
conservative,16.959034343901504
conservative,17.165477031364848
conservative,19.147596841917387
conservative,18.279594917944475
conservative,18.832009721058313
conservative,16.589175118312188
conservative,18.457468055698218
conservative,16.90262479998839
conservative,16.56957892246664
conservative,18.049585552913648
conservative,18.03967380272663
conservative,17.87074237237948
conservative,18.519763775375377
conservative,18.67561000975989
conservative,19.283400542702907
conservative,16.702576223852557
conservative,19.31687914312466
conservative,19.715636066321398
conservative,17.468187913336088
conservative,16.273743791483124
conservative,16.528008053296755
conservative,17.377596849137127
conservative,19.855788804027412
conservative,17.835971921423432
conservative,17.231429310528952
conservative,17.167622811063502
conservative,16.582739761284667
conservative,18.676622958611553
conservative,17.730535425547473
conservative,19.947422919977985
conservative,18.431096984160337
conservative,18.63189286816305
conservative,17.586483332568896
conservative,16.793043264560247
conservative,16.992827384580867
conservative,16.540826391311775
conservative,18.712592233435878
conservative,17.45044890385208
conservative,18.754964145263944
conservative,17.950160977101657
conservative,17.538055823157816
conservative,16.72142902641161
conservative,18.110629878587993
conservative,17.608942050444686
conservative,18.704340774250365
conservative,17.139629395160693
conservative,18.419120631578657
conservative,19.461502647143988
conservative,18.08237012409273
conservative,18.587265352109288
conservative,18.375427318688217
conservative,19.732359747507086
conservative,18.1787745728705
conservative,18.502264738519912
conservative,17.78440137961887
conservative,17.084743811491816
conservative,16.686383193057413
conservative,19.074439666090274
conservative,16.868721847429025
conservative,18.54794309971691
conservative,18.222231265941897
conservative,18.720022593540214
conservative,17.327717466030016
conservative,17.069567213278816
conservative,18.185426080149366
conservative,17.53851040100847
conservative,16.66565455486915
conservative,19.77527698125531
conservative,17.068937595673592
conservative,16.882238407477992
conservative,17.58645374924629
conservative,19.060031951044238
conservative,15.838516860149344
conservative,18.975260562351703
conservative,16.957844161512316
conservative,18.07457293120648
conservative,17.176396563911243
conservative,19.83209099388048
conservative,17.9392766209262
conservative,17.146452873961735
conservative,17.530168354746035
conservative,17.90560551964632
conservative,17.990465018746523
conservative,18.24450610496534
conservative,17.818151065386214
conservative,16.533705931974453
conservative,17.492865340461343
conservative,18.409774489747225
conservative,17.182117974468703
conservative,18.47527505260947
conservative,17.849998288315753
conservative,17.609796934542718
conservative,19.00000679485983
conservative,16.212205494527012
conservative,17.177037415435453
conservative,19.03912451089909
conservative,19.660349977077598
conservative,20.147972015031584
conservative,17.867872835636614
conservative,18.26326596678411
conservative,18.61937838635894
conservative,19.08279420524641
conservative,18.12177927221772
conservative,18.72843471630513
conservative,18.26510665478228
conservative,18.32647409540271
conservative,16.951485560946885
conservative,17.50338272173749
conservative,17.320127202446518
conservative,16.703891356157328
conservative,16.288700683322855
conservative,17.41375378659674
conservative,17.56567125036526
conservative,17.92042016125679
conservative,18.359492409298436
conservative,18.00056015719383
conservative,17.572330699089157
conservative,16.95447558371367
conservative,18.67912425498709
conservative,17.721135439446286
conservative,17.404133727394008
conservative,17.639778187491242
conservative,17.123480303907037
conservative,17.312683763818516
conservative,17.28278623659548
conservative,17.543283305439527
conservative,18.458386610941567
conservative,18.213518547732093
conservative,19.363347483927335
conservative,19.01796452252355
conservative,19.79430221563579
conservative,18.362865828244423
conservative,18.347039576190582
conservative,17.35345646270874
conservative,18.627968660954675
conservative,17.194985471103582
conservative,16.450011963165693
conservative,19.342122004083393
conservative,16.649206754553376
conservative,18.24459361566045
conservative,16.98659002882109
conservative,18.931259163424155
conservative,19.07036778599548
conservative,18.33332021784136
conservative,19.053383785745222
conservative,17.826621518026425
conservative,20.09194720969437
conservative,18.548242718003095
conservative,16.967920199303908
conservative,17.88635494248345
conservative,17.67237200764276
conservative,17.57853001307811
conservative,16.283797531479234
conservative,18.193722834665223
conservative,16.525981631492634
conservative,15.532380088882164
conservative,17.489302627785055
conservative,17.10193658279868
conservative,17.00396164829951
conservative,15.051606659818967
conservative,17.013854108931092
conservative,17.652070956228968
conservative,17.215534945484332
conservative,18.194191024908058
conservative,19.203722888083963
conservative,18.320710328619434
conservative,18.829558221920767
conservative,18.913428724535922
conservative,16.859089922866676
conservative,18.244851235886436
conservative,18.7979889068624
conservative,17.402079551401343
conservative,17.06966307519987
conservative,18.334530100239014
conservative,16.440016515855206
conservative,16.795807145197482
conservative,17.18503955671511
conservative,18.256025209327706
conservative,18.030350443712916
conservative,18.835604473334854
conservative,16.948258341606074
conservative,16.89892075979809
conservative,18.32813573166277
conservative,17.062200787856266
conservative,17.244253142440293
conservative,16.10790472461115
conservative,18.10014107757595
conservative,19.357681741394053
conservative,16.849530584882046
conservative,18.8248142295109
conservative,17.762057650603175
conservative,16.18815929484096
conservative,16.973296210866685
conservative,16.916397724085165
conservative,17.515460608388885
conservative,18.225654715374528
conservative,19.680297632795988
conservative,16.485225621350065
conservative,17.35594633582302
conservative,16.97213866946154
conservative,16.632191892224412
conservative,17.911193820431947
conservative,17.82094572083057
conservative,16.145599562730297
conservative,17.83699733320471
conservative,16.688906276306696
conservative,17.830941849666075
conservative,19.077075865901303
conservative,18.268338535703336
conservative,17.990310901918726
conservative,17.314480286274545
conservative,17.883724135348608
conservative,18.36690585150817
conservative,18.26941627916364
conservative,17.723644053801888
conservative,18.02886296345791
conservative,16.58829757345006
conservative,17.121997460850363
conservative,18.50982018437692
conservative,18.64400334353853
conservative,17.90941527982895
conservative,19.292971887734918
conservative,18.312497642699466
conservative,17.59506980222609
conservative,16.6758789450059
conservative,19.25131528333818
conservative,18.572321257968166
conservative,19.626852055575082
conservative,20.019387623856527
conservative,16.615047001614773
conservative,16.617402882700727
conservative,15.249437210206573
conservative,18.720602611526665
conservative,18.459108130687273
conservative,17.91343643216557
conservative,16.670092537607633
conservative,17.733461494653053
conservative,17.997257428839912
conservative,18.584703831715153
conservative,18.08278868875893
conservative,18.466365853409375
conservative,17.699653906422455
conservative,18.987087120002574
conservative,18.434582690942676
conservative,16.705674396595704
conservative,19.200173872504507
conservative,19.03211219580953
conservative,18.270700172507688
conservative,18.090298086757084
conservative,19.480085158844673
conservative,16.30491822598935
conservative,19.04812311349532
conservative,17.364037060614205
conservative,18.89926130828568
conservative,17.935188154305855
conservative,16.6548728079372
conservative,17.344867596629495
conservative,18.824839977084252
conservative,17.6170104843728
conservative,17.227399227839925
conservative,17.221136065029487
conservative,18.444999505488006
conservative,19.57663931564483
conservative,15.860811961453877
conservative,20.71304793140877
conservative,18.015670523127916
conservative,18.383654428331123
conservative,17.40179447134739
conservative,17.816106631135934
conservative,18.004805296456187
conservative,16.831388535098597
conservative,17.055693133760546
conservative,18.990234746814814
conservative,16.376893382580207
conservative,18.246737088142403
conservative,17.464116513266816
conservative,16.912497372348383
conservative,19.810805646570323
conservative,16.91820548721077
conservative,16.75739374048721
conservative,17.639280971650486
conservative,17.09016141206642
conservative,17.82569457943291
conservative,17.968954226653054
conservative,18.045603767652594
conservative,17.699884892252836
conservative,17.151983133891495
conservative,18.446144440763582
conservative,17.711627659845966
conservative,17.345718836742574
conservative,19.29403742602582
conservative,17.702366873097453
conservative,18.89602205678387
conservative,19.033407585878045
conservative,19.09571325300258
conservative,18.493520201114666
conservative,17.81889808988261
conservative,17.75757429537202
conservative,17.584556356096922
conservative,15.83837842896387
conservative,18.521005669918992
conservative,18.05511123534305
conservative,18.62747773926164
conservative,17.706516083047497
conservative,18.467381431412562
conservative,16.533395970417054
conservative,16.721735738999772
conservative,15.574019866641846
conservative,17.689823076719854
conservative,17.08647482294887
conservative,16.965308521002694
conservative,18.142775527920843
conservative,17.41197398927718
conservative,16.483481341571956
conservative,20.430114571421214
conservative,17.78369110122313
conservative,16.80023058802302
conservative,17.182162213693235
conservative,17.65254979015516
conservative,17.650531452539365
conservative,19.11058538182887
conservative,17.74272352444655
conservative,19.686945140868257
conservative,17.405427338985234
conservative,18.232431517342356
conservative,18.8250939221614
conservative,19.001036108491604
conservative,19.12055486762529
conservative,17.557908491764422
conservative,17.814194519292293
conservative,15.571298691808838
conservative,17.630615532094506
conservative,18.895278600788217
conservative,18.69896880802948
conservative,17.73591698758366
conservative,19.5225492580983
conservative,17.45131231738429
conservative,17.13894977222044
conservative,17.371634900938602
conservative,16.76435590794617
conservative,18.42534183001647
conservative,18.097843003245302
conservative,18.413058727177617
conservative,17.42252083178225
conservative,17.763337848908833
conservative,15.82845078394411
conservative,18.183329916893168
conservative,17.9144585565028
conservative,16.784370853375712
conservative,17.718403811300874
conservative,17.571434374788222
conservative,19.591030597846213
conservative,16.820378380476118
conservative,18.13963219530417
conservative,16.793282557751017
conservative,17.287095760416886
conservative,18.08651059505406
conservative,17.615904062365797
conservative,17.813708715023957
conservative,18.14089477227932
conservative,17.347537229478792
conservative,18.686226887426304
conservative,17.525985852194424
conservative,17.72524694964133
conservative,18.168770651321207
conservative,18.03818367475702
conservative,18.446961739264392
conservative,18.125548604268197
conservative,18.274189967419165
conservative,17.50703894124584
conservative,16.813386566478403
conservative,16.488370729528246
conservative,16.271779838077418
conservative,19.589362036162964
conservative,15.798889271254119
conservative,18.999577704315104
conservative,17.041611481284015
conservative,18.992146064668383
conservative,15.80768915468974
conservative,17.593188672108486
conservative,19.267137038344387
conservative,18.51543821826344
conservative,17.495721199192747
conservative,16.032526179046187
conservative,16.58295065704576
conservative,19.200098292746702
conservative,17.485282750867956
conservative,17.75006217147061
conservative,18.09303558212717
conservative,16.60068459460108
conservative,18.21369278066015
conservative,17.417553186325907
conservative,18.10291836222987
conservative,17.268138030666016
conservative,16.358400458662288
conservative,17.41020796549746
conservative,18.443543393809335
conservative,18.200755335627434
conservative,17.84924364238011
conservative,18.70026997809043
conservative,17.623346909782065
conservative,17.87355504185036
conservative,17.36067580087734
conservative,18.75911277753853
conservative,18.1008045908052
conservative,17.287956251523497
conservative,16.4333991653711
conservative,18.90919704281058
conservative,17.1129414137313
conservative,17.888715788576295
conservative,20.220217638185783
conservative,18.603464695302872
conservative,19.430473699323603
conservative,17.305670586285842
conservative,18.874707051713052
conservative,17.8451589121702
conservative,18.1733630205642
conservative,19.862938598764842
conservative,17.551576146558343
conservative,17.83805479755597
conservative,16.96546281581367
conservative,18.690565630027827
conservative,17.284507537538992
conservative,18.825832374731238
conservative,16.290200079862217
conservative,18.352492637326574
conservative,17.206606528742327
conservative,18.532659620150255
conservative,17.80638026779581
conservative,17.30829249264688
conservative,17.448888600157446
conservative,17.014274734580198
conservative,18.63975238927551
conservative,16.83180840401648
conservative,17.56261869270618
conservative,18.153094641095343
conservative,19.432921849155957
conservative,17.810505437123158
conservative,17.586095340401904
conservative,18.083417963173552
conservative,15.919102521183577
conservative,16.695034987122106
conservative,17.45951183842025
conservative,17.141905281887478
conservative,16.33375331068818
conservative,18.659778915698343
conservative,18.06994465909882
conservative,17.95435566756323
conservative,17.159606009077873
conservative,17.8957576141864
conservative,18.318823114379683
conservative,17.564703058382904
conservative,18.2501999428765
conservative,17.064619494747312
conservative,17.913153903687196
conservative,18.947365610704324
conservative,19.038706179133463
conservative,19.13670596108332
conservative,18.095011484897135
conservative,17.849898424905284
conservative,17.38994457005725
conservative,16.15114993063244
conservative,16.56274734479618
conservative,17.657433919151412
conservative,17.71490628665951
conservative,19.223916105086303
conservative,19.12356165915393
conservative,17.1666109183968
conservative,18.62027642276184
conservative,17.363223007925228
conservative,18.485037549353475
conservative,18.607970191848132
conservative,19.049011651891433
conservative,17.348524180147333
conservative,18.817332647363305
conservative,16.093845753829278
conservative,19.104479111907896
conservative,17.79529155096402
conservative,17.815900436268212
conservative,15.950339186684692
conservative,17.446890285045736
conservative,19.165401402946372
conservative,17.41084287907013
conservative,18.515690031806336
conservative,17.85271800076692
conservative,18.866285949275362
conservative,18.003826726955523
conservative,16.939097143677202
conservative,17.87372240917408
conservative,19.42010726114713
conservative,18.302296651635633
conservative,17.70705063265709
conservative,20.115248462147395
conservative,18.964389222635237
conservative,18.61868438955239
conservative,18.12591664136215
conservative,18.532416924669295
conservative,18.564755631927678
conservative,15.82466451821007
conservative,18.201611793977555
conservative,17.664394890047724
conservative,17.341796431088845
conservative,17.631164595523895
conservative,16.373773886221286
conservative,16.153676109261617
conservative,19.053524741705022
conservative,18.267445544065215
conservative,15.627675233968578
conservative,17.269702893125128
conservative,18.682618949499325
conservative,17.55027012502675
conservative,19.051992015081872
conservative,18.853199088862183
conservative,16.552109293050368
conservative,17.68119299156837
conservative,17.390606032845817
conservative,16.522848792900866
conservative,16.464498029698955
conservative,17.0553776651204
conservative,17.20919668148135
conservative,18.092738893941466
conservative,18.84759087679249
conservative,18.318031574094164
conservative,18.552434631250517
conservative,17.5630587521309
conservative,18.406157566255175
conservative,17.676338004238886
conservative,17.39686456868833
conservative,19.731309555848796
conservative,15.69802350361096
conservative,16.093416480663084
conservative,18.189653662833408
conservative,17.564620642458657
conservative,16.479990714420683
conservative,16.82634062913836
conservative,16.945921155116555
conservative,18.694449435024172
conservative,19.018660638366153
conservative,19.460158175703228
conservative,16.344261401570435
conservative,16.542737049635125
conservative,16.48120805198545
conservative,19.096928094908808
conservative,18.223413390878708
conservative,17.89653248558705
conservative,18.040730208586947
conservative,17.764588294586787
conservative,16.765562278197976
conservative,18.317567032315047
conservative,17.640081054681517
conservative,16.69351327826324
conservative,18.377791449739725
conservative,17.411708467064194
conservative,18.038651864011072
conservative,17.698837577154176
conservative,18.693487676354188
conservative,18.031561331961875
conservative,16.98347810973696
conservative,18.13045440868297
conservative,18.16230949982726
conservative,18.31575703780088
conservative,18.839149593009452
conservative,17.232555060270457
conservative,18.470467099303768
conservative,16.22395291835235
conservative,17.703644283231814
conservative,17.555380521298407
conservative,19.260741864923318
conservative,17.66868898608635
conservative,18.411090066808157
conservative,16.19136187189397
conservative,17.481939451322553
conservative,17.018002752862305
conservative,20.354218003553278
conservative,17.185001792063247
conservative,17.88988278106555
conservative,17.941160872982323
conservative,16.343846118372223
conservative,17.31705120720629
conservative,18.211224222662096
conservative,17.901841486866537
conservative,15.723726893318986
conservative,17.278526392698023
conservative,18.823922390020144
conservative,18.391554217962398
conservative,19.024406487289895
conservative,16.88957211515797
conservative,19.088796773392346
conservative,17.77654201755109
conservative,19.410724876348077
conservative,17.822713501358955
conservative,15.94162909667611
conservative,18.651236998627674
conservative,17.39493363100508
conservative,17.458692441384507
conservative,16.465553022442375
conservative,19.442012687642514
conservative,17.321698293891668
conservative,19.39280945552864
conservative,17.406543982410227
conservative,16.942843723276575
conservative,19.128421798324176
conservative,17.748604357619232
conservative,17.758027767267567
conservative,16.619850619549243
conservative,17.38159257537298
conservative,18.23464452675976
conservative,16.60398887919439
conservative,17.304764476228467
conservative,17.41676619880726
conservative,17.883314193725585
conservative,19.293587500085202
conservative,17.5312532980305
conservative,17.162863554027826
conservative,20.65267317892341
conservative,17.40470576956485
conservative,17.635746663582356
conservative,17.476152857738526
conservative,17.553367280449844
conservative,17.89418337357968
conservative,18.723050765811223
conservative,18.210462507607172
conservative,18.880912494306298
conservative,18.84740377520349
conservative,18.02032097735149
conservative,18.183414312761613
conservative,18.91303246609192
conservative,16.774621734298606
conservative,20.379063521397146
conservative,17.32972165617621
conservative,17.4826933222412
conservative,16.68300240099743
conservative,16.710020399225794
conservative,18.77667102812678
conservative,20.130873478005707
conservative,17.27829274782811
conservative,18.155119689566945
conservative,18.03156483897984
conservative,18.803126615925063
conservative,20.075262151286083
conservative,19.33656323554619
conservative,17.589778381912048
conservative,18.33291632995686
conservative,18.430946950881186
conservative,17.80005822454097
conservative,16.788563018050787
conservative,17.06209935370291
conservative,18.953121822597776
conservative,19.058444321417145
conservative,17.619539963107414
conservative,18.07120501270864
conservative,19.00319157232743
conservative,16.242099791389318
conservative,17.392248701445375
conservative,19.859768597122006
conservative,18.10836856235956
conservative,16.758201228326207
conservative,17.93220873134609
conservative,18.824543200291092
conservative,15.514533024438517
conservative,17.989121324961367
conservative,17.46231455955456
conservative,16.297216095857593
conservative,17.89819338032504
conservative,17.687773536942068
conservative,17.796187942333685
conservative,17.485264287972413
conservative,16.85681900138065
conservative,16.464024687194012
conservative,17.162686892202057
conservative,18.661255860618716
conservative,18.0440650427956
conservative,17.752620527543407
conservative,16.839929841579682
conservative,17.46088997077553
conservative,18.53927056222251
conservative,18.30931544067843
conservative,17.363100260976147
conservative,15.459858271371
conservative,17.177479508768
conservative,17.357912225896236
conservative,16.9618727444065
conservative,17.423653331555574
conservative,18.618500584201186
conservative,17.783414736873596
conservative,18.792474958755097
conservative,16.416117068293996
conservative,17.52638198968341
conservative,16.035976662890196
conservative,17.410960618422074
conservative,16.83453662913498
conservative,19.089128316901984
conservative,18.21606203777741
conservative,18.817864159349547
conservative,17.408338034068375
conservative,16.858303817303455
conservative,16.82913027342251
conservative,18.075460226746515
conservative,19.63935261723256
conservative,18.2186747211756
conservative,17.460080303601067
conservative,17.63755647872569
conservative,17.78921313239729
conservative,19.869130854042606
conservative,19.04033132049034
conservative,18.07014096073385
conservative,17.924939050022815
conservative,18.10841298241639
conservative,18.29898477265113
conservative,17.423632327050704
conservative,17.02011393639965
conservative,18.83545207467507
conservative,17.840668518814176
conservative,18.751163768799877
conservative,19.467056060749908
conservative,18.32489018696275
conservative,18.166074907606195
conservative,21.162679608763057
conservative,18.01883841321026
conservative,16.793484915755553
conservative,17.54911467031134
conservative,19.368494969647763
conservative,16.608516740667937
conservative,17.105130752642282
conservative,18.910685780247597
conservative,17.55828187262983
conservative,17.713021141882912
conservative,18.87713701862969
conservative,17.138314723545854
conservative,16.451670267359635
conservative,16.523165458427208
conservative,18.38519120634975
conservative,18.06933848175132
conservative,17.160935497110028
conservative,16.73126479372473
conservative,17.55928197431405
conservative,18.920939240578488
conservative,17.027762358573277
conservative,17.18884576311575
conservative,16.70241399632567
conservative,17.467064406966937
conservative,18.146114726343875
conservative,19.963871843435747
conservative,18.029255290619968
conservative,17.76758284938216
conservative,18.664949574007906
conservative,18.498544964087955
conservative,17.26850435874098
conservative,20.165375976602085
conservative,17.795904353318793
conservative,18.047268124078514
conservative,18.355164659637058
conservative,18.153711592484182
conservative,19.34116003743658
conservative,17.257006662534415
conservative,18.585359288363605
conservative,17.977804748768346
conservative,18.78543725677143
conservative,17.612434736512153
conservative,17.483215760929056
conservative,18.534208465767836
conservative,18.165533208568995
conservative,17.042144131151247
conservative,19.15524460991929
conservative,18.53464241497065
conservative,17.74776537698672
conservative,17.371569366128515
conservative,18.17152225793177
conservative,18.46307701396597
conservative,16.339759555482505
conservative,18.182798045802688
conservative,18.45521400613114
conservative,15.679264861961471
conservative,18.00836077371882
conservative,18.496948873095132
conservative,18.384300382275335
conservative,18.604402857765116
conservative,17.50495043343683
conservative,16.83980318498423
conservative,16.15795292271818
conservative,18.896262266614173
conservative,18.505352427426406
conservative,18.97383892725856
conservative,17.130561844093958
conservative,18.605790050863273
conservative,16.421200138530935
conservative,16.99660526350689
conservative,17.94058413893101
conservative,18.465777020124726
conservative,19.50144907441794
conservative,17.588434883951592
conservative,17.000066309480538
conservative,16.95261068917473
conservative,17.165341515460966
conservative,20.077756792721665
conservative,18.558914520777137
conservative,18.916888764775077
conservative,17.589466302367526
conservative,17.81791462103612
conservative,18.501574699676457
conservative,17.336118059662958
conservative,17.539496289153874
conservative,17.177613384626582
conservative,17.391170336083203
conservative,17.866551660991426
conservative,17.040831951793557
conservative,18.09541048317823
conservative,18.094052645292354
conservative,17.646690532524225
conservative,17.035504158724137
conservative,17.92034891849809
conservative,17.336961043551124
conservative,17.864263979952547
conservative,18.9022565791421
conservative,16.645803351454575
conservative,20.026530727931604
conservative,17.74938713148265
conservative,18.218143386395987
conservative,17.10486053500363
conservative,18.94707375963944
conservative,17.69821468358415
conservative,17.44171837801045
conservative,17.270519497558414
conservative,17.561269040976313
conservative,18.224512437100724
conservative,17.98576431888023
conservative,17.780936555323887
conservative,17.143348168522408
conservative,17.089589974338477
conservative,17.37852018181134
conservative,18.26559904017755
conservative,18.464837019031705
conservative,18.599003096065186
conservative,17.818090726440115
conservative,18.190495979736443
conservative,17.6570539944914
conservative,16.20853099194584
conservative,17.611533301566293
conservative,17.45954969332536
conservative,16.840592006216827
conservative,17.278147991213046
conservative,17.9493676374897
conservative,16.75452766425362
conservative,17.143941069879812
conservative,19.36455909160506
conservative,16.3320890703395
conservative,17.642916790112903
conservative,16.72442473252881
conservative,17.105896171283362
conservative,17.628959898123544
conservative,16.88780044365434
conservative,18.37744120294974
conservative,19.16094487184558
conservative,18.643648009664247
conservative,18.827756660765846
conservative,16.531391778204082
conservative,17.585559454463354
conservative,18.272610223838942
conservative,18.673227209314184
conservative,19.579498397434055
conservative,18.87274336616335
conservative,18.698619410666435
conservative,20.527877678262787
conservative,17.912022408192737
conservative,17.54164170381734
conservative,17.99015709810892
conservative,16.954543413314017
conservative,17.884459952519634
conservative,16.222156884016112
conservative,17.31377105807543
conservative,17.708121644791778
conservative,18.752077732767415
conservative,18.915424152212587
conservative,16.90982095901401
conservative,19.92193300009844
conservative,17.962175519992286
conservative,18.05082524747224
conservative,16.318778662512894
conservative,17.228737105546667
conservative,18.853272020861812
conservative,17.982835671908937
conservative,17.92309354396682
conservative,18.03835027094867
conservative,16.474415656526066
conservative,17.726159533099032
conservative,19.219896202269783
conservative,18.890664218438
conservative,17.698625602244473
conservative,19.380969538361956
conservative,16.640228322900597
conservative,16.90239098049796
conservative,19.695847722726747
conservative,18.381431887856237
conservative,17.54180489768159
conservative,17.765998213576413
conservative,17.054812273204764
conservative,18.08629072712196
conservative,18.009520206102877
conservative,17.838658556163537
conservative,16.730386996927518
conservative,18.07479704267411
conservative,17.313778217394674
conservative,16.889269053660453
conservative,19.074253604483314
conservative,20.022479484521195
conservative,19.779628256972792
conservative,18.45280344564658
conservative,17.564045013694145
conservative,17.75147944779255
conservative,18.21204168596302
conservative,17.41695436733129
conservative,19.127682825966872
conservative,15.951822440517963
conservative,17.535283690801776
conservative,18.603026965476005
conservative,17.019113625236375
conservative,17.588353762125486
conservative,18.396909556966897
conservative,19.333753994153543
conservative,16.608723684472775
conservative,16.541881347297007
conservative,16.926003015649002
conservative,16.390093780512153
conservative,16.453660727772007
conservative,16.901505244312073
conservative,19.04021367197846
conservative,17.519700198349845
conservative,17.849669470596144
conservative,16.91732061855997
conservative,18.436371995375982
conservative,19.70870123142257
conservative,16.97984877003778
conservative,19.549429620369576
conservative,18.171808688751195
conservative,17.835764551858325
conservative,18.20668380310087
conservative,18.197301471520895
conservative,19.688951096740443
conservative,18.324502400021778
conservative,18.345070738991193
conservative,17.4157686056712
conservative,18.64104341628284
conservative,16.916048443159028
conservative,17.924238287319287
conservative,20.805204517195506
conservative,15.550325133728336
conservative,18.044139372989903
conservative,18.08146408227824
conservative,17.599890743013024
conservative,17.622460338071686
conservative,17.907310209505074
conservative,17.577020658974607
conservative,18.033320750020287
conservative,17.353272520605298
conservative,19.864594174233133
conservative,17.577010654657354
conservative,18.37317832284742
conservative,17.18290914769368
conservative,18.73547233690553
conservative,18.535596600890837
conservative,18.225406031811545
conservative,16.851320976160448
conservative,17.10518337004261
conservative,19.508953213031276
conservative,17.094888116456392
conservative,18.443666782031485
conservative,16.92725396908658
conservative,18.811349016900635
conservative,17.16669380321243
conservative,16.91021567107629
conservative,17.14248948938731
conservative,17.29092302665217
conservative,18.211133105657005
conservative,17.88614073864645
conservative,16.789275327216146
conservative,17.792456691526933
conservative,16.745185249599153
conservative,18.446297341589386
conservative,18.628857221023438
conservative,17.79632622007039
conservative,18.081493683115035
conservative,19.57820565873031
conservative,17.667471315882768
conservative,16.927634541725517
conservative,18.382638511544727
conservative,16.755068089961973
conservative,17.616664614504188
conservative,17.248486526772243
conservative,17.152302020613888
conservative,17.578851607743076
conservative,18.7020374708966
conservative,18.90991574484559
conservative,18.728491999465312
conservative,18.14443375047198
conservative,17.571561198154086
conservative,15.674678276395545
conservative,18.174967791197343
conservative,15.741773033491036
conservative,16.04964107823414
conservative,17.663567206006014
conservative,18.07462341288452
conservative,17.38777358173008
conservative,19.35169287496166
conservative,18.2673904415729
conservative,17.57950127929848
conservative,19.197171977046438
conservative,19.38247389982328
conservative,18.31696286977997
conservative,17.083936299520886
conservative,17.294244525317055
conservative,16.47124853731213
conservative,17.778464645450605
conservative,16.83052304774067
conservative,17.503514967097413
conservative,18.070763336928348
conservative,15.99703525854982
conservative,16.63602657831714
conservative,17.335128904143044
conservative,17.768694510045233
conservative,17.34734740646683
conservative,17.559334671310328
conservative,17.148228708734383
conservative,16.46886434669286
conservative,17.30884605996487
conservative,17.6141747693105
conservative,17.52130707679953
conservative,17.926925989849185
conservative,18.225048098606344
conservative,18.48415378738871
conservative,17.216099578829308
conservative,16.356015033613094
conservative,19.079228067244298
conservative,18.192336673017785
conservative,16.91805845923013
conservative,18.08737134089512
conservative,18.871684091813783
conservative,19.554081395361226
conservative,18.061070531556332
conservative,18.863247282547214
conservative,16.685088631480873
conservative,17.784762312591024
conservative,17.4978644949154
conservative,18.150491959407997
conservative,19.430519994988053
conservative,18.060371299521748
conservative,16.933681692437272
conservative,16.636300482374878
conservative,19.466659987588645
conservative,18.31817763592905
conservative,18.253639901534008
conservative,17.4895710470925
conservative,18.07781205930729
conservative,16.88836644473913
conservative,18.194049021652617
conservative,16.71663904990454
conservative,17.474782546369962
conservative,17.207355263285105
conservative,14.925733882345643
conservative,17.486682879673957
conservative,16.96947535015601
conservative,17.616836148576773
conservative,17.82118097906255
conservative,19.594841467068264
conservative,18.113622296120862
conservative,18.142249608396693
conservative,18.30030001839913
conservative,18.67384670121192
conservative,18.259717464023506
conservative,18.091265130327347
conservative,18.513486417804984
conservative,15.616094629930389
conservative,19.935873743939446
conservative,19.40812550355746
conservative,18.028630031806156
conservative,16.501500074192872
conservative,19.01655604087003
conservative,17.15971299990787
conservative,18.33791261581653
conservative,16.618693816620357
conservative,20.083562280572174
conservative,16.47530068405604
conservative,17.885758798307435
conservative,15.876955382939105
conservative,17.779619216967316
conservative,17.412184171098406
conservative,18.94195659488729
conservative,17.412094956089284
conservative,18.94342213623999
conservative,16.854267664612856
conservative,17.54841202958978
conservative,17.56755313009971
conservative,18.300274876050324
conservative,18.175664213904888
conservative,18.52440665329173
conservative,18.07681092281129
conservative,18.463899748621206
conservative,16.97040058472855
conservative,18.195612863290464
conservative,19.427400910539863
conservative,16.263564709614315
conservative,18.29380820761003
conservative,18.479243422940804
conservative,19.274552027444212
conservative,18.528209759890146
conservative,17.91587716952698
conservative,18.235993521707538
conservative,17.12134468557655
conservative,17.447552308791085
conservative,16.57103520428188
conservative,19.301331998609655
conservative,18.255675272199525
conservative,16.9535662879762
conservative,18.08120581532324
conservative,18.96452370906168
conservative,18.795600882297936
conservative,16.94294194187086
conservative,15.02643930929662
conservative,18.202051584000966
conservative,16.980550851846754
conservative,18.4252750025578
conservative,18.752717482777435
conservative,18.918007910315556
conservative,19.570440162854382
conservative,19.043142756189834
conservative,19.57549683500999
conservative,19.18969657539837
conservative,19.279762679069258
conservative,17.779961721351068
conservative,16.612890649239592
conservative,20.361612771934574
conservative,17.879964809414147
conservative,19.035319371839122
conservative,17.29424038734725
conservative,18.76647485500863
conservative,15.600526274048434
conservative,17.42624229133887
conservative,17.72442238357569
conservative,18.26788798998251
conservative,18.87576996594712
conservative,16.790200541707755
conservative,18.462564277822544
conservative,19.033232257563704
conservative,20.212951633447624
conservative,18.50889382101785
conservative,17.379813272861814
conservative,16.628767816825103
conservative,19.659455398617304
conservative,18.539454168659677
conservative,17.798234076672387
conservative,16.316892447128055
conservative,16.939675321404053
conservative,18.434176939003642
conservative,18.161474822399335
conservative,16.0296005232109
conservative,18.435456507404528
conservative,16.36256537816897
conservative,19.163887562569794
conservative,18.020324663926672
conservative,17.37611327771177
conservative,18.79293760501055
conservative,18.161149296422433
conservative,19.13397022804833
conservative,17.896798132533483
conservative,17.952961570884423
conservative,17.545274189032156
conservative,18.073060525265923
conservative,19.52130258769442
conservative,17.33897902505791
conservative,18.45065515267993
conservative,16.986486365948682
conservative,15.924934753072726
conservative,18.019262865544725
conservative,18.177646932745468
conservative,17.713208476050614
conservative,16.427182695304047
conservative,18.113225463347504
conservative,18.076309037249004
conservative,16.978786126775443
conservative,16.555008390520538
conservative,17.576653042846626
conservative,18.455585286168947
conservative,18.22285578073786
conservative,16.986122923380233
conservative,17.951135297896794
conservative,18.689218178510473
conservative,16.718643545264094
conservative,17.880159187437705
conservative,19.14910062592939
conservative,16.625903046418557
conservative,18.960630914813876
conservative,19.438866642504497
conservative,17.6055219020133
conservative,17.49025841220251
conservative,18.836336579179665
conservative,17.640088852978142
conservative,15.678686303021962
conservative,17.72405280462753
conservative,18.275537914069318
conservative,18.542184839707414
conservative,16.98631492176364
conservative,17.560019071513903
conservative,18.779569263247865
conservative,17.76147819237246
conservative,16.397939929558756
conservative,19.044453395484492
conservative,17.61327213702645
conservative,18.895242667546487
conservative,16.51726073513732
conservative,17.702679890029877
conservative,18.3141861179176
conservative,17.73528273810092
conservative,16.70924295544873
conservative,15.64997989506999
conservative,19.3389441893895
conservative,18.058575827690692
conservative,18.972118575306556
conservative,18.730970265046736
conservative,18.400075201589996
conservative,17.510880591138328
conservative,18.294553954710025
conservative,19.244907687773882
conservative,17.899235025824275
conservative,19.736187172329494
conservative,16.424111696092176
conservative,16.32835584620669
conservative,18.79083881478182
conservative,17.04358204542759
conservative,19.88696248452783
conservative,19.14673504553191
conservative,19.405875044681604
conservative,18.68651774758391
conservative,16.948522364064573
conservative,16.281846627538222
conservative,19.309904664016845
conservative,16.423980967332042
conservative,19.403074957418497
conservative,18.47213300028211
conservative,17.745788837284845
conservative,18.247725539062262
conservative,18.27051980728241
conservative,17.62448112102828
conservative,19.237826898519955
conservative,19.202423206368337
conservative,17.969205136302204
conservative,17.247544505100787
conservative,19.114476631294817
conservative,15.963254793166321
conservative,18.249533778570086
conservative,18.541678150576097
conservative,17.034677784468247
conservative,18.776420301429322
conservative,17.793966945710334
conservative,17.298543190506575
conservative,18.765770112475465
conservative,16.79792679974834
conservative,18.671223647998218
conservative,15.998221137500668
conservative,18.095143683267953
conservative,17.86162574258199
conservative,17.304192279821883
conservative,18.196420288886518
conservative,17.742588305483217
conservative,18.85820671849019
conservative,18.363844753037984
conservative,18.25816287970283
conservative,18.101127979267392
conservative,17.367852341379418
conservative,17.529489479251186
conservative,18.058748111343192
conservative,17.652341977369407
conservative,18.91579228586523
conservative,17.909272548718633
conservative,18.183077037097313
conservative,16.510768461885135
conservative,18.745627019302965
conservative,17.265205971613668
conservative,16.837287252424325
conservative,19.467084573040385
conservative,18.49994201041585
conservative,18.779759376085835
conservative,18.25993001482077
conservative,17.729492345962058
conservative,17.550661731247434
conservative,18.581094963287658
conservative,18.937210916562133
conservative,17.753575701702236
conservative,19.918196720825396
conservative,17.629361218056157
conservative,16.51856201290058
conservative,16.226861031015765
conservative,16.256680273281397
conservative,17.423050763190087
conservative,17.596131284166745
conservative,18.48502096289021
conservative,17.791817259747468
conservative,18.645343443824096
conservative,17.862631868260987
conservative,17.83256374477768
conservative,17.268641405597673
conservative,19.234624446092155
conservative,16.395490307753864
conservative,18.110316253613004
conservative,17.64438617708069
conservative,18.583734469279634
conservative,17.799343281771918
conservative,17.827887950211856
conservative,17.563037933078874
conservative,19.20433754039879
conservative,17.82184283712066
conservative,19.808378074180748
conservative,18.082070207455427
conservative,17.84045497334876
conservative,17.679267651837907
conservative,18.367885158921272
conservative,17.258428794962217
conservative,17.959637642669595
conservative,17.827396836123008
conservative,18.13361394161253
conservative,18.15776601614078
conservative,18.20851350186096
conservative,17.910671578324138
conservative,19.38646285943272
conservative,18.228644965288364
conservative,20.49744122375392
conservative,17.867389111346363
conservative,18.761425883882275
conservative,17.129716106213472
conservative,19.212111030906392
conservative,17.15000370503894
conservative,18.261285268384224
conservative,17.56515084381924
conservative,18.257489751592715
conservative,17.59347341882095
conservative,17.07093840421117
conservative,17.55830894121964
conservative,19.35798298728865
conservative,18.27246811708106
conservative,16.613321153277248
conservative,18.899469696036526
conservative,16.976262129010436
conservative,18.545447368959863
conservative,18.35695564117233
conservative,18.419321161700708
conservative,19.684809550028707
conservative,17.034409965428733
conservative,18.413865103918532
conservative,19.066924373047577
conservative,17.206935533008377
conservative,17.111370047283167
conservative,17.54342627552749
conservative,18.13311271549428
conservative,16.50377139258612
conservative,18.35521730873279
conservative,16.505647382338427
conservative,19.10151849409657
conservative,18.318151480376436
conservative,19.748321352428423
conservative,18.471308510664134
conservative,17.526671324885076
conservative,17.062191294264487
conservative,18.049706645786603
conservative,17.790228452928726
conservative,18.9918380082395
conservative,16.94203873494096
conservative,19.863002944061964
conservative,19.082488368071605
conservative,17.623414351794498
conservative,19.626334776121872
conservative,17.076625524066856
conservative,18.017454320454394
conservative,16.624511404195484
conservative,19.67780901452287
conservative,16.29243919878994
conservative,16.47689160150104
conservative,17.215011463467768
conservative,19.131293742068976
conservative,18.75732614021632
conservative,17.93680135529928
conservative,18.822005830008305
conservative,17.708044772365056
conservative,18.22850786444436
conservative,19.472879943178896
conservative,17.582167389735414
conservative,17.092193266435277
conservative,18.27550625466705
conservative,18.54237452742338
conservative,17.925628087133628
conservative,18.80629520893985
conservative,17.62558438165051
conservative,17.942095701921797
conservative,18.18171796250705
conservative,18.096753675062256
conservative,19.43268912880745
conservative,18.176817918266295
conservative,17.527489319922104
conservative,18.332142461244807
conservative,18.81182154192656
conservative,18.576230251149042
conservative,18.52100643137539
conservative,16.425337325976834
conservative,15.560210243809527
conservative,19.082988236675817
conservative,18.24459915856661
conservative,17.79861942078634
conservative,18.496654685040465
conservative,19.763363195986713
conservative,19.225267187413852
conservative,18.76475930276797
conservative,16.980683836073577
conservative,17.101102199608903
conservative,15.65031938369718
conservative,18.436348624161333
conservative,18.912921235762493
conservative,18.995959291758453
conservative,18.477904187236533
conservative,17.67086847058265
conservative,17.28107663306771
conservative,17.03744528341504
conservative,17.66187968680852
conservative,16.89675800591289
conservative,19.582234913156476
conservative,16.601106620145462
conservative,17.629615496409134
conservative,16.038423037627762
conservative,18.105691496975066
conservative,17.817202591238924
conservative,17.47715638869326
conservative,16.938201941392716
conservative,17.821897050094588
conservative,17.299708949518852
conservative,17.687400729692456
conservative,19.795374596834115
conservative,17.985152444012726
conservative,18.33695349901789
conservative,17.37512749813615
conservative,17.07541137954653
conservative,17.79728377245369
conservative,20.385323244949323
conservative,17.54319719069324
conservative,18.168894118957486
conservative,17.034634538583074
conservative,15.339279513845309
conservative,17.070401398686407
conservative,20.250785108090692
conservative,18.39863577345696
conservative,19.461581889830878
conservative,17.485776173017666
conservative,15.675526061798427
conservative,16.77690368677131
conservative,18.20365362627775
conservative,18.048468608491028
conservative,17.809415908346722
conservative,17.313083797949705
conservative,18.742088308401417
conservative,17.340315581398617
conservative,18.116645965862116
conservative,18.007527608474028
conservative,17.466029599009403
conservative,16.98569885284665
conservative,17.41024814875758
conservative,19.70643277523391
conservative,18.91680341644011
conservative,18.823484620998947
conservative,17.073528042348684
conservative,16.47935878528063
conservative,18.900598216362802
conservative,18.706936507232683
conservative,17.95144754797237
conservative,17.464094692657646
conservative,16.455839236207925
conservative,18.669425569251967
conservative,18.991834008918605
conservative,17.17351472452424
conservative,17.095700775258468
conservative,19.047956726924163
conservative,17.208317887143803
conservative,19.606561125403125
conservative,17.714171107558993
conservative,17.44888661717497
conservative,17.862838273927537
conservative,17.448820175236857
conservative,18.93079619994514
conservative,18.687896808628437
conservative,18.892083634116464
conservative,17.997077890797367
conservative,17.382791895136215
conservative,17.81073260269005
conservative,17.41179447827665
conservative,19.280155191751515
conservative,18.805176314377526
conservative,17.73106147317493
conservative,16.94401425359589
conservative,19.357212924176693
conservative,17.95090301237001
conservative,17.69384557801281
conservative,19.366380591302097
conservative,17.332206201895996
conservative,17.513175849297042
conservative,17.597335946065986
conservative,16.588290939967802
conservative,18.124352215519036
conservative,17.095937722614742
conservative,17.27502177363769
conservative,17.149862368374546
conservative,17.259670650972204
conservative,17.024895061775485
conservative,18.057776664125562
conservative,17.669402141798503
conservative,17.865620534439923
conservative,20.221508992656307
conservative,17.66943279940958
conservative,18.408082941026592
conservative,18.520948759467434
conservative,17.758718480490717
conservative,18.08357749836065
conservative,17.839437866154935
conservative,18.01452129051781
conservative,17.260190081946984
conservative,17.34704506721397
conservative,17.835820827548368
conservative,16.007313413147987
conservative,19.310711932203525
conservative,20.012945486262787
conservative,17.983387899825495
conservative,18.468020261704087
conservative,18.88493155800365
conservative,16.58098325028199
conservative,18.730576702341956
conservative,17.411091020066518
conservative,20.153095739770908
conservative,17.638046802756953
conservative,18.710368418307244
conservative,17.6474924027336
conservative,20.05151980793793
conservative,17.32994303145846
conservative,18.970373526968558
conservative,18.429580891021196
conservative,18.210777677298534
conservative,18.040128255645417
conservative,17.184800154849096
conservative,15.481198111855056
conservative,18.878170669651155
conservative,17.352113393033775
conservative,18.97497160489862
conservative,18.159392193570525
conservative,19.006247245997116
conservative,18.603847402535244
conservative,15.583783485677916
conservative,18.41792145327262
conservative,17.48962421070663
conservative,18.970294445008516
conservative,18.394502719701105
conservative,18.40612676206569
conservative,17.557687907866736
conservative,16.95679953785349
conservative,17.404988176438483
conservative,16.1578228818723
conservative,17.256598451966997
conservative,16.4556472735655
conservative,16.479312591366668
conservative,17.931435008019022
conservative,18.338117408358062
conservative,17.788736174964402
conservative,17.342726057779625
conservative,16.924734557248307
conservative,17.514827079497117
conservative,17.04035660910954
conservative,17.758743470692558
conservative,16.40436939530333
conservative,18.503615111860995
conservative,17.278489111759196
conservative,18.18336053200434
conservative,18.689314142987442
conservative,18.136168852212784
conservative,18.601083807958926
conservative,15.925015211005489
conservative,17.34832295015842
conservative,18.907282765536717
conservative,18.31368791662835
conservative,19.679811668202465
conservative,19.528047477045238
conservative,18.108645172905895
conservative,17.577044223783503
conservative,16.91458407315056
conservative,17.364412988570276
conservative,17.428323750211515
conservative,17.25387214369156
conservative,16.951514591914187
conservative,18.208104437182055
conservative,19.519927375991603
conservative,18.73558680432076
conservative,17.509849727680226
conservative,18.817054832537
conservative,18.154470637460136
conservative,17.780120053200577
conservative,17.719882438374654
conservative,17.62684847974366
conservative,18.453738474353734
conservative,17.95378180519765
conservative,17.12750510499559
conservative,17.082454979060305
conservative,18.114784843843456
conservative,18.23460083951289
conservative,17.51869442124214
conservative,16.75565876976763
conservative,19.05809326636294
conservative,18.841912946524662
conservative,15.99384312999296
conservative,19.149040899914574
conservative,17.6181907124564
conservative,18.00236301932422
conservative,18.943014551387027
conservative,19.47373025227881
conservative,18.80577390508698
conservative,18.051780681117016
conservative,16.535074586547616
conservative,15.960066242953186
conservative,18.68021779941654
conservative,19.15155884917218
conservative,17.047381008002695
conservative,17.560039270107758
conservative,17.287666909283963
conservative,17.262646325819823
conservative,18.878747788621453
conservative,18.029828146462684
conservative,17.598848391788906
conservative,20.554288685447144
conservative,16.48228892704043
conservative,18.351776037803518
conservative,16.83149629022496
conservative,17.667630892783965
conservative,17.962431062097572
conservative,18.6465700598038
conservative,17.56825064004812
conservative,17.46750586265985
conservative,17.5511569324701
conservative,16.803164363317443
conservative,18.435156720200823
conservative,18.090897227667533
conservative,18.240984891793577
conservative,17.75226372094305
conservative,17.633618243662784
conservative,18.98108887715682
conservative,18.824898019214025
conservative,19.22657837326141
conservative,18.179784071957663
conservative,19.162502894045375
conservative,17.420899484966135
conservative,17.625974767156595
conservative,19.000983487598827
conservative,18.645394025476012
conservative,17.540314080884368
conservative,16.833986552422026
conservative,17.62299218471464
conservative,17.16812119430505
conservative,19.549172397426542
conservative,18.562071957652215
conservative,17.092611602271976
conservative,16.835146894595557
conservative,17.08109759849951
conservative,17.28620103847964
conservative,17.65873444774932
conservative,18.91893617404077
conservative,16.907154243229172
conservative,20.15181030146428
conservative,16.928516279664514
conservative,16.505053920761785
conservative,19.511187910335426
conservative,19.13019601683782
conservative,17.643716234953416
conservative,18.188317818140373
conservative,18.212987431353618
conservative,17.95093028805873
conservative,16.60642801615214
conservative,15.56914255957473
conservative,17.0195148395371
conservative,19.645677552764553
conservative,19.687162341365212
conservative,17.56762489836662
conservative,16.91502058225347
conservative,18.08777560930868
conservative,18.244720420748887
conservative,18.40390297067181
conservative,15.531009598192934
conservative,21.114405973656858
conservative,18.937165774409145
conservative,17.628838669858673
conservative,17.136770935027805
conservative,18.790062075501503
conservative,18.30008454652027
conservative,17.908019670528944
conservative,18.26369487747598
conservative,17.710638852263195
conservative,18.208383812010613
conservative,18.52852416922856
conservative,18.15122018359865
conservative,18.100214856859665
conservative,19.203928698034822
conservative,16.337064607333833
conservative,17.062928868592618
conservative,17.845055119212894
conservative,17.126159424459775
conservative,17.439902993732527
conservative,19.09578398416614
conservative,17.675765214429443
conservative,16.132070087688803
conservative,17.41402438418799
conservative,17.8753182551962
conservative,17.85764120723551
conservative,18.359787849095245
conservative,18.279449505357782
conservative,17.6855176547513
conservative,16.70012642099608
conservative,17.397179710657127
conservative,17.22618968065866
conservative,17.545414075345725
conservative,18.49353085685894
conservative,18.2105750100234
conservative,18.625958370400095
conservative,17.451238377567996
conservative,19.32346470531575
conservative,18.47533184822351
conservative,17.927348410099068
conservative,18.40650001703765
conservative,17.17662686069025
conservative,15.88856433559986
conservative,17.24125968619037
conservative,18.549529706086634
conservative,17.89654865438334
conservative,17.687432865949972
conservative,17.0166328392039
conservative,16.021322291176276
conservative,19.236957072914603
conservative,17.619226333245305
conservative,17.408158030913565
conservative,17.180470290769563
conservative,19.061735772237654
conservative,18.6834208880124
conservative,16.906489821448197
conservative,18.969817288343428
conservative,17.679514251655007
conservative,17.23765427660388
conservative,17.537298638902417
conservative,17.076468431219283
conservative,16.584404268280192
conservative,18.578121722125648
conservative,17.606958487385494
conservative,18.420210662952066
conservative,18.09661011726433
conservative,18.35239706106846
conservative,15.942920422837512
conservative,16.999132043215006
conservative,18.372934917279906
conservative,16.625994803016173
conservative,18.180243700021933
conservative,16.52153097182795
conservative,17.835362736864745
conservative,19.4292635965805
conservative,18.576594130171884
conservative,16.113184752982676
conservative,18.650352208365256
conservative,19.652100516832103
conservative,20.708964549789137
conservative,18.280124161380307
conservative,16.545170090072546
conservative,18.240504164087277
conservative,19.414699812554105
conservative,17.639170220705015
conservative,18.846472589200822
conservative,17.024257559589607
conservative,18.179548665458952
conservative,15.56269416283563
conservative,16.922040294839796
conservative,17.81358301229192
conservative,17.470917293046327
conservative,16.60269062817117
conservative,17.34190966410133
conservative,18.137906790114965
conservative,17.736167258506114
conservative,17.87802975136864
conservative,18.534104248501166
conservative,17.490111875835463
conservative,19.16920986179845
conservative,16.886243718108908
conservative,19.764098720189175
conservative,18.91740376686968
conservative,17.47790960806919
conservative,17.541393461408326
conservative,18.018563067643772
conservative,18.401878045593303
conservative,18.89862254810535
conservative,16.566629443005244
conservative,18.243212826771142
conservative,15.881856994937406
conservative,17.648559854830175
conservative,19.267021208742126
conservative,16.49736917048886
conservative,16.335171088376807
conservative,18.03217348790548
conservative,19.19832631663641
conservative,18.133757838361106
conservative,16.066021798301406
conservative,16.260790590346318
conservative,17.913405102140512
conservative,16.712664020216813
conservative,17.950905093108577
conservative,18.00817262208389
conservative,17.351246836955937
conservative,19.644199683043514
conservative,18.393771330980403
conservative,19.017823314758367
conservative,18.72283481511592
conservative,17.67470559985846
conservative,17.632113706614327
conservative,17.533477458193246
conservative,18.483534292598467
conservative,17.200364691065687
conservative,19.549728528651027
conservative,17.11126235911724
conservative,18.02605405569586
conservative,17.598941689085677
conservative,17.388049281386134
conservative,20.025304517631113
conservative,17.3991521611541
conservative,17.526708749391073
conservative,17.18749081789319
conservative,17.85893694201365
conservative,17.721632469886547
conservative,16.767284855265583
conservative,17.413050853015644
conservative,18.412769048503083
conservative,18.830157597194383
conservative,17.842601921601357
conservative,17.87616458645509
conservative,17.473160987286732
conservative,17.33928307108304
conservative,16.950375778724016
conservative,16.373060632686265
conservative,17.151717325351903
conservative,18.70621864867028
conservative,17.413006276272895
conservative,17.48739597054915
conservative,17.46889538587076
conservative,19.051687741188495
conservative,16.942256418968626
conservative,18.08673826852836
conservative,17.753303129290618
conservative,17.884741403644938
conservative,18.054999569827288
conservative,17.874408017822667
conservative,18.594985080881457
conservative,17.791189195865126
conservative,19.570057320035296
conservative,17.862235796768488
conservative,16.242808460560166
conservative,18.441099380941882
conservative,18.19883626667696
conservative,17.85079095981781
conservative,17.56978920759525
conservative,15.883494828070818
conservative,16.02915355343353
conservative,19.468479064536496
conservative,17.261142031293797
conservative,18.768186648440768
conservative,16.33179858661287
conservative,16.833437154017773
conservative,18.48109086065599
conservative,17.72048140714495
conservative,18.341681534735322
conservative,17.806309215497397
conservative,17.619439755632293
conservative,17.172626209949577
conservative,16.69925178757388
conservative,19.21408464919722
conservative,19.38476060336317
conservative,16.840905491018155
conservative,16.78112902411339
conservative,17.485727770646136
conservative,18.148411005890466
conservative,17.64422524901712
conservative,18.304139886078794
conservative,17.77186198382982
conservative,17.708798257119206
conservative,20.28604187456959
conservative,17.317834851483823
conservative,19.460560014561068
conservative,19.25972557829073
conservative,18.308636659551087
conservative,16.047227175523364
conservative,17.849365016724448
conservative,17.327733734249925
conservative,17.838855882206254
conservative,16.818695294824764
conservative,18.558300822450985
conservative,18.787719833920356
conservative,18.97540397448265
conservative,17.453045689201602
conservative,16.821935409819105
conservative,18.159376246064244
conservative,19.5823614416377
conservative,17.886146433175448
conservative,18.2577734292188
conservative,17.593351729966557
conservative,17.338313342391327
conservative,18.46088619808822
conservative,17.717046266998995
conservative,18.210007901748703
conservative,18.311993513755805
conservative,18.155315007105575
conservative,18.36158058382285
conservative,17.011852927706137
conservative,16.955487115593236
conservative,17.778266757518505
conservative,17.801538301917457
conservative,17.32054762024043
conservative,18.051751400244875
conservative,18.710403804000954
conservative,18.99323871055863
conservative,19.22395622276979
conservative,16.589885870945086
conservative,16.727436732481635
conservative,17.541081869289414
conservative,17.896616413361436
conservative,17.59000914310887
conservative,17.292016843101685
conservative,17.526997455203635
conservative,18.288214259042686
conservative,16.57651688552437
conservative,20.21017719479545
conservative,17.839720821382166
conservative,18.854308707474708
conservative,17.266303272759956
conservative,18.37785476905875
conservative,17.915660814072933
conservative,18.65880642973723
conservative,17.628087960142214
conservative,19.36836890672434
conservative,16.4306941969252
conservative,18.751814363109663
conservative,17.933593099029224
conservative,16.85957964108788
conservative,19.789669822069765
conservative,19.6800595926552
conservative,15.918750399865935
conservative,17.989603000269355
conservative,18.507934041705465
conservative,18.247389500409422
conservative,19.330908617953856
conservative,19.116200498256976
conservative,18.07521566931023
conservative,20.13835032490715
conservative,18.73919994710044
conservative,17.48226595126367
conservative,17.29229117187675
conservative,19.05028953787366
conservative,17.06750248124849
conservative,17.426910451253022
conservative,17.588905574247306
conservative,18.16325051482392
conservative,17.633061775172006
conservative,16.587928460339114
conservative,18.96730725763137
conservative,17.43197108268105
conservative,19.86197116808209
conservative,18.112922858489465
conservative,19.074730093047343
conservative,18.43372269434451
conservative,19.123825841722336
conservative,18.37389635321111
conservative,18.046098786177808
conservative,18.897288405684897
conservative,20.365663903907194
conservative,17.560023063415244
conservative,18.5968880388594
conservative,17.814431169374668
conservative,18.310569565438776
conservative,17.860009157801393
conservative,15.846268381376037
conservative,17.62661215644293
conservative,18.802430199148947
conservative,17.093277135210126
conservative,18.723201592797828
conservative,17.996197813001043
conservative,17.634948528786826
conservative,18.707989766551446
conservative,18.48346409260957
conservative,18.226665709605825
conservative,18.818946527428235
conservative,18.0150436595136
conservative,16.294850908896663
conservative,17.45689710296157
conservative,16.15385862620729
conservative,18.459982778691202
conservative,18.698329351809765
conservative,18.744088417773842
conservative,18.293893438975587
conservative,18.77051034383755
conservative,16.355297417101657
conservative,17.715601251961832
conservative,16.49978610293581
conservative,17.475693650705782
conservative,19.435800815884825
conservative,18.89729154300866
conservative,18.464862340254914
conservative,17.644415181540136
conservative,16.88227323236837
conservative,17.999502057552817
conservative,18.91500275467614
conservative,18.21621807027445
conservative,16.347213988662816
conservative,17.920010015749284
conservative,16.05840983497408
conservative,18.606137258681617
conservative,17.160523720925717
conservative,16.672823696127413
conservative,18.61988129968082
conservative,18.36308217892346
conservative,18.043414488926302
conservative,20.04614943618331
conservative,18.437820561869582
conservative,17.20542417874079
conservative,18.323501614724933
conservative,17.544485329100116
conservative,19.074270338364464
conservative,18.09055021144474
conservative,18.186941448246312
conservative,16.47516477527602
conservative,17.878427284960413
conservative,17.76508322557419
conservative,16.85418251625909
conservative,17.60619586275005
conservative,18.24155682471466
conservative,17.815298349371734
conservative,16.502314028376436
conservative,17.55675804201924
conservative,17.371764264508617
conservative,18.005772764109874
conservative,17.901659099983732
conservative,17.42513397338522
conservative,17.388172076598032
conservative,17.884065023009537
conservative,18.765521544952108
conservative,18.088280082256844
conservative,19.235121364491373
conservative,18.937894495204212
conservative,19.311344501342088
conservative,19.17894407785283
conservative,19.380220711714138
conservative,16.736406222369716
conservative,18.450131033628963
conservative,19.024700013954682
conservative,19.210292528553566
conservative,17.088153805906195
conservative,18.459998344485076
conservative,17.891731334277267
conservative,19.678328135035283
conservative,16.524598519579623
conservative,17.089482065103184
conservative,16.148383055535383
conservative,17.95855153171632
conservative,20.124002109006835
conservative,17.77660428880073
conservative,17.916567406404162
conservative,18.354070556642245
conservative,17.70720065015408
conservative,18.17337190104913
conservative,18.19894853830132
conservative,17.01874616661233
conservative,17.728628744112807
conservative,18.544026556316332
conservative,18.730876708931284
conservative,19.10682544844922
conservative,18.14353917000121
conservative,18.163379592161952
conservative,18.552247908164933
conservative,17.252445078761962
conservative,17.214013588867154
conservative,17.69901204645524
conservative,16.62582568468938
conservative,18.213311854051323
conservative,18.852520785097017
conservative,17.14463271033457
conservative,18.240965805773023
conservative,17.22023799254547
conservative,16.861185512604457
conservative,19.90002955269408
conservative,16.874343380034933
conservative,16.621935988018887
conservative,18.02628671444267
conservative,18.07845256126429
conservative,18.469769145591368
conservative,19.842015885101297
conservative,17.08219698972787
conservative,17.26777564360375
conservative,19.428026741666717
conservative,18.741492389989105
conservative,18.602037572286036
conservative,17.257044240952478
conservative,18.930466538661722
conservative,18.605136847356846
conservative,18.001928139441755
conservative,17.26168157437499
conservative,17.922016335364304
conservative,19.46949127358459
conservative,16.790360510910787
conservative,17.061150268789653
conservative,17.22148221964979
conservative,17.425884333711693
conservative,17.80427232289104
conservative,18.761080948598703
conservative,18.266715884949008
conservative,17.877937083343372
conservative,18.086680119032874
conservative,18.426921326583773
conservative,16.262048994664713
conservative,18.875323324404764
conservative,17.036474121892514
conservative,17.394936758857103
conservative,18.148411304968995
conservative,17.746605903673647
conservative,18.291767046684296
conservative,17.95586249411756
conservative,17.541380506163406
conservative,19.344652335525765
conservative,18.510323049249678
conservative,18.11110122972462
conservative,18.494873217215364
conservative,17.149028587852275
conservative,20.02791405528208
conservative,16.79614276158458
conservative,17.928247631663393
conservative,17.544152460942087
conservative,17.507951055912297
conservative,17.384774855698332
conservative,17.08723270360815
conservative,18.994085943948704
conservative,16.68953554050051
conservative,18.78628563857875
conservative,18.45123252036406
conservative,17.454267680824298
conservative,18.336697504830248
conservative,17.66718695458936
conservative,16.78393387071356
conservative,16.79358827026644
conservative,18.458075854433435
conservative,18.406721216768663
conservative,18.05273168873764
conservative,17.444186102937934
conservative,17.635963976274162
conservative,17.506866980698742
conservative,16.204434504291438
conservative,17.87833283876292
conservative,18.32670139557115
conservative,17.884435953843358
conservative,19.59612304067372
conservative,16.87220602472686
conservative,17.190323023539417
conservative,17.947370034622324
conservative,18.054433689003513
conservative,16.069002150480312
conservative,18.405858809465894
conservative,18.058846066926534
conservative,15.8793695302223
conservative,17.706797469938852
conservative,17.05304043122971
conservative,17.385657342373605
conservative,16.568873870164857
conservative,18.222399648817877
conservative,19.588361802557014
conservative,18.075056678423444
conservative,15.844853320882644
conservative,18.095038328421527
conservative,17.63193007812615
conservative,16.783928214256324
conservative,18.161270774997533
conservative,18.6818291617358
conservative,17.183416195747384
conservative,16.295678202312704
conservative,15.972714569233911
conservative,17.186040725026285
conservative,17.669488243926473
conservative,17.326498662862583
conservative,17.16960232869128
conservative,18.3714890424847
conservative,18.2681011748758
conservative,18.01165297173104
conservative,18.618438234608405
conservative,17.194807410334505
conservative,16.789820358836156
conservative,17.320537403323893
conservative,17.255698501438314
conservative,15.938321239216217
conservative,17.29866687373783
conservative,18.90908457465938
conservative,18.60280906710359
conservative,18.329387835273284
conservative,17.946019784184337
conservative,19.261831837827625
conservative,16.821255814528836
conservative,16.908708124916263
conservative,18.928846671743756
conservative,17.846055834784977
conservative,17.180907512399358
conservative,18.35573256893662
conservative,17.399707897812895
conservative,17.026181155205663
conservative,17.000434203474118
conservative,18.130012472771213
conservative,18.01767272252956
conservative,19.332172765669444
conservative,17.54065853645737
conservative,17.52439475492218
conservative,19.25224644153556
conservative,18.788387722425703
conservative,17.958823524622265
conservative,16.369174757044767
conservative,17.04996792359019
conservative,16.826813006918346
conservative,17.85453647429272
conservative,17.333721519995333
conservative,19.42186857130848
conservative,16.359894534081654
conservative,16.728946083450374
conservative,18.05526950323268
conservative,18.325698573006093
conservative,15.480288280714891
conservative,16.214605858855563
conservative,17.565937377058074
conservative,19.16598236322971
conservative,19.721409739297112
conservative,17.422401142433625
conservative,17.65494560356786
conservative,17.026792063133183
conservative,18.43604454494349
conservative,19.34441476553658
conservative,19.063270102264863
conservative,17.79143751515327
conservative,17.025249461670164
conservative,17.827454981320855
conservative,19.19147644118822
conservative,17.435650735730132
conservative,16.144170735062744
conservative,17.474097648892915
conservative,17.551213566236168
conservative,16.139016513552015
conservative,18.043064060606824
conservative,18.310516107232747
conservative,19.69190097862079
conservative,16.574033377881175
conservative,18.532663394883947
conservative,18.769412355065665
conservative,18.323912076763012
conservative,16.870151077118948
conservative,16.816902557566458
conservative,17.91287631122495
conservative,17.90612534810846
conservative,17.285628969083525
conservative,19.099780413851796
conservative,17.435428426295566
conservative,16.075567402024788
conservative,17.60375011316638
conservative,18.28522798420785
conservative,18.1498985989017
conservative,18.1423567448563
conservative,19.308550176897583
conservative,16.771355135573465
conservative,17.41367722995986
conservative,19.361596314610097
conservative,16.011279944743954
conservative,17.767567062842236
conservative,19.035537240713634
conservative,19.020301386622435
conservative,18.462711228188223
conservative,18.487840637329818
conservative,16.83878043821257
conservative,19.18363222435015
conservative,16.69374918061719
conservative,16.747998363334755
conservative,18.19470938035744
conservative,17.348174057107993
conservative,18.018525431708127
conservative,18.236673147939104
conservative,19.60555987067891
conservative,18.2395701706846
conservative,17.230164157405518
conservative,18.47895377300189
conservative,17.031526028231983
conservative,18.715367534174657
conservative,17.881573210088707
conservative,18.207094489433707
conservative,16.17474343186561
conservative,15.766278732684343
conservative,16.422322795759793
conservative,19.57152363600023
conservative,16.74094748834389
conservative,18.534443728124703
conservative,17.208277333074157
conservative,17.588467367087475
conservative,17.77623834033699
conservative,19.464566583364345
conservative,18.38788240778557
conservative,18.191933364579363
conservative,19.104974585533288
conservative,17.216430979757117
conservative,18.872037133599495
conservative,18.703455293742934
conservative,18.69200219618922
conservative,17.669955893582884
conservative,17.400797951332265
conservative,16.996300143718994
conservative,17.054300986304913
conservative,16.952735829078225
conservative,18.174173982392865
conservative,17.59965411745441
conservative,18.23729327959622
conservative,18.29270194581401
conservative,16.82163261194636
conservative,16.79419580833707
conservative,17.599344003829845
conservative,17.084063525761728
conservative,16.986515414246046
conservative,19.518928260745792
conservative,16.39382210636446
conservative,19.865311059837186
conservative,18.098226520245245
conservative,18.788984704545918
conservative,18.670360617685134
conservative,18.41996296604366
conservative,19.483455837711634
conservative,16.80091260355517
conservative,17.66864772644971
conservative,17.011999868048896
conservative,16.24933765665227
conservative,17.19019457621883
conservative,19.705295594220928
conservative,17.65223907844901
conservative,19.823140424924603
conservative,19.93241989659384
conservative,20.930650118577002
conservative,19.740208825895373
conservative,20.226229828094358
conservative,18.13353587533416
conservative,18.039470252800903
conservative,18.10402342804326
conservative,17.81957208723149
conservative,17.963419624266987
conservative,18.554238754338567
conservative,17.37384913380769
conservative,16.533290589099582
conservative,18.171022480483032
conservative,17.160713086114086
conservative,17.257602806408133
conservative,17.68174180262595
conservative,17.462572200833762
conservative,18.9143592244516
conservative,17.658694942394174
conservative,18.96564636767253
conservative,18.01786698004772
conservative,17.733948105430816
conservative,17.971676913533997
conservative,16.61080928933257
conservative,18.14611297088617
conservative,18.651171602214845
conservative,18.79364032943553
conservative,16.55619485583683
conservative,16.406646534701203
conservative,17.306899930271385
conservative,19.19547281626088
conservative,18.032348090126906
conservative,17.084458845313495
conservative,16.46569361406417
conservative,17.168942006892298
conservative,17.105975867435166
conservative,18.737963058161466
conservative,18.815554234267722
conservative,16.830650810086315
conservative,18.55521895547067
conservative,18.453431975625367
conservative,16.712265507877934
conservative,17.73849033899458
conservative,18.148786244718394
conservative,17.97651777228232
conservative,16.236558485095074
conservative,17.945599980719948
conservative,18.439073433185783
conservative,19.397559499086306
conservative,17.183137991792645
conservative,17.298775507348555
conservative,17.618295158787603
conservative,18.10050067907763
conservative,17.912704131976728
conservative,18.407450527051335
conservative,16.761874536037606
conservative,18.203486372342535
conservative,17.114662905070393
conservative,17.68118356729016
conservative,19.531859819317102
conservative,16.514757652269576
conservative,17.550792031020812
conservative,16.6261620387258
conservative,17.96670461647035
conservative,18.85166087180924
conservative,17.98271655162005
conservative,17.70679113089403
conservative,19.137542349398558
conservative,18.13873227888425
conservative,18.621517040826994
conservative,18.51747494710689
conservative,15.238617344856385
conservative,17.745387323720312
conservative,16.804880997508498
conservative,17.033783749922108
conservative,19.288432842055784
conservative,17.46004440093473
conservative,19.726504529752987
conservative,16.506274385145062
conservative,16.799766650865166
conservative,18.56437529501529
conservative,17.491815418360783
conservative,18.116169661817317
conservative,17.71103633581516
conservative,17.681911959700088
conservative,17.527171068829777
conservative,17.99222040216338
conservative,18.444396031762643
conservative,19.433890390036414
conservative,17.624383235731074
conservative,17.442173635329628
conservative,17.320416955639036
conservative,19.28345702150445
conservative,18.4926928530256
conservative,16.07090397464796
conservative,16.03240109051502
conservative,17.033097330011696
conservative,18.04123088856555
conservative,17.787114658809486
conservative,18.31914691387492
conservative,17.650341933908205
conservative,19.208632484821223
conservative,18.574110960142672
conservative,17.894012075350116
conservative,18.950257712026996
conservative,16.29109254094717
conservative,17.73727902832346
conservative,17.951701416636492
conservative,18.405204856508934
conservative,16.232473702832554
conservative,17.568990960467605
conservative,18.207013306761148
conservative,18.282172730465906
conservative,18.991828628577487
conservative,18.563532377636623
conservative,17.760659864319955
conservative,18.47745089590217
conservative,17.625484235714016
conservative,17.96063261215541
conservative,18.596763535503488
conservative,17.77567727052572
conservative,18.16943265331983
conservative,18.763840233543696
conservative,18.5143992622026
conservative,19.040191483502607
conservative,20.19399175326946
conservative,18.505215536225563
conservative,17.378124922624252
conservative,18.31623915049315
conservative,18.273981650669345
conservative,18.416551455420233
conservative,19.309615820901815
conservative,16.25992093785736
conservative,19.329151832833638
conservative,19.6818775481831
conservative,18.37165791227203
conservative,18.395419193479874
conservative,17.586923226917058
conservative,17.825639660442338
conservative,18.50027056385204
conservative,18.43638716384512
conservative,18.522898849510025
conservative,18.42957167430712
conservative,18.70052926521433
conservative,18.588620456613874
conservative,16.854058572487215
conservative,18.634226647847438
conservative,19.69051919069477
conservative,17.793733900527048
conservative,19.314247118672345
conservative,16.95247568924088
conservative,17.790700440124702
conservative,17.208978870099795
conservative,19.189862464583452
conservative,19.46111382298635
conservative,17.723665874205132
conservative,18.97646131615551
conservative,19.471729691507704
conservative,17.787647793020984
conservative,17.944221059670635
conservative,18.53574353675963
conservative,17.02154037724712
conservative,17.925291018816633
conservative,19.99352134390322
conservative,17.341572704796025
conservative,18.655817745563592
conservative,18.328029885539088
conservative,17.661552169124665
conservative,18.033006346906316
conservative,19.578727226403718
conservative,18.357381583091982
conservative,18.512066144512918
conservative,19.41973727105819
conservative,17.54130596727718
conservative,16.833385320232107
conservative,19.59527886744776
conservative,17.95074649896092
conservative,18.695719096262756
conservative,17.095952188446255
conservative,18.195346698968002
conservative,16.78765296538922
conservative,17.88072041491655
conservative,17.202649024358468
conservative,16.98906333702032
conservative,17.528232201341766
conservative,15.729734780763275
conservative,16.730253935975014
conservative,18.584392863128762
conservative,18.155460830810075
conservative,16.808434628821228
conservative,18.351739062692648
conservative,16.988547091643316
conservative,18.524146673988092
conservative,17.7078278085805
conservative,17.507276322318006
conservative,17.73150440030407
conservative,20.446328489489098
conservative,17.09923230367316
conservative,18.037755942792437
conservative,18.58334927369474
conservative,16.9109284931139
conservative,16.33959709885399
conservative,17.24650929542275
conservative,18.561496229975244
conservative,17.491214386583046
conservative,17.597003949775658
conservative,18.712969109281996
conservative,17.055079430881737
conservative,17.733729900310546
conservative,16.41123390961504
conservative,18.129204019142477
conservative,18.040612373533445
conservative,18.597496705201525
conservative,16.743587136339908
conservative,17.634567821944973
conservative,16.622703578112755
conservative,17.5826570464337
conservative,19.29589753112157
conservative,17.511437224852145
conservative,16.54382025089145
conservative,17.172779892673354
conservative,16.324764730319814
conservative,16.607066352327507
conservative,18.473494518919534
conservative,16.47165664687926
conservative,18.12103635093434
conservative,17.844271221716244
conservative,17.311879483284518
conservative,18.03852252636485
conservative,16.93370861242272
conservative,18.642813082589132
conservative,17.15554796874916
conservative,17.449071461640717
conservative,17.33654016303545
conservative,18.491847244726422
conservative,18.348358812841557
conservative,15.451195396393972
conservative,18.064594508312265
conservative,16.206507511004702
conservative,17.491862791313125
conservative,17.71501649974832
conservative,17.481654026426572
conservative,18.305417151287088
conservative,18.522268906348096
conservative,17.085601182709237
conservative,17.051876113436023
conservative,17.78469771908719
conservative,16.384570064352722
conservative,17.36330882342737
conservative,19.157782033433485
conservative,16.417967078359947
conservative,17.493008313661566
conservative,17.254761999350368
conservative,19.846323526743696
conservative,17.3059186581518
conservative,17.36063425802663
conservative,16.84817798078233
conservative,17.828542455137303
conservative,18.08005036412219
conservative,16.98152035963633
conservative,18.791492500980553
conservative,18.08092092547896
conservative,18.653886809513125
conservative,17.504408912885953
conservative,18.053868909660704
conservative,17.614243754574826
conservative,19.270923024276215
conservative,17.931228246912596
conservative,17.82799480545592
conservative,17.381007864168893
conservative,17.326538171888668
conservative,18.04857350114603
conservative,18.62153844939449
conservative,17.168410944230583
conservative,17.941164221084474
conservative,17.99673936713361
conservative,18.165894447718863
conservative,16.239248130367233
conservative,16.945619873003114
conservative,16.543888018423157
conservative,17.851116316595807
conservative,16.967530947873463
conservative,17.34513045536748
conservative,16.69899939888959
conservative,17.433072666593816
conservative,16.762861875115124
conservative,18.55994617706268
conservative,18.28420135391164
conservative,17.963965800877727
conservative,17.529357582703344
conservative,15.950121996570841
conservative,17.381041296903017
conservative,17.096763535320097
conservative,18.057834891180683
conservative,18.422681949772542
conservative,18.13301496443167
conservative,19.070458273451322
conservative,17.27728354595916
conservative,17.23837262026413
conservative,18.841177747170466
conservative,17.979395896646206
conservative,17.58180424094783
conservative,19.677758146010895
conservative,18.3811924017044
conservative,17.635855965380998
conservative,17.16711628436312
conservative,19.13559963929146
conservative,18.018816052077007
conservative,17.84309664661014
conservative,18.478743817952385
conservative,18.682153428837097
conservative,18.353707006594714
conservative,18.68605528763992
conservative,18.256868615724393
conservative,18.358656944072738
conservative,17.124510727212638
conservative,19.639555631460095
conservative,16.663254031570084
conservative,18.118164615572034
conservative,16.570075960191293
conservative,17.72469447590067
conservative,17.27448452869487
conservative,17.950008154524173
conservative,18.149700259978797
conservative,16.91652066921674
conservative,17.791037209502147
conservative,19.204768623221113
conservative,16.59217503507419
conservative,17.01088331709234
conservative,18.662762066215063
conservative,17.893991132250637
conservative,17.96485883478193
conservative,18.82541970426949
conservative,17.06646805565413
conservative,17.323361768694646
conservative,17.20759040327011
conservative,17.485319026331478
conservative,19.14897831262275
conservative,16.244917700424523
conservative,16.699055452746894
conservative,16.544033313650136
conservative,19.213044839809886
conservative,17.23403843716326
conservative,17.505800384601077
conservative,16.32149482163709
conservative,17.567100425851272
conservative,18.668544367283378
conservative,18.06334701295711
conservative,17.715315057589567
conservative,16.36572645125968
conservative,17.504583512164093
conservative,17.960768433725324
conservative,16.88389845083477
conservative,18.457530221127293
conservative,18.687152381452595
conservative,17.314590492727532
conservative,18.527996048691797
conservative,17.713508642333203
conservative,18.952088748057633
conservative,19.877148438898228
conservative,16.79063655641172
conservative,18.571490222726222
conservative,19.113460581118584
conservative,16.903326215182407
conservative,17.270889864426778
conservative,17.260321197636188
conservative,17.6913312220469
conservative,17.477560137090578
conservative,17.62843524882328
conservative,18.63995321235425
conservative,16.073721192663545
conservative,16.90037257858614
conservative,18.4724438713703
conservative,18.356572104860977
conservative,16.822743234630686
conservative,18.36340185396758
conservative,19.135963856077986
conservative,17.77207690977935
conservative,16.869087322629763
conservative,18.677002411938023
conservative,19.547640978338322
conservative,16.981224403069845
conservative,17.85722168991094
conservative,18.894163565627572
conservative,17.930356370417346
conservative,16.204124014721977
conservative,18.249068315473117
conservative,16.895855241408707
conservative,16.629710389308514
conservative,16.22136632379683
conservative,18.996193235317914
conservative,17.02878719312729
conservative,18.141493071230713
conservative,18.382400752802887
conservative,17.975150376273866
conservative,18.105706976245852
conservative,18.188040169806218
conservative,17.95226577880217
conservative,17.09796953098556
conservative,17.015247407237624
conservative,17.718091674873705
conservative,17.6976973974411
conservative,18.235255569209773
conservative,18.905833836692487
conservative,18.15179388201138
conservative,17.050868369063572
conservative,15.82609356078759
conservative,17.089809561765758
conservative,16.563116134373857
conservative,17.12568944405881
conservative,18.052989174680945
conservative,17.90056118994487
conservative,19.69008647625538
conservative,18.2879861118318
conservative,19.744106425077927
conservative,18.517357597333707
conservative,18.889648560526417
conservative,17.475149491510155
conservative,16.80813994883797
conservative,17.38978289442752
conservative,17.808016098904666
conservative,17.221148402269804
conservative,16.875344429666836
conservative,18.223034849694347
conservative,16.871439782517545
conservative,16.393699771047174
conservative,16.76470141288089
conservative,17.593895047883592
conservative,16.884730206305303
conservative,17.59988991923578
conservative,18.40363092277194
conservative,18.377947017720185
conservative,17.190582729769062
conservative,16.59968892355023
conservative,17.270417651073874
conservative,18.458277406444036
conservative,18.691296218087388
conservative,18.16055493423114
conservative,19.00745136186191
conservative,19.554108285485825
conservative,17.35740875441874
conservative,19.30084850474979
conservative,17.5688547238303
conservative,18.822938565369963
conservative,18.51082707843692
conservative,16.00282454385443
conservative,16.90742068797852
conservative,16.674486534831555
conservative,16.173517615201924
conservative,18.681377841984247
conservative,19.9141610518115
conservative,17.571603291083765
conservative,18.656148870148485
conservative,19.298839070639055
conservative,18.020107673435042
conservative,17.795004839524022
conservative,17.583057394349503
conservative,18.34157485417685
conservative,18.67674136090407
conservative,18.26709929213327
conservative,18.23343726139898
conservative,17.76997408781155
conservative,16.34075563548785
conservative,18.699852644681712
conservative,16.61713951327122
conservative,18.422363796244344
conservative,18.557781176798365
conservative,16.747980977871052
conservative,17.240224227456746
conservative,19.970637161341184
conservative,17.742673091338737
conservative,16.675460871135623
conservative,18.602834856763558
conservative,17.08633579485287
conservative,16.05212406942156
conservative,18.32405834374993
conservative,16.953100332902014
conservative,18.1296609485569
conservative,17.04919344705698
conservative,18.50946668325419
conservative,17.99609068859851
conservative,15.478542471219015
conservative,18.1889823149563
conservative,17.540999906475854
conservative,19.22855867319986
conservative,18.20187734127098
conservative,18.558201033522927
conservative,17.144169184747
conservative,17.070181918894203
conservative,17.794679507062423
conservative,17.47352103064893
conservative,19.147421850752462
conservative,17.671586962696214
conservative,16.67128174708484
conservative,17.035392002073774
conservative,18.767612657973306
conservative,17.658199708870665
conservative,17.606951873221902
conservative,18.863771103532205
conservative,16.954810424873564
conservative,15.779641566763793
conservative,17.011981610236873
conservative,18.052806996859054
conservative,17.57940224012954
conservative,16.36969400828187
conservative,18.81910759657019
conservative,17.976770257728226
conservative,18.195823978413042
conservative,18.22574865963624
conservative,16.604581138821224
conservative,18.111842036166014
conservative,18.70963631000071
conservative,18.945138619655147
conservative,18.52344964615896
conservative,18.31752459816881
conservative,16.21283188870942
conservative,17.805048703847678
conservative,16.91629926485244
conservative,19.090066734098627
conservative,18.935034461907104
conservative,16.921862274628538
conservative,17.77502261849361
conservative,18.05903286797896
conservative,18.702941568947598
conservative,16.267435649184907
conservative,15.80159844216245
conservative,17.856163430510023
conservative,15.527301124105788
conservative,17.97201657863966
conservative,18.39549101693876
conservative,19.042859369269998
conservative,17.22638481629757
conservative,17.974535129813027
conservative,18.45417828953895
conservative,16.715866321475392
conservative,18.71757161333713
conservative,18.0841050569249
conservative,17.242431743600044
conservative,17.955431121546063
conservative,17.685028806869074
conservative,18.582056896389773
conservative,17.47366928639813
conservative,18.038271145579632
conservative,17.22791805264659
conservative,16.93354161356237
conservative,17.98453001472237
conservative,16.971412416122263
conservative,18.6025361358219
conservative,18.395515479655003
conservative,17.093362813134597
conservative,18.02538159027416
conservative,17.0891007239213
conservative,16.330661806484287
conservative,17.25014201917489
conservative,17.77083017950164
conservative,18.325671677742218
conservative,17.96324288533133
conservative,18.709858250867253
conservative,16.89368896991584
conservative,17.458247423731496
conservative,19.465181804527806
conservative,16.04290749147934
conservative,17.386951582340195
conservative,16.8108967698194
conservative,17.631201863631023
conservative,17.403511309853346
conservative,18.405322435974032
conservative,18.06583416839213
conservative,16.598175688925355
conservative,17.258645874078226
conservative,17.819398423339276
conservative,18.541484715091826
conservative,20.307723205018632
conservative,18.505084347478544
conservative,16.86492346581005
conservative,17.72882293052095
conservative,17.993653274860336
conservative,17.323309354553782
conservative,18.275394446141284
conservative,15.748588413222247
conservative,18.35694033278346
conservative,17.363866418941377
conservative,17.71354173978423
conservative,19.279250338438437
conservative,16.638039272582084
conservative,18.08252877353906
conservative,18.59588373674986
conservative,17.98337457033609
conservative,16.321887168403993
conservative,19.160168734038702
conservative,17.61591262571979
conservative,17.315633623932722
conservative,17.52121868582866
conservative,17.453076366797475
conservative,16.702724604252627
conservative,17.978173705277396
conservative,17.250134664306895
conservative,18.473396607398342
conservative,18.32191878528521
conservative,19.445637602657406
conservative,17.6156453066668
conservative,17.05794882465405
conservative,16.45065017243882
conservative,20.047911212867632
conservative,18.46468638667668
conservative,17.16107230430513
conservative,19.516273150246136
conservative,19.166104638670987
conservative,16.55700232405324
conservative,17.104186339968535
conservative,17.691770229645222
conservative,16.812184990011257
conservative,17.72618756982068
conservative,18.514197470888426
conservative,16.53721524553448
conservative,18.10223562699913
conservative,18.973848146298838
conservative,18.2067780749891
conservative,17.74640277180721
conservative,17.18378224897156
conservative,18.63279918630872
conservative,16.714775212423064
conservative,18.053488327492197
conservative,17.844053748978563
conservative,18.930184649966538
conservative,17.26372714315075
conservative,17.34372072387993
conservative,16.655834148826038
conservative,18.243057674772643
conservative,17.413575443762895
conservative,17.003465087358993
conservative,17.091780887299905
conservative,18.34112821268813
conservative,16.78215004061553
conservative,16.86339533996132
conservative,18.698491650596008
conservative,17.659291159247672
conservative,18.757930906572355
conservative,17.47471853135978
conservative,17.81842106438819
conservative,17.969822733944877
conservative,19.198178931678996
conservative,19.114393229981896
conservative,18.958299288790016
conservative,17.22053033694413
conservative,16.888486162768974
conservative,18.562820574463156
conservative,19.18732488933066
conservative,18.968060258287533
conservative,17.83211158066403
conservative,18.529963029243316
conservative,18.547468031622145
conservative,17.962724713330616
conservative,18.00467051667126
conservative,17.913836957789016
conservative,17.0720119870931
conservative,17.167015809025102
conservative,17.1526093482266
conservative,16.335171985242845
conservative,17.956857692209265
conservative,17.780246668850612
conservative,18.56398986747401
conservative,19.068080520862644
conservative,19.133319305987374
conservative,19.23036432870423
conservative,17.10083228862156
conservative,16.48449614532515
conservative,18.733057656858275
conservative,19.192865029103274
conservative,19.372978128048324
conservative,18.289866866909346
conservative,15.985728324617332
conservative,18.172965325610715
conservative,18.35919956530463
conservative,19.059229660950514
conservative,19.241901004305543
conservative,18.71182699234346
conservative,17.259474775152825
conservative,16.849687846227944
conservative,18.338030942079037
conservative,17.0680028964819
conservative,19.28900383894035
conservative,16.241843485909254
conservative,18.37048957373325
conservative,18.128051151275606
conservative,17.620307061155977
conservative,16.94526636752812
conservative,15.929229489730186
conservative,17.311973212138643
conservative,17.32849846355633
conservative,18.916080700545972
conservative,17.076878554752405
conservative,18.25823778117427
conservative,16.610258197247084
conservative,18.285203280487966
conservative,15.777474455715147
conservative,19.942564371643005
conservative,17.68336247192687
conservative,15.306563814320125
conservative,17.137449546198248
conservative,16.99090406667458
conservative,17.195264875405083
conservative,17.4696969168736
conservative,17.188908268983436
conservative,17.045742675420335
conservative,16.731363686996627
conservative,18.62374111272968
conservative,19.007144588979234
conservative,17.57456410488163
conservative,17.80243326328928
conservative,16.760831301083137
conservative,17.887713201883223
conservative,18.041054855132046
conservative,17.60820905262699
conservative,18.202725058867156
conservative,18.117513806439867
conservative,16.826772196604015
conservative,18.99888775490524
conservative,17.61946438054333
conservative,19.49784415055032
conservative,18.226541893170776
conservative,19.809742544752737
conservative,18.980751194666762
conservative,18.0383671831354
conservative,17.13245729461923
conservative,17.152537417327455
conservative,18.337118051758765
conservative,17.957114364096352
conservative,17.257834854995746
conservative,18.63501931579409
conservative,17.856760674151612
conservative,18.640976006960713
conservative,16.89892342937162
conservative,18.80234595815512
conservative,18.305590533877492
conservative,19.00350380138713
conservative,18.780097108224027
conservative,17.737396019045374
conservative,17.660007489648944
conservative,19.610744636460648
conservative,17.540201480615362
conservative,18.55050292641006
conservative,17.453797070741086
conservative,16.10341986208325
conservative,16.668999170161285
conservative,18.212353345152472
conservative,18.503430370146813
conservative,18.21557423850863
conservative,18.9508787819019
conservative,18.198018520576177
conservative,17.083957625291475
conservative,18.397560511226388
conservative,17.98267100871173
conservative,17.27047912880656
conservative,18.277614380435523
conservative,17.895735703384744
conservative,17.242849733545402
conservative,17.64801742195128
conservative,19.225304339319802
conservative,19.19158069169149
conservative,18.000581324144285
conservative,17.874506137258038
conservative,16.483521708713425
conservative,19.54377600749623
conservative,18.839622848473937
conservative,18.55400854140847
conservative,15.74571473151659
conservative,17.85882380576675
conservative,17.69676918871322
conservative,18.48523522921222
conservative,17.387824724106014
conservative,17.596425779479773
conservative,18.422390806522607
conservative,17.085496581466632
conservative,17.271902321984783
conservative,18.005592048945605
conservative,19.147912169660792
conservative,18.610421198615466
conservative,18.879196945851064
conservative,17.880314203507062
conservative,19.309679909330782
conservative,16.209514735661642
conservative,19.864430222440262
conservative,20.00316269679783
conservative,18.26200943861008
conservative,18.634221236677067
conservative,17.782734644283874
conservative,17.61762307679688
conservative,17.237346639513003
conservative,17.772090918750724
conservative,18.35968532663969
conservative,18.226016471066558
conservative,19.82642922219427
conservative,17.91583734029903
conservative,16.433579016278056
conservative,19.465123154246854
conservative,16.674789138438268
conservative,17.285669293530848
conservative,18.081580827304872
conservative,18.223365067711313
conservative,16.47241372669042
conservative,17.11070130065557
conservative,16.440773486185808
conservative,18.424666924876227
conservative,18.98902317267315
conservative,16.67398759076833
conservative,18.798496432939345
conservative,18.733093044034604
conservative,17.192223577874156
conservative,15.998018479340464
conservative,16.81111431910454
conservative,17.251987836167235
conservative,19.358077342173736
conservative,17.705263612886192
conservative,16.870126906204646
conservative,17.96166916233993
conservative,16.60745046072084
conservative,18.318715466086456
conservative,16.89690705995944
conservative,17.030813250686098
conservative,18.18261359966066
conservative,19.576217165516596
conservative,20.052699485862494
conservative,16.839840671901403
conservative,17.250722541857964
conservative,18.31988854620266
conservative,18.974145141059836
conservative,15.840802018552283
conservative,17.90339375474649
conservative,17.353713892071333
conservative,16.04907006678161
conservative,16.569714779819495
conservative,17.277790688555775
conservative,17.87599200754069
conservative,18.81106569704404
conservative,18.161977253935305
conservative,18.749966681205297
conservative,17.845211948720994
conservative,17.149386287880088
conservative,17.642372125129235
conservative,18.497851230939688
conservative,18.835798025111135
conservative,17.67681883856986
conservative,16.941581303647418
conservative,18.143755587458894
conservative,18.282976787976228
conservative,19.039421513694105
conservative,17.17382250791689
conservative,17.18406680576522
conservative,18.55820337986447
conservative,17.4290945581349
conservative,17.389098012076484
conservative,19.06134397346178
conservative,16.53924410221027
conservative,19.900716164553362
conservative,17.235692217615263
conservative,18.668751628425188
conservative,17.714413909847174
conservative,18.081210983583116
conservative,17.56671791337832
conservative,18.65857416311032
conservative,17.486154935490184
conservative,17.272931958805085
conservative,19.64270889003832
conservative,17.847759712784704
conservative,17.17668744020578
conservative,16.43227564564075
conservative,19.69791746601659
conservative,17.292688205971793
conservative,19.90674296035536
conservative,18.205442482281132
conservative,17.956882064396336
conservative,17.982898784123172
conservative,20.0722811521199
conservative,15.816569704129948
conservative,18.02592476435219
conservative,17.56440933019617
conservative,17.614246732917508
conservative,17.963080740454473
conservative,17.56340604997802
conservative,18.000568300426313
conservative,17.796684103166672
conservative,16.591008034556005
conservative,18.18835076048646
conservative,18.518267754596867
conservative,17.301962429692207
conservative,19.7003710271627
conservative,19.14491485276603
conservative,18.645925614733496
conservative,18.633778931900515
conservative,17.848444315204834
conservative,18.946219358222166
conservative,19.388349363592603
conservative,18.609975632270256
conservative,17.275433606503377
conservative,17.781108919817093
conservative,18.37718399067604
conservative,18.639709484845817
conservative,17.744607376562584
conservative,17.278698243632583
conservative,19.402367446035107
conservative,16.810141754106994
conservative,16.930328744688254
conservative,16.578766406842337
conservative,16.928285571168477
conservative,19.054387094499933
conservative,19.088697527517418
conservative,17.74791847156841
conservative,18.30098861740717
conservative,17.809337690478888
conservative,16.70109197215076
conservative,20.07460685284557
conservative,19.18524302435057
conservative,18.162046793179595
conservative,17.009184697661542
conservative,17.60290987458078
conservative,17.16106704985894
conservative,17.913247148348496
conservative,18.11869549164219
conservative,17.492049419686914
conservative,16.464374049591
conservative,19.981998819071116
conservative,18.0483841684825
conservative,18.26198555583263
conservative,17.414907257809464
conservative,16.368285728903633
conservative,17.73899008859769
conservative,17.509086213106034
conservative,18.511783511488893
conservative,18.70825324835739
conservative,18.567046727097722
conservative,18.791037790561642
conservative,19.632499369544128
conservative,18.196642011181993
conservative,18.903361747133882
conservative,18.29857680630084
conservative,16.070027899295965
conservative,17.670432830642984
conservative,16.998252620642756
conservative,18.042478784508145
conservative,17.06930706054653
conservative,18.408807958456514
conservative,18.783726795441737
conservative,19.00963051273164
conservative,19.438944042498893
conservative,16.267076494593596
conservative,16.69471322515523
conservative,20.855059708804887
conservative,18.812501522816056
conservative,18.03571137147319
conservative,17.85030444168777
conservative,17.76450922058358
conservative,16.040580170337154
conservative,17.086657401059625
conservative,17.711478562570765
conservative,17.13921070294709
conservative,17.26148615900397
conservative,20.44545271343909
conservative,17.577355387778642
conservative,18.087774432458996
conservative,18.053240577001652
conservative,18.39277578864236
conservative,17.363021049293824
conservative,19.054014874179384
conservative,18.249209921632048
conservative,16.614844499396657
conservative,17.715661859403134
conservative,17.653504478953632
conservative,17.609389719861344
conservative,18.31375407958234
conservative,18.437548571253163
conservative,18.320991405875866
conservative,18.14692985145659
conservative,17.9017601849324
conservative,15.851904879046316
conservative,18.579879792388557
conservative,18.293165764481195
conservative,16.890386061633414
conservative,18.090166511495937
conservative,18.450638633979732
conservative,18.976650464311067
conservative,18.314742305516003
conservative,18.130063539837305
conservative,18.74919405858438
conservative,17.524975475528095
conservative,18.218303803060778
conservative,17.227747941251444
conservative,18.91461752742908
conservative,16.325866630960522
conservative,18.618687648642496
conservative,17.836574369136194
conservative,18.76795164671856
conservative,17.07902517966704
conservative,17.905938717332987
conservative,17.87773454206742
conservative,18.239725907110465
conservative,16.832792928611983
conservative,18.439024107880208
conservative,16.117434307666638
conservative,17.184024937709747
conservative,16.36764561466819
conservative,18.630174628549625
conservative,18.206690594458138
conservative,18.261442813972053
conservative,19.286985516420344
conservative,17.516018831362405
conservative,18.412669298692066
conservative,17.882912317654053
conservative,17.736160539579757
conservative,19.115166490434195
conservative,19.928192017260553
conservative,17.406332436903742
conservative,18.635679621857935
conservative,18.127644128888445
conservative,18.139326527096113
conservative,18.057741316010087
conservative,17.499705311527926
conservative,14.661882547457736
conservative,19.350942413361334
conservative,17.15891413268257
conservative,17.58700705464759
conservative,17.607352875481343
conservative,17.07599839049364
conservative,18.051014458506778
conservative,17.77663249429945
conservative,17.13858053626086
conservative,17.9630712522191
conservative,17.787524164675826
conservative,18.7301346327059
conservative,16.56681729768832
conservative,17.05596409311999
conservative,18.527464036473184
conservative,17.210303332114925
conservative,16.965289709967607
conservative,17.256647994230782
conservative,17.72194817420944
conservative,17.72560982077758
conservative,17.617249424608858
conservative,16.850193878847584
conservative,18.575156124903327
conservative,19.13529852420634
conservative,16.060943327477155
conservative,16.37582988505567
conservative,18.805765509982134
conservative,19.38735118292329
conservative,15.87091635755768
conservative,18.617386886341865
conservative,19.458398926594285
conservative,17.003152260580844
conservative,19.39763626353499
conservative,17.647894112555882
conservative,18.12328318171179
conservative,17.13606669541151
conservative,18.80391848736845
conservative,18.636412910835443
conservative,19.54938863970241
conservative,19.25325373168277
conservative,17.810649289736098
conservative,21.05844202703729
conservative,19.16057638271507
conservative,18.344488286780436
conservative,16.879005122892693
conservative,16.396785018206504
conservative,16.4727815289617
conservative,16.9373892438206
conservative,19.187884583075363
conservative,18.291922737865523
conservative,17.235000730544844
conservative,17.688361359062217
conservative,17.571532686811377
conservative,18.602006929466146
conservative,16.988006883627126
conservative,18.157430605710985
conservative,18.109125273301494
conservative,17.01568155584342
conservative,19.406328092076315
conservative,17.535430856478083
conservative,16.883048813637412
conservative,18.65486951264413
conservative,17.87184586855158
conservative,18.21480617022571
conservative,16.70772197350028
conservative,18.61436678147424
conservative,20.02539223104821
conservative,16.636847826861946
conservative,18.161841367271396
conservative,17.074599605528537
conservative,20.589763180698522
conservative,19.04649404596286
conservative,18.091648261178467
conservative,16.668520108679665
conservative,16.889196657048384
conservative,18.548351586106136
conservative,16.546905112783495
conservative,16.575172172859496
conservative,17.82806974695408
conservative,17.947753334845604
conservative,18.187047058917486
conservative,17.398706588643606
conservative,18.72239711480065
conservative,17.003704841614077
conservative,18.429547701131405
conservative,18.025710972220274
conservative,18.403833346903696
conservative,18.98761360927517
conservative,17.38375809146661
conservative,17.190347502263908
conservative,16.256133375246858
conservative,15.966345670695926
conservative,17.649832623557703
conservative,17.71564367245773
conservative,16.797562539483245
conservative,16.995120656829027
conservative,19.339140279630172
conservative,18.67789083824349
conservative,16.637958094635287
conservative,17.396036215345635
conservative,18.212433365248337
conservative,17.22274788534882
conservative,17.052897800747566
conservative,17.494788613886147
conservative,18.89467639303911
conservative,18.987004916826063
conservative,17.12096388190793
conservative,18.265869201542685
conservative,17.813301079542114
conservative,16.868835502246007
conservative,17.5339975508328
conservative,16.635580543259195
conservative,18.968301252269615
conservative,19.369314284957852
conservative,17.42611940001819
conservative,17.2015675008593
conservative,18.85810420954531
conservative,19.022480685085455
conservative,16.77170101989974
conservative,17.676655465620247
conservative,17.76250207120417
conservative,17.088100406890188
conservative,18.192860177018154
conservative,17.154050605006812
conservative,17.303660651902348
conservative,17.72159743353591
conservative,16.433370080039367
conservative,15.933843739525878
conservative,18.720512337884863
conservative,17.116424241027193
conservative,19.98501098583639
conservative,19.810705662467566
conservative,17.335477155764366
conservative,20.20550313594936
conservative,18.739932782402192
conservative,17.20509027372564
conservative,15.484751073551282
conservative,18.4905377598236
conservative,17.849593522156717
conservative,18.237255459074028
conservative,17.599175783422332
conservative,16.74486144491079
conservative,17.410535404867364
conservative,18.50890306893185
conservative,17.479451563846503
conservative,17.47370941344325
conservative,16.40628339016019
conservative,17.90710893895041
conservative,16.773962995086755
conservative,18.72076759505681
conservative,17.122217095426322
conservative,17.53530415552368
conservative,20.01630701250611
conservative,17.52494288367286
conservative,17.397713678673625
conservative,18.388985094374007
conservative,16.1706891336139
conservative,19.057933758095498
conservative,18.796759722185914
conservative,18.328667100905207
conservative,14.828764655743216
conservative,17.56994169525202
conservative,16.627771472752585
conservative,18.928655005831022
conservative,18.85604446752408
conservative,18.194842044811224
conservative,16.690980433022396
conservative,19.30886677903454
conservative,17.567219726068956
conservative,19.634298263778312
conservative,18.0754095394543
conservative,18.311306191920707
conservative,17.379058743197735
conservative,19.218476693055557
conservative,18.41153023368694
conservative,19.25561672999347
conservative,17.990334190501667
conservative,17.773997788836372
conservative,18.398378708136306
conservative,19.255253432415852
conservative,18.81978975935288
conservative,17.952387373233584
conservative,16.107507147268258
conservative,18.612336943387607
conservative,16.478448459071274
conservative,17.853150038431767
conservative,17.70770542559803
conservative,16.497226078759148
conservative,18.179694964487005
conservative,20.00591325408127
conservative,17.51919654056105
conservative,18.56789464628015
conservative,20.223575694090844
conservative,18.664625348236985
conservative,17.20553048974232
conservative,18.047887940887765
conservative,18.285725750196725
conservative,19.246227216885003
conservative,19.020336219358413
conservative,15.327085735960416
conservative,17.00889365155021
conservative,17.751796847518538
conservative,16.86236712655768
conservative,14.57027785584664
conservative,17.13011735338234
conservative,17.816014143695394
conservative,17.31775816613369
conservative,16.87919895705975
conservative,17.85934360065314
conservative,18.150997236660952
conservative,17.37122363517837
conservative,19.18215513777055
conservative,17.87493546982517
conservative,16.99473803245685
conservative,16.762466435907605
conservative,17.614365091443613
conservative,18.917791997144437
conservative,17.03899837780592
conservative,18.399119205814145
conservative,17.91033701064987
conservative,19.833493550345928
conservative,18.19703266929918
conservative,17.155654381256383
conservative,18.538485847635485
conservative,18.572026503301565
conservative,17.43897511719992
conservative,16.72652953414621
conservative,18.340073871958477
conservative,17.880504684613804
conservative,16.408815568239202
conservative,18.064864280323267
conservative,17.212877327958033
conservative,16.40966184233913
conservative,17.48159878525772
conservative,19.090836796406453
conservative,19.01421782775524
conservative,18.749173698507516
conservative,18.07914330205832
conservative,18.399037892580388
conservative,17.914269151779262
conservative,16.780242122253558
conservative,16.963352527189638
conservative,17.240805378998534
conservative,19.212699184034562
conservative,18.880501890846688
conservative,16.803233020111705
conservative,17.87078587508694
conservative,17.433669308341926
conservative,17.669875348809516
conservative,17.307629986488752
conservative,19.217171705257073
conservative,17.801204188275452
conservative,18.02768220655356
conservative,18.035527562937908
conservative,16.850922458796536
conservative,17.92380484356445
conservative,18.865928886704438
conservative,19.286469070481225
conservative,16.741256950739736
conservative,16.406984767034984
conservative,17.87917903825928
conservative,18.91349058631033
conservative,18.16709740127747
conservative,18.4827339347519
conservative,16.54892427981143
conservative,17.273832755470696
conservative,15.81321896442746
conservative,17.68199674326387
conservative,15.8406850088088
conservative,19.14192203244427
conservative,19.371759359987482
conservative,17.954720383478303
conservative,16.412365902469155
conservative,18.182829033469485
conservative,19.691096802918818
conservative,18.280771939172062
conservative,18.99065960160776
conservative,17.355580233513876
conservative,16.995018663470024
conservative,17.75099068044678
conservative,16.046726447358147
conservative,20.124270615657622
conservative,17.953762486860533
conservative,18.668796305141072
conservative,17.377920830368744
conservative,16.385145605936813
conservative,19.237958774833487
conservative,16.762864902061906
conservative,18.156604030801926
conservative,18.248742022354772
conservative,17.89052863230227
conservative,17.0752732685213
conservative,17.675129716547637
conservative,16.922302186112727
conservative,18.611128924939923
conservative,18.375088478255606
conservative,17.798788751218797
conservative,17.277248560380478
conservative,19.95545112528512
conservative,16.601384358513936
conservative,16.383784820121875
conservative,17.74023868508022
conservative,17.571245179517398
conservative,18.901703170696724
conservative,18.448833045015306
conservative,17.84789666839172
conservative,18.304943814122037
conservative,18.287086592749983
conservative,19.95141840780103
conservative,18.063741213690548
conservative,17.17166125597608
conservative,18.010596399321066
conservative,15.453736602767089
conservative,17.787910184208453
conservative,18.897032974267805
conservative,18.405350789236692
conservative,18.10763754477807
conservative,18.451927683306923
conservative,18.907465467013704
conservative,19.23735785336361
conservative,18.25302673190366
conservative,17.515857143252994
conservative,15.712512787468015
conservative,18.7808466034747
conservative,18.319564065394317
conservative,17.96631047590707
conservative,17.165149638508186
conservative,18.767714399209343
conservative,17.572019937814158
conservative,17.78619406131078
conservative,17.76535103175901
conservative,18.2553756339483
conservative,16.740512983968078
conservative,18.366212982730406
conservative,17.134524423968028
conservative,17.167248019435988
conservative,18.687324535162954
conservative,16.880956886751193
conservative,18.685520125330843
conservative,17.91688820276853
conservative,16.291650433144728
conservative,19.174666692539102
conservative,18.11901715492119
conservative,18.200819634612163
conservative,18.8101961366118
conservative,19.31397815249286
conservative,18.01303966850302
conservative,18.42028762615411
conservative,18.17840894454626
conservative,17.49039242513771
conservative,16.349219019123588
conservative,18.026486786686803
conservative,19.18957027211834
conservative,18.386724372455415
conservative,16.814619239585195
conservative,18.901641283692783
conservative,17.522183832674756
conservative,15.903032943808807
conservative,18.82097212900113
conservative,16.926600987358608
conservative,19.608318549771827
conservative,18.95273568638001
conservative,17.600168041056463
conservative,18.264700567026452
conservative,20.297862474921118
conservative,18.802886702053826
conservative,18.04903678950173
conservative,20.811769880995463
conservative,17.932496406419055
conservative,18.385225151899768
conservative,16.9350425304545
conservative,16.26823161308861
conservative,17.54283986863575
conservative,17.85641234229647
conservative,18.137525454741777
conservative,16.495429076233673
conservative,18.46326454334976
conservative,17.032793821646823
conservative,18.41182738046559
conservative,18.73726731047288
conservative,17.44039939421659
conservative,16.909635305666548
conservative,19.360135138760036
conservative,18.67495371869183
conservative,17.965651334709758
conservative,19.282052150479718
conservative,17.899476103708544
conservative,17.22831567012563
conservative,16.874830787582134
conservative,17.71537758406825
conservative,18.57372096400346
conservative,19.200729707408858
conservative,17.842132035988758
conservative,19.019390658774807
conservative,17.613120432701304
conservative,17.078046554712614
conservative,16.597547621061246
conservative,17.335702135270196
conservative,16.631578555002548
conservative,19.850849621364617
conservative,18.245029319830373
conservative,17.727117266511446
conservative,19.546544867496237
conservative,16.601200699710695
conservative,17.687136320524417
conservative,19.840358836835748
conservative,17.680504288526773
conservative,20.32285196927218
conservative,18.58757824214902
conservative,19.11444773920085
conservative,19.14421863344978
conservative,17.821064380872695
conservative,17.352705443817886
conservative,17.70801916663381
conservative,16.888391614937472
conservative,17.755719533665076
conservative,17.8152436726519
conservative,19.51216304012278
conservative,18.39654622140279
conservative,20.231106047100297
conservative,15.844715378753577
conservative,16.678336367890395
conservative,17.478529688775094
conservative,19.306999846702624
conservative,17.713665046484376
conservative,16.452364410795077
conservative,17.583596126615376
conservative,16.695986179540252
conservative,16.518905871363756
conservative,19.839456974625357
conservative,17.482081182200467
conservative,17.986094832563282
conservative,17.72967978685921
conservative,17.577505837842814
conservative,17.023277991472305
conservative,17.52107413992714
conservative,18.145292675159745
conservative,19.230539812410047
conservative,18.74986213410241
conservative,16.676501060969574
conservative,18.79130032279754
conservative,18.28047985195781
conservative,17.224368276483975
conservative,17.994736485062674
conservative,18.375819086342315
conservative,17.86470411977243
conservative,18.285198507592956
conservative,17.002654071180512
conservative,19.833066282215007
conservative,16.044474636328797
conservative,18.381311542621898
conservative,18.174091698905045
conservative,18.44568903301411
conservative,17.14619290348868
conservative,18.974560694898756
conservative,17.715202720763887
conservative,16.70632694531384
conservative,16.789591006564986
conservative,17.939358493660595
conservative,16.33758506341028
conservative,19.62916647931114
conservative,18.852357983206083
conservative,19.65696478656786
conservative,19.545937563811854
conservative,17.481798289931273
conservative,16.996756949895897
conservative,15.404116050131424
conservative,17.43023134679707
conservative,19.592442130483576
conservative,17.035142095322982
conservative,17.617285289348153
conservative,17.29020124271172
conservative,18.182128362984972
conservative,19.094084088572256
conservative,16.388600603677528
conservative,16.560156190295583
conservative,19.300907388234
conservative,18.53519744989269
conservative,17.569971441755953
conservative,19.53088297033605
conservative,16.544622039516526
conservative,18.73353052756533
conservative,17.7535232295474
conservative,18.409661231781506
conservative,15.649682841712169
conservative,17.568707765141852
conservative,18.5389112337124
conservative,17.75826121522242
conservative,19.06252971697125
conservative,19.028261576369896
conservative,16.91446916167282
conservative,18.62594530151013
conservative,16.883129129667307
conservative,17.871385056207277
conservative,18.458756713969194
conservative,17.028257825682765
conservative,18.588897552425028
conservative,17.336535693776245
conservative,17.265652945910304
conservative,18.508916686733656
conservative,17.027618830152992
conservative,16.980582401070638
conservative,18.844495581644715
conservative,17.923808168371718
conservative,16.46463670055615
conservative,18.657636801112133
conservative,17.429883408820764
conservative,16.510472615091096
conservative,15.547680727973868
conservative,18.705577004162894
conservative,17.0054588649938
conservative,16.65404052185242
conservative,18.44218151991765
conservative,18.60774416883772
conservative,17.07293445342452
conservative,18.714849934607212
conservative,19.89931513508383
conservative,19.156326191849384
conservative,18.996856365592578
conservative,18.122788759136615
conservative,17.394740172409513
conservative,17.765450071016446
conservative,18.246445536521612
conservative,16.641664405950518
conservative,17.089396258484577
conservative,16.488270956103943
conservative,18.046116026211195
conservative,17.899276353780362
conservative,17.198172785576183
conservative,18.62245045295847
conservative,16.8355045468106
conservative,17.163485104554884
conservative,18.582508588262755
conservative,18.731117851179405
conservative,17.064929723607197
conservative,18.04306916997063
conservative,17.080638741395983
conservative,17.629341104040208
conservative,17.957800344831256
conservative,18.36405702442308
conservative,18.126127449898824
conservative,18.08295905625811
conservative,16.804493579492313
conservative,18.195102717363987
conservative,18.354885427596376
conservative,18.491311855004508
conservative,17.13579936693447
conservative,18.71781072855786
conservative,16.58769028656065
conservative,17.406946262055254
conservative,17.554560392102577
conservative,16.637232129944504
conservative,17.54006553420649
conservative,18.03283766086927
conservative,16.135088564238956
conservative,17.441177721071075
conservative,16.20315026353932
conservative,19.885041081232007
conservative,18.024133597798635
conservative,17.940441609494655
conservative,18.043099022333482
conservative,18.407660766916663
conservative,18.78082786167539
conservative,16.366912010511758
conservative,19.118814216297586
conservative,19.05283165770111
conservative,17.755349097605098
conservative,17.704853418721626
conservative,15.051881260536733
conservative,16.653907911363458
conservative,18.323152643357496
conservative,19.00661552237813
conservative,18.530986613654818
conservative,17.746307528901696
conservative,19.761837013700017
conservative,18.808107906648704
conservative,17.441995213308058
conservative,20.035813884928785
conservative,16.788351992785017
conservative,16.44877291492159
conservative,17.416142141846088
conservative,17.099382338122723
conservative,17.469421233448394
conservative,18.600048621211286
conservative,17.786622010002397
conservative,17.81147556960133
conservative,17.875991811920088
conservative,15.713535845570103
conservative,16.409966722287855
conservative,17.450073075615784
conservative,17.021178592020533
conservative,17.596351849479717
conservative,19.215557836416316
conservative,17.747528671537207
conservative,16.583239583615914
conservative,17.06736737220367
conservative,19.534548928418666
conservative,19.348535398461944
conservative,18.399117181545225
conservative,16.36786548852981
conservative,18.115661391974744
conservative,18.190628026680976
conservative,17.844077202856536
conservative,17.27568940255678
conservative,17.47160670133086
conservative,17.21032957165056
conservative,16.74375304343373
conservative,19.17622430034804
conservative,18.684387362716514
conservative,17.5455804179643
conservative,18.15986086926061
conservative,18.196494585587477
conservative,20.209662826752815
conservative,18.67460922919972
conservative,18.63673075161912
conservative,17.856002814406164
conservative,17.403533576534553
conservative,19.193459800851464
conservative,18.454933889111746
conservative,17.033575260308968
conservative,18.259312531562177
conservative,18.63935022802362
conservative,15.899740718117483
conservative,16.947782039520742
conservative,18.17018908749028
conservative,16.04868577440206
conservative,16.187528256631737
conservative,17.559388320586542
conservative,18.296300441248857
conservative,18.341796338592545
conservative,19.40048341169975
conservative,17.89851695106824
conservative,17.46208829030455
conservative,16.59660298203129
conservative,17.450721777323835
conservative,18.50978991570494
conservative,18.554776578117167
conservative,18.074663952169058
conservative,18.35099130313562
conservative,19.084135470089123
conservative,17.891797419234674
conservative,19.17759557079101
conservative,17.12915938558336
conservative,17.748646531934206
conservative,17.359669157687744
conservative,18.594668701279325
conservative,16.863103238566946
conservative,17.510472961915468
conservative,16.105353235640898
conservative,18.397633540487494
conservative,19.053819392808812
conservative,18.712907088792935
conservative,18.614578117139075
conservative,18.641367102527532
conservative,18.50200135607117
conservative,18.417426835988966
conservative,18.481361376475164
conservative,17.19539205147719
conservative,17.626605710463277
conservative,17.886966392908118
conservative,17.497205641635507
conservative,16.364458618502745
conservative,16.662046497171954
conservative,18.04106682389783
conservative,18.70795009552422
conservative,17.828561704792307
conservative,20.673163540609178
conservative,16.95020117632071
conservative,18.250562525804234
conservative,19.099334683419276
conservative,18.869334716788
conservative,18.45770441463018
conservative,18.873974578414856
conservative,17.872708499067937
conservative,19.484554963410442
conservative,19.091083324911782
conservative,17.012572866729467
conservative,18.13003056101077
conservative,16.38139323472037
conservative,19.337410515838776
conservative,18.035501638096186
conservative,19.158497366374895
conservative,17.713876636616707
conservative,16.10834058568898
conservative,20.532039408616715
conservative,17.945509477783006
conservative,16.87620151450116
conservative,18.950688191444907
conservative,19.87897132161332
conservative,17.62445449430305
conservative,17.72362126671544
conservative,18.04888771579189
conservative,16.774840065466528
conservative,17.162707883716827
conservative,19.609580213239763
conservative,17.69188412808652
conservative,17.026152003366008
conservative,17.386868769766437
conservative,18.87658017163987
conservative,16.00383591917445
conservative,18.0649893368349
conservative,20.339683465701484
conservative,19.87385046464019
conservative,18.37672279056422
conservative,19.125250201138044
conservative,19.115372340290744
conservative,17.697997661149934
conservative,18.72707147280052
conservative,19.616595605118775
conservative,16.636007598487975
conservative,18.380126500024915
conservative,18.168930853096356
conservative,17.91861808990355
conservative,17.833628562148597
conservative,18.042708087710142
conservative,18.12419338819089
conservative,18.92307183572107
conservative,18.281536979116773
conservative,17.648007038502136
conservative,17.02396271244028
conservative,17.367591624730622
conservative,18.071312459682115
conservative,17.148337313469096
conservative,18.748292448326406
conservative,18.235975838191127
conservative,18.948413153325433
conservative,17.211167878037163
conservative,17.032161948671757
conservative,18.9408106821419
conservative,17.944416055487274
conservative,17.624378833823293
conservative,18.50097445701161
conservative,18.464033051383403
conservative,16.64324697250158
conservative,19.19545504265755
conservative,17.426276828251737
conservative,19.52347086817231
conservative,16.572977106581195
conservative,18.125971562995495
conservative,17.640577222134407
conservative,16.004412548389894
conservative,18.460818809827515
conservative,16.049143565698024
conservative,17.539153940883715
conservative,18.908500426651813
conservative,17.31328436418809
conservative,16.964983485366414
conservative,18.602312488287605
conservative,17.5793959982544
conservative,17.43134449770316
conservative,19.082709326436788
conservative,16.723542948641818
conservative,17.37971756222461
conservative,18.668469448721957
conservative,16.664821488120616
conservative,19.602649970321306
conservative,17.610651679869555
conservative,18.67657415312649
conservative,18.674475309691204
conservative,17.672577733327156
conservative,17.36138834287703
conservative,17.777935263457138
conservative,18.514915784596067
conservative,16.888857920026275
conservative,16.69084662197944
conservative,19.29840091146867
conservative,17.121514859699936
conservative,18.161719513206613
conservative,17.62467870075497
conservative,17.667219044550592
conservative,19.242687743394484
conservative,17.73718791904547
conservative,17.477122391195916
conservative,17.56010069123086
conservative,17.338324455330817
conservative,17.18192372848072
conservative,17.342107072824938
conservative,19.484898725211035
conservative,18.513726978475116
conservative,17.488177739115642
conservative,18.784360001656136
conservative,16.34587741834061
conservative,19.186210247817094
conservative,19.1033913111867
conservative,20.09427872602953
conservative,18.814550791217446
conservative,18.243008947880778
conservative,19.09927083588635
conservative,17.22334880255114
conservative,17.440487209269705
conservative,17.757378182210726
conservative,19.17920566749808
conservative,17.009195400143103
conservative,16.911251465676035
conservative,18.04742587634765
conservative,18.51973600609661
conservative,17.151126064026936
conservative,18.472929935831313
conservative,19.178708837180658
conservative,19.00645647022979
conservative,18.160947859713453
conservative,17.73195353915896
conservative,19.560856072842885
conservative,17.834366667800662
conservative,18.742731577168474
conservative,19.79628029817654
conservative,18.63722975678322
conservative,16.87906310947822
conservative,16.65840918302784
conservative,17.533468512515785
conservative,18.511748454173553
conservative,18.250409342182962
conservative,20.062717352464585
conservative,18.240874789534274
conservative,17.505069769492707
conservative,16.75444080202932
conservative,18.986021742140835
conservative,17.81364055862456
conservative,16.418110689765637
conservative,17.840934745389262
conservative,16.88030535166465
conservative,17.41185060560372
conservative,17.82551172034408
conservative,16.963651306343763
conservative,17.353259816314633
conservative,17.11289042980546
conservative,17.13787852193764
conservative,16.8690327369384
conservative,17.357846109644573
conservative,16.973322440071662
conservative,18.389935412465558
conservative,18.012820223991877
conservative,19.0005899624922
conservative,19.720289183230285
conservative,18.47978461707964
conservative,18.25511610881154
conservative,18.54243723934947
conservative,18.27179346179322
conservative,17.867722968779862
conservative,17.79112295768667
conservative,16.85651424155459
conservative,18.640885628150812
conservative,17.789218473068534
conservative,19.262473913600054
conservative,18.717358566689068
conservative,17.223215624487544
conservative,19.05371782188103
conservative,15.502540620672033
conservative,19.76645982204739
conservative,16.568563392028338
conservative,18.299806943607784
conservative,18.233391322999278
conservative,18.92825851944617
conservative,17.50387469606153
conservative,15.856812248461004
conservative,17.505215691381807
conservative,17.608435295730104
conservative,15.940140267990653
conservative,17.863091149294526
conservative,16.806912959556843
conservative,18.451775002991823
conservative,17.582682811633024
conservative,19.799273165040304
conservative,17.57303061225727
conservative,18.23630505383401
conservative,17.614267686763576
conservative,16.31383040093769
conservative,17.62227469841198
conservative,18.555465514387823
conservative,18.405158695833244
conservative,17.53762729055152
conservative,16.462275406663537
conservative,18.44719028842035
conservative,18.22562759761517
conservative,18.645383324549933
conservative,17.555903326919093
conservative,16.259688043265143
conservative,18.337832999929365
conservative,17.81065633841471
conservative,19.202715070499508
conservative,17.847137042755055
conservative,17.775516747779406
conservative,18.22344277062041
conservative,17.250417905083783
conservative,17.205256893567764
conservative,17.724919473897963
conservative,16.94960761784964
conservative,17.59892766717129
conservative,19.776377640590315
conservative,18.845991503568584
conservative,18.11686106683433
conservative,19.368487216343876
conservative,17.03787957391029
conservative,20.37055427236943
conservative,17.378871502937645
conservative,19.844764512383005
conservative,19.84007020179888
conservative,16.198894087475445
conservative,19.280668587197134
conservative,17.5465538356267
conservative,17.277608417329706
conservative,18.32885057704333
conservative,16.869129249236376
conservative,18.30657524676089
conservative,16.930823468756678
conservative,17.98988790540616
conservative,19.14469972073659
conservative,18.193384148452004
conservative,17.47430446795372
conservative,18.345370221003954
conservative,16.50735922958167
conservative,17.024944763962363
conservative,17.407465059117573
conservative,18.588821727431338
conservative,18.212233882168764
conservative,18.33921813798686
conservative,17.793002738452753
conservative,17.0720090971029
conservative,19.302459660484864
conservative,17.156058157840995
conservative,18.22518942376073
conservative,17.711231021313964
conservative,18.366648321076088
conservative,17.24239362398818
conservative,18.8561620416311
conservative,19.188889953114323
conservative,18.794117506573585
conservative,17.971102498907552
conservative,17.40286992544508
conservative,20.736915128990518
conservative,16.884082395397805
conservative,18.683299191190308
conservative,18.140955938649142
conservative,17.759026664384603
conservative,17.997699572851023
conservative,17.331955037531394
conservative,18.233038170718824
conservative,18.125412401362052
conservative,20.576540875300775
conservative,18.874550722607395
conservative,18.320233416654386
conservative,18.379048543818257
conservative,19.67037585789184
conservative,16.903559521172934
conservative,17.643347910703746
conservative,16.063818378107666
conservative,18.362486469326218
conservative,18.650154197083054
conservative,16.880432102626113
conservative,19.247537217860277
conservative,17.136395960638914
conservative,17.490772463181326
conservative,17.93440805549748
conservative,19.41278349220248
conservative,17.007049909725435
conservative,18.10053101306144
conservative,18.57683125556527
conservative,18.37205212817511
conservative,18.40853124691589
conservative,18.56352728209698
conservative,17.29005788141243
conservative,19.51063751572288
conservative,17.71215092608324
conservative,17.58481634383628
conservative,19.157316489497667
conservative,17.218893474707574
conservative,18.12877476392295
conservative,17.13271094738097
conservative,20.40210240943131
conservative,20.17252326526802
conservative,17.713025769934667
conservative,18.324144584108197
conservative,17.824550191612172
conservative,17.484942107125747
conservative,17.93447122203395
conservative,17.78021954105596
conservative,16.405140760481626
conservative,18.073115054402255
conservative,17.77858451135388
conservative,18.120911648392525
conservative,17.744568242353832
conservative,17.473783993787702
conservative,18.67695807215964
conservative,18.337216658561623
conservative,19.2072172234476
conservative,18.299431079414468
conservative,17.629085156580622
conservative,18.419774342445468
conservative,15.999729741610526
conservative,19.95155045551356
conservative,18.08414178749374
conservative,20.038339036361776
conservative,16.99674253232412
conservative,16.768751162127185
conservative,18.173183790972438
conservative,18.169964555211557
conservative,18.146276296525652
conservative,17.99834067078133
conservative,17.221187475946493
conservative,16.436683829002387
conservative,18.092661915703463
conservative,16.61897730225601
conservative,16.533846341168257
conservative,17.454513813175133
conservative,18.236567273366923
conservative,19.827660964506833
conservative,18.78194213515041
conservative,19.245611433320885
conservative,18.456311365081667
conservative,18.17417979710816
conservative,20.387365739648214
conservative,16.58261953271632
conservative,17.423601664821778
conservative,17.497705489838477
conservative,18.69567508061945
conservative,16.895884535665473
conservative,18.56545122002469
conservative,18.38308736435886
conservative,18.615297867613968
conservative,18.597183782514485
conservative,19.354592268164165
conservative,17.77190013569378
conservative,18.33428534098487
conservative,17.119937417730178
conservative,16.908737655629658
conservative,19.591574652217172
conservative,17.049723125668475
conservative,18.444072860981947
conservative,18.33515675109161
conservative,18.98045725470494
